line_id,uom_name
116,PIECE
117,PIECE
119,PIECE
124,PIECE
125,PIECE
126,PIECE
127,PIECE
128,PIECE
129,PIECE
130,PIECE
133,PIECE
137,PIECE
138,PIECE
139,PIECE
144,PIECE
229,CARTON DE 6
231,PIECE
232,PIECE
233,PIECE
234,PIECE
235,PIECE
236,PIECE
237,PIECE
238,PIECE
239,PIECE
240,PIECE
241,PIECE
242,PIECE
243,PIECE
244,PIECE
246,PIECE
247,PIECE
248,PIECE
249,PIECE
250,PIECE
267,CARTON DE 750
280,CARTON DE 750
1048,CARTON DE 750
1065,CARTON DE 750
1216,CARTON DE 750
1224,CARTON DE 750
1228,CARTON DE 750
1229,CARTON DE 750
1230,CARTON DE 750
1231,CARTON DE 750
1276,CARTON DE 750
1768,CARTON DE 750
1792,CARTON DE 750
1846,CARTON DE 750
1868,CARTON DE 6
1888,CARTON DE 750
1959,PIECE
1974,CARTON DE 750
2007,CARTON DE 6
2014,CARTON DE 750
2024,CARTON DE 750
2026,PIECE
2027,PIECE
2062,CARTON DE 750
2092,CARTON DE 750
2107,CARTON DE 25
2110,CARTON DE 50
2161,CARTON DE 750
2166,PIECE
2180,CARTON DE 25
2183,PIECE
2184,PIECE
2196,PIECE
2218,CARTON DE 25
2242,CARTON DE 6
2296,PIECE
2311,CARTON DE 6
2340,CARTON DE 750
2389,CARTON DE 750
2416,CARTON DE 750
2429,CARTON DE 750
2488,PIECE
2490,CARTON DE 750
2517,PIECE
2518,PIECE
2533,CARTON DE 750
2547,CARTON DE 25
2550,CARTON DE 6
2573,CARTON DE 750
2578,CARTON DE 750
2591,CARTON DE 750
2625,CARTON DE 750
2677,CARTON DE 750
2698,CARTON DE 50
2772,CARTON DE 750
2810,CARTON DE 750
2811,PIECE
2812,PIECE
2813,PIECE
2814,PIECE
2815,PIECE
2828,CARTON DE 750
2910,PIECE
2919,CARTON DE 750
2958,PIECE
2959,PIECE
2960,PIECE
2961,PIECE
2977,PIECE
2978,PIECE
3101,CARTON DE 750
3102,CARTON DE 6
3150,CARTON DE 750
3151,CARTON DE 6
3214,PIECE
3215,PIECE
3216,PIECE
3247,CARTON DE 750
3266,PIECE
3283,PIECE
3284,PIECE
3287,PIECE
3288,PIECE
3289,FLOWPACK
3290,PIECE
3299,CARTON DE 750
3318,CARTON DE 750
3331,CARTON DE 200
3355,CARTON DE 100
3383,CARTON DE 750
3473,PIECE
3493,CARTON DE 750
3532,CARTON DE 750
3536,CARTON DE 750
3538,CARTON DE 750
3542,CARTON DE 750
3548,CARTON DE 6
3609,1
3620,PIECE
3674,1
3698,PIECE
3699,PIECE
3700,PIECE
3701,PIECE
3742,CARTON DE 750
3745,CARTON DE 6
3750,CARTON DE 6
3767,PIECE
3768,PIECE
3778,PIECE
3822,CARTON DE 750
3844,1
3903,PIECE
3904,PIECE
3905,PIECE
3906,PIECE
3907,PIECE
3908,SACHET DE 10
3909,SACHET DE 10
3910,SACHET DE 10
3913,PIECE
3914,PIECE
3915,SACHET DE 10
3921,PIECE
3922,PIECE
3932,CARTON DE 750
3967,PIECE
4011,CARTON DE 750
4041,CARTON DE 750
4081,CARTON DE 140
4086,CARTON DE 750
4127,CARTON DE 750
4131,CARTON DE 200
4193,CARTON DE 750
4202,CARTON DE 6
4212,CARTON DE 750
4214,CARTON DE 750
4217,PIECE
4271,CARTON DE 750
4274,CARTON DE 6
4275,CARTON DE 6
4316,CARTON DE 750
4348,PIECE
4362,CARTON DE 750
4377,CARTON DE 6
4381,CARTON DE 6
4385,CARTON DE 750
4403,CARTON DE 750
4406,CARTON DE 750
4422,CARTON DE 750
4457,PIECE
4463,CARTON DE 750
4467,1
4488,CARTON DE 750
4490,CARTON DE 750
4515,CARTON DE 6
4549,CARTON DE 750
4550,CARTON DE 750
4551,CARTON DE 750
4555,CARTON DE 6
4564,CARTON DE 25
4566,PIECE
4573,1
4574,PIECE
4575,PIECE
4576,PIECE
4577,PIECE
4578,PIECE
4579,PIECE
4580,PIECE
4581,PIECE
4588,CARTON DE 750
4589,CARTON DE 6
4618,CARTON DE 6
4636,CARTON DE 750
4642,CARTON DE 750
4669,CARTON DE 750
4671,CARTON DE 200
4767,CARTON DE 750
4818,PIECE
4827,CARTON DE 25
4834,CARTON DE 750
4849,CARTON DE 6
4850,PIECE
4851,PIECE
4856,PIECE
4961,CARTON DE 25
4993,PIECE
4994,PIECE
5034,CARTON DE 750
5054,CARTON DE 750
5057,CARTON DE 750
5088,PIECE
5097,PIECE
5099,PIECE
5113,CARTON DE 750
5116,CARTON DE 750
5183,CARTON DE 750
5303,1
5316,PIECE
5317,PIECE
5318,PIECE
5319,PIECE
5320,PIECE
5321,PIECE
5322,PIECE
5332,CARTON DE 750
5338,PIECE
5345,PIECE
5350,PIECE
5351,PIECE
5352,PIECE
5353,PIECE
5354,PIECE
5356,PIECE
5357,PIECE
5358,PIECE
5359,PIECE
5361,PIECE
5362,PIECE
5363,PIECE
5364,PIECE
5365,PIECE
5371,PIECE
5372,SACHET DE 100
5373,PIECE
5374,PIECE
5375,PIECE
5376,PIECE
5377,PIECE
5378,BOITE DE 50
5394,PIECE
5395,BOITE DE 60
5396,PIECE
5397,BOITE DE 25
5398,BOITE DE 50
5399,BOITE DE 50
5400,PIECE
5401,PIECE
5402,PIECE
5403,BOITE DE 50
5404,BOITE DE 50
5405,PIECE
5406,PIECE
5407,PIECE
5408,SACHET DE 25
5409,SACHET DE 50
5410,PIECE
5411,PIECE
5412,PIECE
5413,PIECE
5414,PIECE
5415,PIECE
5416,PIECE
5417,PIECE
5418,PIECE
5419,PIECE
5420,PIECE
5421,38
5422,72
5423,66
5424,58
5425,PIECE
5426,PIECE
5427,PIECE
5428,PIECE
5429,SACHET DE 24
5430,PIECE
5431,PIECE
5433,PIECE
5434,PIECE
5435,PIECE
5436,PIECE
5437,PIECE
5471,SACHET DE 20
5474,50
5484,BOITE DE 50
5485,BOITE DE 40
5511,CARTON DE 750
5604,PIECE
5605,PIECE
5606,PIECE
5607,PIECE
5608,PIECE
5612,CARTON DE 6
5622,PIECE
5623,PIECE
5628,PIECE
5629,PIECE
5630,PIECE
5631,PIECE
5632,PIECE
5633,PIECE
5634,PIECE
5635,BOITE
5636,BOITE
5637,BOITE
5638,BOITE
5639,BOITE
5640,BOITE
5641,BOITE
5642,BOITE
5644,CARTON DE 750
5667,CARTON DE 750
5681,CARTON DE 25
5683,CARTON DE 50
5699,PIECE
5702,CARTON DE 6
5728,CARTON DE 750
5729,PIECE
5735,CARTON DE 6
5798,CARTON DE 750
5810,CARTON DE 50
5892,PIECE
5896,CARTON DE 750
5953,CARTON DE 750
5955,CARTON DE 750
5980,CARTON DE 6
5983,66
6019,CARTON DE 750
6025,CARTON DE 6
6046,PIECE
6074,CARTON DE 25
6078,CARTON DE 6
6086,PIECE
6121,CARTON DE 750
6138,CARTON DE 750
6159,CARTON DE 500
6186,1
6217,SACHET DE 5
6221,PIECE
6222,1
6224,CARTON DE 750
6252,CARTON DE 750
6302,CARTON DE 6
6320,CARTON DE 750
6358,CARTON DE 750
6461,PIECE
6462,SACHET DE 50
6463,PIECE
6464,PIECE
6465,PIECE
6466,PIECE
6523,CARTON DE 6
6538,CARTON DE 750
6565,CARTON DE 25
6582,1
6584,PIECE
6585,PIECE
6586,PIECE
6587,PIECE
6620,CARTON DE 750
6661,CARTON DE 750
6684,CARTON DE 25
6688,CARTON DE 6
6705,CARTON DE 750
6710,PIECE
6729,PIECE
6730,BOITE
6737,CARTON DE 750
6768,CARTON DE 6
6773,PIECE
6774,PIECE
6778,PIECE
6794,CARTON DE 750
6823,CARTON DE 6
6845,CARTON DE 750
6970,PIECE
6971,PIECE
6989,CARTON DE 750
7039,CARTON DE 750
7046,PIECE
7047,PIECE
7048,PIECE
7049,PIECE
7050,PIECE
7051,PIECE
7052,PIECE
7053,PIECE
7118,SACHET DE 100
7119,SACHET DE 10
7125,CARTON DE 6
7149,CARTON DE 750
7180,PIECE
7182,CARTON DE 750
7212,PIECE
7235,CARTON DE 6
7249,CARTON DE 750
7297,CARTON DE 750
7356,CARTON DE 25
7430,CARTON DE 750
7440,CARTON DE 750
7457,SACHET DE 20
7458,SACHET DE 14
7459,SACHET DE 14
7460,SACHET DE 20
7461,SACHET DE 20
7462,SACHET DE 15
7463,PIECE
7466,PIECE
7467,PIECE
7468,PIECE
7469,PIECE
7470,PIECE
7471,PIECE
7472,PIECE
7473,PIECE
7474,PIECE
7475,PIECE
7476,FLOWPACK
7477,SACHET DE 50
7478,PIECE
7479,BOITE
7480,BOITE
7481,BOITE
7482,BOITE
7483,PIECE
7484,PIECE
7485,PIECE
7486,PIECE
7487,PIECE
7488,PIECE
7490,PIECE
7491,PIECE
7492,PIECE
7493,PIECE
7494,PIECE
7495,PIECE
7497,PIECE
7498,PIECE
7499,PIECE
7500,PIECE
7513,FLOWPACK
7514,PIECE
7515,PIECE
7574,CARTON DE 750
7593,CARTON DE 6
7615,CARTON DE 750
7637,CARTON DE 750
7638,PIECE
7639,PIECE
7712,CARTON DE 750
7729,PIECE
7730,PIECE
7731,PIECE
7732,PIECE
7734,CARTON DE 750
7763,CARTON DE 750
7776,CARTON DE 750
7802,CARTON DE 750
7805,FLOWPACK
7806,PIECE
7807,PIECE
7828,CARTON DE 25
7837,CARTON DE 750
7843,PIECE
7844,PIECE
7870,PIECE
7872,PIECE
7873,PIECE
7874,PIECE
7877,PIECE
7880,PIECE
7881,PIECE
7882,PIECE
7906,CARTON DE 25
7913,PIECE
7941,CARTON DE 750
7984,SACHET DE 20
7985,SACHET DE 18
7986,SACHET DE 50
7992,CARTON DE 750
8014,CARTON DE 750
8021,CARTON DE 750
8022,CARTON DE 750
8023,CARTON DE 750
8025,CARTON DE 6
8100,CARTON DE 750
8106,1
8115,CARTON DE 750
8121,SACHET DE 12
8122,SACHET DE 50
8130,SACHET DE 30
8131,SACHET DE 28
8132,SACHET DE 22
8133,SACHET DE 14
8152,CARTON DE 750
8200,CARTON DE 750
8201,CARTON DE 750
8230,SACHET DE 20
8231,SACHET DE 20
8232,SACHET DE 20
8233,SACHET DE 20
8234,SACHET DE 15
8235,SACHET DE 15
8236,SACHET DE 20
8237,SACHET DE 20
8247,CARTON DE 750
8251,CARTON DE 6
8271,CARTON DE 25
8288,CARTON DE 750
8316,CARTON DE 750
8341,CARTON DE 750
8342,PIECE
8343,CARTON DE 6
8346,CARTON DE 750
8354,PIECE
8355,PIECE
8357,PIECE
8358,PIECE
8359,BOITE
8360,PIECE
8361,PIECE
8362,PIECE
8363,PIECE
8367,PIECE
8368,PIECE
8369,PIECE
8371,PIECE
8372,PIECE
8373,BOITE
8374,PIECE
8375,PIECE
8376,PIECE
8377,PIECE
8381,PIECE
8382,PIECE
8383,PIECE
8390,CARTON DE 750
8395,PIECE
8431,CARTON DE 750
8470,CARTON DE 750
8471,BOITE
8503,CARTON DE 6
8510,1
8525,CARTON DE 750
8536,PIECE
8537,PIECE
8538,PIECE
8539,PIECE
8540,PIECE
8541,PIECE
8546,SACHET DE 20
8547,SACHET DE 50
8548,SACHET DE 50
8549,SACHET DE 60
8550,SACHET DE 30
8553,SACHET DE 20
8554,SACHET DE 50
8555,SACHET DE 50
8556,SACHET DE 60
8557,SACHET DE 25
8567,SACHET DE 28
8568,SACHET DE 18
8569,SACHET DE 20
8570,SACHET DE 20
8571,SACHET DE 14
8572,SACHET DE 15
8573,SACHET DE 20
8574,BOITE
8575,PIECE
8576,PIECE
8577,PIECE
8587,CARTON DE 750
8627,CARTON DE 750
8629,PIECE
8630,PIECE
8631,PIECE
8632,PIECE
8633,PIECE
8634,BOITE
8635,BOITE
8636,BOITE
8637,BOITE
8638,BOITE
8639,PIECE
8640,PIECE
8641,SACHET DE 50
8655,PIECE
8658,PIECE
8680,CARTON DE 750
8681,CARTON DE 6
8683,CARTON DE 750
8763,CARTON DE 750
8777,CARTON DE 750
8784,CARTON DE 750
8804,CARTON DE 750
8876,PIECE
8889,PIECE
8890,PIECE
8910,BOITE
8933,CARTON DE 750
8945,PIECE
8953,PIECE
8954,PIECE
8955,PIECE
8956,PIECE
8957,SACHET DE 50
8958,PIECE
8959,PIECE
8960,PIECE
8961,PIECE
8962,PIECE
8963,PIECE
8964,BOITE
8965,BOITE
8966,BOITE
8967,BOITE
8974,CARTON DE 750
8999,PIECE
9063,PIECE
9087,SACHET DE 27
9088,SACHET DE 28
9089,PIECE
9090,SACHET DE 14
9091,PIECE
9092,PIECE
9093,SACHET DE 20
9094,PIECE
9095,PIECE
9096,SACHET DE 14
9097,PIECE
9098,SACHET DE 20
9099,PIECE
9100,SACHET DE 20
9101,SACHET DE 15
9102,PIECE
9103,SACHET DE 20
9104,PIECE
9105,PIECE
9106,PIECE
9107,BOITE
9108,BOITE
9110,PIECE
9111,PIECE
9112,PIECE
9113,SACHET DE 50
9162,CARTON DE 750
9178,SACHET DE 16
9187,CARTON DE 6
9207,PIECE
9208,PIECE
9209,SACHET DE 50
9210,PIECE
9211,SACHET DE 14
9212,SACHET DE 14
9213,SACHET DE 20
9214,SACHET DE 15
9215,SACHET DE 15
9216,SACHET DE 20
9217,PIECE
9218,PIECE
9226,CARTON DE 750
9228,CARTON DE 750
9246,PIECE
9256,PIECE
9257,PIECE
9258,PIECE
9259,PIECE
9260,PIECE
9266,PIECE
9269,CARTON DE 750
9291,CARTON DE 750
9300,CARTON DE 750
9305,CARTON DE 500
9309,CARTON DE 750
9343,CARTON DE 6
9368,CARTON DE 50
9400,CARTON DE 200
9411,BOITE
9417,PIECE
9422,PIECE
9423,PIECE
9424,PIECE
9425,PIECE
9426,PIECE
9427,PIECE
9428,PIECE
9429,PIECE
9437,CARTON DE 750
9456,PIECE
9484,SACHET DE 50
9485,SACHET DE 50
9486,SACHET DE 50
9487,PIECE
9488,PIECE
9489,FLOWPACK
9490,PIECE
9531,CARTON DE 750
9534,CARTON DE 6
9535,SACHET DE 50
9536,SACHET DE 50
9537,PIECE
9538,SACHET DE 60
9539,PIECE
9540,PIECE
9541,PIECE
9544,SACHET DE 30
9545,SACHET DE 28
9546,SACHET DE 28
9547,SACHET DE 24
9548,SACHET DE 22
9556,CARTON DE 750
9560,CARTON DE 750
9570,CARTON DE 25
9571,PIECE
9572,PIECE
9573,PIECE
9585,PIECE
9586,PIECE
9587,BOITE
9610,SACHET DE 16
9612,CARTON DE 750
9628,1
9631,PIECE
9632,PIECE
9633,PIECE
9634,PIECE
9635,PIECE
9636,PIECE
9637,PIECE
9638,PIECE
9639,PIECE
9640,PIECE
9641,PIECE
9642,PIECE
9643,PIECE
9644,PIECE
9645,PIECE
9646,PIECE
9648,CARTON DE 750
9670,PIECE
9671,PIECE
9677,CARTON DE 750
9679,CARTON DE 6
9699,PIECE
9703,1
9719,CARTON DE 25
9738,CARTON DE 750
9751,PIECE
9784,PIECE
9785,72
9787,PIECE
9788,PIECE
9789,PIECE
9790,PIECE
9791,PIECE
9792,66
9795,SACHET DE 20
9806,PIECE
9828,CARTON DE 25
9837,PIECE
9846,PIECE
9847,PIECE
9848,PIECE
9849,PIECE
9850,PIECE
9851,PIECE
9852,PIECE
9853,PIECE
9855,PIECE
9856,PIECE
9857,PIECE
9858,PIECE
9859,PIECE
9860,PIECE
9861,PIECE
9862,PIECE
9863,PIECE
9864,PIECE
9865,PIECE
9866,PIECE
9895,CARTON DE 750
9914,CARTON DE 750
9917,PIECE
9918,PIECE
9922,PIECE
9923,CARTON DE 750
9928,CARTON DE 750
9939,CARTON DE 750
9959,CARTON DE 200
9970,CARTON DE 750
9973,PIECE
9974,CARTON DE 6
10001,PIECE
10015,PIECE
10017,CARTON DE 750
10023,CARTON DE 750
10024,CARTON DE 750
10105,CARTON DE 6
10119,PIECE
10120,PIECE
10121,PIECE
10122,PIECE
10123,PIECE
10124,PIECE
10125,PIECE
10126,PIECE
10127,PIECE
10128,PIECE
10129,PIECE
10130,PIECE
10131,PIECE
10132,PIECE
10133,PIECE
10134,PIECE
10135,PIECE
10136,PIECE
10137,PIECE
10147,CARTON DE 6
10152,PIECE
10172,PIECE
10187,1
10224,CARTON DE 750
10234,CARTON DE 50
10327,CARTON DE 750
10353,CARTON DE 750
10374,CARTON DE 6
10387,CARTON DE 750
10401,CARTON DE 750
10406,PIECE
10407,PIECE
10408,PIECE
10409,PIECE
10410,PIECE
10411,PIECE
10423,PIECE
10458,CARTON DE 750
10467,CARTON DE 750
10474,CARTON DE 750
10480,CARTON DE 750
10484,CARTON DE 750
10498,PIECE
10514,CARTON DE 750
10516,PIECE
10601,PIECE
10602,PIECE
10604,PIECE
10605,PIECE
10612,CARTON DE 750
10633,CARTON DE 25
10636,CARTON DE 50
10695,SACHET DE 20
10696,SACHET DE 18
10720,CARTON DE 750
10745,PIECE
10754,CARTON DE 750
10768,CARTON DE 750
10786,CARTON DE 750
10800,PIECE
10803,PIECE
10854,CARTON DE 6
10918,CARTON DE 750
10922,1
10924,1
10928,CARTON DE 750
10941,BOITE
10942,BOITE
10943,BOITE
10944,BOITE
10945,PIECE
10946,PIECE
10947,PIECE
10986,CARTON DE 750
10992,PIECE
10993,PIECE
11012,CARTON DE 750
11022,CARTON DE 750
11029,PIECE
11030,PIECE
11031,PIECE
11032,PIECE
11033,PIECE
11034,PIECE
11035,PIECE
11037,PIECE
11038,PIECE
11039,PIECE
11045,CARTON DE 200
11054,PIECE
11055,PIECE
11056,PIECE
11057,BOITE
11058,BOITE
11059,BOITE
11060,BOITE
11062,PIECE
11063,PIECE
11064,PIECE
11065,PIECE
11066,PIECE
11067,PIECE
11068,PIECE
11069,PIECE
11070,PIECE
11071,PIECE
11079,CARTON DE 750
11088,1
11109,1
11162,PIECE
11163,PIECE
11169,PIECE
11174,PIECE
11175,PIECE
11176,PIECE
11187,PIECE
11188,PIECE
11314,CARTON DE 6
11316,CARTON DE 750
11323,PIECE
11349,PIECE
11363,CARTON DE 750
11394,SACHET DE 20
11395,SACHET DE 20
11396,SACHET DE 15
11397,SACHET DE 14
11398,SACHET DE 14
11399,SACHET DE 14
11400,SACHET DE 12
11401,SACHET DE 16
11402,SACHET DE 32
11403,SACHET DE 30
11404,SACHET DE 28
11405,SACHET DE 24
11421,SACHET DE 20
11422,SACHET DE 20
11423,SACHET DE 40
11424,SACHET DE 14
11425,25
11426,SACHET DE 12
11427,FLOWPACK
11428,SACHET DE 32
11453,PIECE
11506,SACHET DE 15
11568,CARTON DE 750
11574,CARTON DE 750
11586,CARTON DE 750
11599,PIECE
11600,PIECE
11601,SACHET DE 20
11602,PIECE
11603,SACHET DE 14
11604,PIECE
11605,SACHET DE 40
11606,PIECE
11607,PIECE
11608,SACHET DE 14
11609,PIECE
11610,SACHET DE 12
11611,PIECE
11612,SACHET DE 20
11613,PIECE
11614,SACHET DE 10
11616,PIECE
11626,PIECE
11658,PIECE
11659,PIECE
11660,PIECE
11661,PIECE
11734,PIECE
11735,PIECE
11736,PIECE
11737,FLOWPACK
11783,CARTON DE 750
11796,CARTON DE 6
11807,CARTON DE 750
11815,CARTON DE 6
11845,PIECE
11846,PIECE
11874,PIECE
11875,PIECE
11883,CARTON DE 750
11895,CARTON DE 6
11906,PIECE
11907,PIECE
11908,PIECE
11910,PIECE
11913,CARTON DE 750
11958,PIECE
11980,CARTON DE 750
11984,PIECE
11985,PIECE
11988,PIECE
11991,CARTON DE 6
11995,PIECE
11996,PIECE
12027,PIECE
12028,PIECE
12029,PIECE
12030,PIECE
12031,PIECE
12032,PIECE
12037,BOITE
12038,BOITE
12039,BOITE
12040,BOITE
12050,CARTON DE 750
12089,CARTON DE 750
12097,CARTON DE 750
12099,CARTON DE 750
12113,CARTON DE 750
12117,PIECE
12119,PIECE
12120,PIECE
12160,CARTON DE 750
12165,PIECE
12195,PIECE
12204,BOITE
12205,BOITE
12206,BOITE
12207,SACHET DE 50
12208,SACHET DE 50
12215,CARTON DE 6
12216,PIECE
12237,SACHET DE 20
12238,SACHET DE 18
12240,CARTON DE 750
12243,1
12259,CARTON DE 750
12260,CARTON DE 750
12264,PIECE
12276,PIECE
12287,BOITE DE 50
12288,BOITE DE 50
12289,BOITE DE 25
12290,BOITE DE 25
12291,PIECE
12294,CARTON DE 750
12313,CARTON DE 750
12319,PIECE
12334,SACHET DE 50
12335,SACHET DE 50
12336,FLOWPACK
12337,BOITE
12338,BOITE
12339,PIECE
12340,PIECE
12341,PIECE
12342,PIECE
12343,PIECE
12344,PIECE
12345,PIECE
12346,PIECE
12347,PIECE
12348,PIECE
12349,PIECE
12350,PIECE
12365,CARTON DE 750
12371,PIECE
12372,PIECE
12396,CARTON DE 750
12403,CARTON DE 750
12415,CARTON DE 750
12421,CARTON DE 750
12425,PIECE
12426,10
12427,PIECE
12428,PIECE
12431,CARTON DE 750
12434,1
12470,PIECE
12471,PIECE
12472,PIECE
12512,CARTON DE 750
12513,PIECE
12523,CARTON DE 750
12525,CARTON DE 750
12527,FLOWPACK
12528,PIECE
12529,PIECE
12530,PIECE
12531,PIECE
12532,PIECE
12533,PIECE
12534,PIECE
12535,PIECE
12548,BOITE
12549,BOITE
12550,PIECE
12551,SACHET DE 50
12552,SACHET DE 50
12553,PIECE
12554,PIECE
12555,PIECE
12556,FLOWPACK
12557,PIECE
12558,PIECE
12559,PIECE
12560,BOITE
12561,BOITE
12571,PIECE
12593,BOITE
12594,BOITE
12595,PIECE
12596,SACHET DE 28
12597,PIECE
12606,PIECE
12607,PIECE
12608,PIECE
12609,PIECE
12610,PIECE
12611,PIECE
12612,PIECE
12613,PIECE
12614,PIECE
12615,PIECE
12616,PIECE
12617,PIECE
12618,PIECE
12619,PIECE
12620,PIECE
12621,PIECE
12622,SACHET DE 27
12623,SACHET DE 32
12624,SACHET DE 30
12625,SACHET DE 24
12626,SACHET DE 22
12627,PIECE
12628,PIECE
12629,PIECE
12630,PIECE
12631,PIECE
12632,PIECE
12633,PIECE
12634,PIECE
12635,PIECE
12637,PIECE
12638,PIECE
12639,SACHET DE 20
12640,FLOWPACK
12641,PIECE
12642,PIECE
12644,PIECE
12645,PIECE
12646,PIECE
12647,PIECE
12675,CARTON DE 750
12702,PIECE
12703,PIECE
12704,PIECE
12705,PIECE
12706,PIECE
12707,PIECE
12708,PIECE
12709,FLOWPACK
12715,PIECE
12716,PIECE
12717,PIECE
12718,PIECE
12719,PIECE
12720,PIECE
12721,PIECE
12722,PIECE
12723,PIECE
12724,PIECE
12725,PIECE
12726,PIECE
12727,PIECE
12728,PIECE
12729,PIECE
12730,PIECE
12731,PIECE
12732,PIECE
12762,CARTON DE 50
12782,PIECE
12783,PIECE
12784,PIECE
12785,PIECE
12813,CARTON DE 750
12821,CARTON DE 6
12823,CARTON DE 750
12825,PIECE
12849,CARTON DE 6
12886,PIECE
12887,PIECE
12898,PIECE
12966,CARTON DE 6
12973,BOITE
12974,BOITE
12975,BOITE
12976,BOITE
12977,PIECE
13010,CARTON DE 6
13031,PIECE
13061,PIECE
13062,PIECE
13072,PIECE
13073,PIECE
13080,CARTON DE 25
13085,PIECE
13086,PIECE
13087,PIECE
13088,BOITE
13089,BOITE
13090,PIECE
13091,PIECE
13092,PIECE
13093,PIECE
13094,PIECE
13097,CARTON DE 25
13186,CARTON DE 6
13253,SACHET DE 32
13254,SACHET DE 30
13255,SACHET DE 28
13256,SACHET DE 24
13257,SACHET DE 22
13258,SACHET DE 18
13259,SACHET DE 16
13260,SACHET DE 14
13261,PIECE
13301,PIECE
13327,CARTON DE 6
13331,CARTON DE 750
13345,CARTON DE 750
13346,PIECE
13347,PIECE
13348,PIECE
13349,PIECE
13350,PIECE
13351,PIECE
13352,PIECE
13353,CARTON DE 750
13366,CARTON DE 6
13375,CARTON DE 750
13379,PIECE
13413,PIECE
13424,CARTON DE 750
13446,BOITE
13465,CARTON DE 750
13468,PIECE
13482,PIECE
13483,PIECE
13484,PIECE
13485,PIECE
13486,PIECE
13517,CARTON DE 750
13520,SACHET DE 20
13521,SACHET DE 20
13522,SACHET DE 15
13523,SACHET DE 14
13524,SACHET DE 14
13525,SACHET DE 14
13526,PIECE
13527,PIECE
13528,PIECE
13529,PIECE
13530,PIECE
13531,PIECE
13532,PIECE
13533,SACHET DE 14
13534,SACHET DE 20
13535,SACHET DE 20
13536,SACHET DE 15
13544,CARTON DE 750
13549,PIECE
13551,PIECE
13552,PIECE
13553,PIECE
13558,CARTON DE 750
13579,PIECE
13580,PIECE
13655,PIECE
13660,CARTON DE 6
13668,PIECE
13691,PIECE
13692,PIECE
13713,CARTON DE 750
13728,BOITE
13734,CARTON DE 6
13737,CARTON DE 750
13758,CARTON DE 750
13773,PIECE
13774,PIECE
13775,PIECE
13776,PIECE
13777,PIECE
13778,PIECE
13779,PIECE
13843,1
13914,CARTON DE 750
13933,CARTON DE 6
13940,CARTON DE 750
13943,CARTON DE 750
13960,CARTON DE 50
13987,CARTON DE 750
14006,CARTON DE 750
14015,PIECE
14016,SACHET DE 14
14017,PIECE
14044,CARTON DE 750
14092,CARTON DE 750
14104,CARTON DE 6
14118,PIECE
14143,PIECE
14147,PIECE
14148,PIECE
14149,PIECE
14150,PIECE
14151,PIECE
14152,PIECE
14153,PIECE
14154,FLOWPACK
14156,BOITE DE 50
14163,1
14181,1
14184,PIECE
14215,1
14291,PIECE
14292,PIECE
14293,PIECE
14294,PIECE
14295,PIECE
14297,PIECE
14314,PIECE
14315,PIECE
14359,CARTON DE 750
14373,CARTON DE 6
14378,PIECE
14380,PIECE
14381,FLOWPACK
14382,PIECE
14396,CARTON DE 6
14399,CARTON DE 750
14414,SACHET DE 25
14415,BOITE
14416,BOITE
14431,CARTON DE 750
14462,PIECE
14463,PIECE
14464,PIECE
14465,SACHET DE 50
14466,SACHET DE 50
14467,PIECE
14468,PIECE
14469,PIECE
14470,PIECE
14479,CARTON DE 750
14496,CARTON DE 6
14508,CARTON DE 6
14512,PIECE
14513,PIECE
14514,PIECE
14515,PIECE
14522,CARTON DE 750
14558,SACHET DE 20
14559,SACHET DE 20
14560,SACHET DE 40
14561,SACHET DE 15
14562,SACHET DE 20
14563,SACHET DE 40
14588,CARTON DE 750
14638,PIECE
14647,PIECE
14681,CARTON DE 750
14683,CARTON DE 6
14691,PIECE
14708,CARTON DE 750
14714,PIECE
14716,PIECE
14717,PIECE
14718,PIECE
14719,PIECE
14726,CARTON DE 6
14751,CARTON DE 750
14767,CARTON DE 750
14787,CARTON DE 750
14811,CARTON DE 500
14835,CARTON DE 750
14842,CARTON DE 750
14853,SACHET DE 32
14854,SACHET DE 30
14855,SACHET DE 28
14856,SACHET DE 24
14875,CARTON DE 750
14881,CARTON DE 750
14882,CARTON DE 6
14902,PIECE
14906,CARTON DE 750
14909,PIECE
14928,PIECE
14938,CARTON DE 6
14965,PIECE
14967,PIECE
14968,PIECE
14969,PIECE
14970,PIECE
14971,PIECE
14972,PIECE
14973,BOITE
14974,BOITE
14978,CARTON DE 750
14991,1
15006,PIECE
15018,1
15020,PIECE
15021,PIECE
15022,BOITE
15023,BOITE
15024,BOITE
15064,CARTON DE 25
15106,CARTON DE 750
15134,CARTON DE 750
15164,BOITE DE 40
15174,1
15179,1
15185,PIECE
15187,PIECE
15188,PIECE
15189,PIECE
15190,PIECE
15191,PIECE
15192,PIECE
15193,PIECE
15194,PIECE
15195,PIECE
15196,PIECE
15197,PIECE
15198,PIECE
15199,PIECE
15200,PIECE
15201,PIECE
15202,PIECE
15203,PIECE
15204,PIECE
15226,CARTON DE 6
15260,CARTON DE 25
15313,1
15315,SACHET DE 30
15316,SACHET DE 28
15317,FLOWPACK
15318,SACHET DE 20
15319,CARTON DE 750
15350,CARTON DE 750
15370,CARTON DE 750
15373,CARTON DE 6
15388,PIECE
15406,CARTON DE 750
15434,PIECE
15435,PIECE
15436,PIECE
15448,PIECE
15463,CARTON DE 750
15469,CARTON DE 750
15495,CARTON DE 750
15520,CARTON DE 6
15533,PIECE
15535,CARTON DE 750
15600,CARTON DE 750
15610,PIECE
15620,1
15634,CARTON DE 750
15644,CARTON DE 750
15645,CARTON DE 750
15660,PIECE
15665,CARTON DE 750
15677,CARTON DE 750
15682,PIECE
15683,PIECE
15714,PIECE
15718,CARTON DE 750
15721,1
15773,CARTON DE 6
15778,CARTON DE 6
15779,CARTON DE 750
15786,CARTON DE 750
15798,CARTON DE 6
15809,1
15813,PIECE
15814,PIECE
15854,CARTON DE 750
15855,CARTON DE 6
15859,PIECE
15860,PIECE
15861,PIECE
15862,PIECE
15863,FLOWPACK
15864,PIECE
15873,PIECE
15874,PIECE
15877,FLOWPACK
15878,PIECE
15879,PIECE
15880,SACHET DE 28
15881,BOITE DE 40
15882,BOITE DE 50
15929,PIECE
15930,PIECE
15931,PIECE
15932,PIECE
15933,PIECE
15939,PIECE
15987,CARTON DE 6
15999,CARTON DE 750
16000,CARTON DE 750
16006,CARTON DE 750
16008,CARTON DE 750
16009,CARTON DE 750
16013,CARTON DE 750
16016,CARTON DE 6
16024,CARTON DE 750
16030,PIECE
16032,CARTON DE 750
16035,CARTON DE 750
16054,PIECE
16056,CARTON DE 750
16062,CARTON DE 6
16065,CARTON DE 750
16105,CARTON DE 750
16142,CARTON DE 750
16145,PIECE
16147,PIECE
16148,PIECE
16149,PIECE
16151,CARTON DE 6
16162,CARTON DE 750
16186,CARTON DE 750
16190,66
16191,SACHET DE 18
16192,SACHET DE 28
16193,SACHET DE 18
16197,CARTON DE 750
16208,CARTON DE 50
16220,CARTON DE 6
16269,PIECE
16270,PIECE
16271,PIECE
16287,CARTON DE 750
16309,CARTON DE 750
16317,PIECE
16318,PIECE
16341,PIECE
16342,PIECE
16344,BOITE DE 40
16345,BOITE DE 40
16346,BOITE DE 40
16347,BOITE DE 40
16348,PIECE
16349,PIECE
16350,PIECE
16351,PIECE
16354,PIECE
16355,PIECE
16358,CARTON DE 750
16361,SACHET DE 20
16362,SACHET DE 50
16366,PIECE
16368,BOITE DE 50
16385,PIECE
16406,CARTON DE 6
16433,CARTON DE 25
16443,CARTON DE 750
16449,CARTON DE 750
16456,CARTON DE 750
16489,CARTON DE 750
16538,CARTON DE 750
16545,PIECE
16546,PIECE
16559,CARTON DE 750
16573,CARTON DE 750
16608,CARTON DE 6
16680,PIECE
16730,SACHET DE 100
16745,PIECE
16746,PIECE
16747,PIECE
16788,CARTON DE 750
16796,CARTON DE 6
16800,PIECE
16817,PIECE
16825,PIECE
16826,PIECE
16838,BOITE DE 40
16844,CARTON DE 25
16845,CARTON DE 50
16857,CARTON DE 25
16912,PIECE
16915,PIECE
16918,PIECE
16919,PIECE
16920,PIECE
16921,PIECE
16955,CARTON DE 750
16962,CARTON DE 6
16974,PIECE
16975,CARTON DE 750
16987,CARTON DE 750
17037,CARTON DE 750
17062,FLOWPACK
17063,BOITE DE 50
17064,PIECE
17065,BOITE DE 50
17070,CARTON DE 750
17133,CARTON DE 750
17139,PIECE
17159,PIECE
17177,PIECE
17178,PIECE
17198,CARTON DE 6
17220,SACHET DE 50
17221,SACHET DE 50
17281,CARTON DE 750
17302,CARTON DE 750
17312,CARTON DE 750
17356,PIECE
17357,PIECE
17358,PIECE
17359,PIECE
17360,PIECE
17361,PIECE
17362,PIECE
17363,PIECE
17364,PIECE
17365,PIECE
17397,PIECE
17429,CARTON DE 750
17430,PIECE
17442,PIECE
17443,PIECE
17444,PIECE
17445,PIECE
17446,PIECE
17447,SACHET DE 50
17448,SACHET DE 50
17449,PIECE
17450,PIECE
17451,PIECE
17452,PIECE
17453,PIECE
17454,PIECE
17455,PIECE
17456,PIECE
17457,PIECE
17458,PIECE
17459,PIECE
17460,SACHET DE 50
17462,PIECE
17463,PIECE
17464,SACHET DE 100
17465,SACHET DE 100
17466,PIECE
17494,CARTON DE 200
17503,50
17525,PIECE
17526,PIECE
17527,PIECE
17528,PIECE
17529,PIECE
17533,CARTON DE 6
17551,PIECE
17587,1
17635,PIECE
17636,PIECE
17643,SACHET DE 50
17647,BOITE DE 50
17648,BOITE DE 40
17651,BOITE DE 50
17690,PIECE
17691,PIECE
17692,PIECE
17693,PIECE
17694,PIECE
17695,PIECE
17705,SACHET DE 50
17708,CARTON DE 6
17724,BOITE DE 40
17725,BOITE DE 50
17726,CARTON DE 750
17741,CARTON DE 6
17760,FLOWPACK
17761,PIECE
17762,SACHET DE 50
17764,PIECE
17781,SACHET DE 14
17793,50
17800,CARTON DE 750
17813,50
17820,50
17856,50
17869,SACHET DE 10
17872,CARTON DE 6
17876,50
17877,50
17887,50
17888,50
17891,25
17892,SACHET DE 10
17896,25
17897,50
17898,50
17921,50
17922,50
17943,25
17948,CARTON DE 750
17967,PIECE
17982,CARTON DE 750
18018,BOITE
18019,BOITE
18020,PIECE
18021,PIECE
18022,PIECE
18045,PIECE
18063,PIECE
18087,CARTON DE 750
18097,CARTON DE 750
18098,CARTON DE 750
18128,CARTON DE 6
18143,CARTON DE 6
18162,CARTON DE 750
18163,CARTON DE 6
18197,CARTON DE 750
18199,CARTON DE 6
18222,PIECE
18232,CARTON DE 6
18249,PIECE
18252,PIECE
18275,PIECE
18297,CARTON DE 750
18319,CARTON DE 750
18350,CARTON DE 750
18387,CARTON DE 750
18407,PIECE
18410,CARTON DE 6
18411,CARTON DE 750
18412,CARTON DE 750
18430,PIECE
18448,CARTON DE 6
18482,CARTON DE 6
18529,PIECE
18530,PIECE
18567,BOITE
18568,PIECE
18585,CARTON DE 6
18619,CARTON DE 6
18623,CARTON DE 6
18628,CARTON DE 6
18649,CARTON DE 750
18695,CARTON DE 6
18702,CARTON DE 750
18703,PIECE
18706,CARTON DE 750
18743,CARTON DE 6
18756,PIECE
18757,PIECE
18768,1
18781,CARTON DE 750
18808,PIECE
18810,PIECE
18812,PIECE
18814,PIECE
18816,PIECE
18818,PIECE
18820,PIECE
18822,PIECE
18824,PIECE
18826,PIECE
18828,PIECE
18833,CARTON DE 750
18836,SACHET DE 32
18837,SACHET DE 28
18844,CARTON DE 750
18850,PIECE
18859,CARTON DE 750
18862,BOITE
18863,SACHET DE 50
18864,PIECE
18865,FLOWPACK
18866,PIECE
18867,PIECE
18868,PIECE
18869,PIECE
18870,PIECE
18871,PIECE
18872,PIECE
18873,PIECE
18874,PIECE
18875,PIECE
18876,PIECE
18877,PIECE
18878,PIECE
18879,PIECE
18880,PIECE
18881,PIECE
18882,PIECE
18883,PIECE
18903,CARTON DE 750
18934,BOITE
18935,BOITE
18936,PIECE
18937,PIECE
18938,PIECE
18939,PIECE
18943,FLOWPACK
18944,PIECE
18945,BOITE DE 50
18946,SACHET DE 20
18962,PIECE
18996,SACHET DE 50
18997,PIECE
18998,PIECE
18999,SACHET DE 50
19004,PIECE
19006,CARTON DE 750
19044,CARTON DE 6
19057,CARTON DE 25
19068,CARTON DE 750
19078,PIECE
19079,PIECE
19080,PIECE
19082,PIECE
19116,CARTON DE 6
19118,CARTON DE 750
19128,PIECE
19131,BOITE
19161,CARTON DE 750
19169,SACHET DE 14
19170,SACHET DE 14
19171,SACHET DE 14
19172,SACHET DE 12
19173,SACHET DE 20
19174,SACHET DE 20
19175,SACHET DE 15
19176,SACHET DE 10
19177,SACHET DE 20
19178,SACHET DE 20
19179,SACHET DE 20
19180,SACHET DE 20
19181,SACHET DE 14
19182,25
19183,SACHET DE 60
19184,SACHET DE 60
19185,SACHET DE 60
19186,SACHET DE 25
19187,SACHET DE 30
19188,SACHET DE 30
19189,SACHET DE 25
19190,SACHET DE 15
19191,SACHET DE 20
19192,SACHET DE 40
19193,SACHET DE 15
19196,SACHET DE 50
19207,PIECE
19208,PIECE
19209,PIECE
19210,PIECE
19211,PIECE
19212,PIECE
19213,PIECE
19214,PIECE
19215,PIECE
19216,PIECE
19217,PIECE
19218,PIECE
19219,PIECE
19220,PIECE
19221,PIECE
19227,CARTON DE 6
19286,CARTON DE 750
19306,PIECE
19312,PIECE
19324,CARTON DE 750
19338,SACHET DE 50
19339,SACHET DE 50
19340,SACHET DE 50
19350,CARTON DE 750
19363,CARTON DE 750
19368,PIECE
19369,PIECE
19370,PIECE
19371,PIECE
19372,PIECE
19373,PIECE
19392,CARTON DE 750
19405,CARTON DE 750
19435,SACHET DE 50
19436,SACHET DE 50
19438,CARTON DE 750
19448,PIECE
19449,PIECE
19471,PIECE
19472,CARTON DE 750
19473,CARTON DE 750
19474,CARTON DE 750
19546,CARTON DE 750
19551,PIECE
19552,PIECE
19571,SACHET DE 20
19572,SACHET DE 30
19573,SACHET DE 50
19574,BOITE
19615,CARTON DE 750
19616,CARTON DE 25
19619,CARTON DE 50
19628,PIECE
19629,PIECE
19636,PIECE
19657,CARTON DE 6
19667,PIECE
19680,CARTON DE 750
19708,PIECE
19709,PIECE
19710,PIECE
19711,PIECE
19712,PIECE
19713,PIECE
19725,CARTON DE 50
19733,PIECE
19734,PIECE
19735,PIECE
19748,CARTON DE 750
19749,PIECE
19763,PIECE
19764,PIECE
19805,PIECE
19813,PIECE
19814,PIECE
19815,PIECE
19845,PIECE
19894,SACHET DE 50
19895,SACHET DE 50
19958,CARTON DE 750
19978,SACHET DE 32
19979,SACHET DE 30
19980,SACHET DE 28
19985,SACHET DE 28
19986,SACHET DE 24
19987,SACHET DE 22
19988,SACHET DE 18
19989,SACHET DE 16
19994,1
19997,PIECE
20005,PIECE
20007,CARTON DE 750
20008,PIECE
20016,PIECE
20018,CARTON DE 750
20072,PIECE
20073,PIECE
20087,SACHET DE 50
20088,SACHET DE 50
20096,PIECE
20100,CARTON DE 750
20106,CARTON DE 750
20125,CARTON DE 750
20191,BOITE DE 40
20255,CARTON DE 750
20279,CARTON DE 750
20305,CARTON DE 750
20322,CARTON DE 6
20355,CARTON DE 750
20369,CARTON DE 25
20371,CARTON DE 750
20423,PIECE
20424,CARTON DE 750
20427,PIECE
20435,PIECE
20446,CARTON DE 750
20449,PIECE
20450,CARTON DE 750
20457,PIECE
20458,PIECE
20469,PIECE
20470,PIECE
20509,CARTON DE 750
20511,PIECE
20512,PIECE
20525,CARTON DE 750
20536,CARTON DE 750
20544,CARTON DE 750
20577,CARTON DE 6
20617,PIECE
20623,PIECE
20633,PIECE
20634,BOITE
20635,BOITE
20636,BOITE
20637,BOITE
20638,SACHET DE 30
20639,SACHET DE 50
20641,SACHET DE 20
20642,SACHET DE 20
20643,SACHET DE 20
20644,SACHET DE 20
20645,SACHET DE 15
20646,SACHET DE 15
20647,SACHET DE 14
20648,SACHET DE 14
20649,SACHET DE 14
20651,SACHET DE 20
20657,PIECE
20682,1
20703,1
20726,CARTON DE 750
20752,CARTON DE 750
20783,1
20786,SACHET DE 100
20798,CARTON DE 750
20809,PIECE
20821,CARTON DE 50
20839,CARTON DE 6
20844,CARTON DE 750
20852,PIECE
20853,PIECE
20854,PIECE
20855,PIECE
20866,SACHET DE 20
20895,1
20898,CARTON DE 750
20909,CARTON DE 750
20923,CARTON DE 750
20925,PIECE
20926,PIECE
20928,CARTON DE 6
20979,CARTON DE 6
21022,BOITE DE 50
21023,PIECE
21045,CARTON DE 6
21050,1
21051,SACHET DE 14
21052,SACHET DE 14
21053,SACHET DE 14
21054,SACHET DE 20
21056,SACHET DE 15
21076,CARTON DE 750
21125,1
21155,CARTON DE 6
21180,58
21185,BOITE
21186,BOITE
21187,BOITE
21188,BOITE DE 60
21190,BOITE DE 50
21202,SACHET DE 30
21203,SACHET DE 28
21204,SACHET DE 24
21205,SACHET DE 12
21206,SACHET DE 10
21207,PIECE
21208,PIECE
21209,PIECE
21210,FLOWPACK
21211,PIECE
21212,PIECE
21213,PIECE
21214,PIECE
21215,BOITE DE 50
21216,BOITE DE 50
21217,BOITE DE 60
21218,BOITE DE 50
21219,SACHET DE 100
21220,SACHET DE 100
21221,PIECE
21227,BOITE DE 20
21228,BOITE DE 50
21229,BOITE DE 50
21230,BOITE
21231,BOITE
21236,1
21251,CARTON DE 750
21255,CARTON DE 6
21261,PIECE
21270,CARTON DE 6
21341,CARTON DE 750
21355,SACHET DE 15
21356,SACHET DE 20
21357,SACHET DE 40
21382,CARTON DE 750
21384,PIECE
21385,PIECE
21386,PIECE
21387,PIECE
21388,PIECE
21389,PIECE
21390,PIECE
21391,PIECE
21392,PIECE
21393,PIECE
21394,PIECE
21395,PIECE
21396,PIECE
21397,PIECE
21398,PIECE
21399,PIECE
21400,PIECE
21401,PIECE
21402,PIECE
21403,PIECE
21404,PIECE
21405,PIECE
21406,PIECE
21407,PIECE
21408,PIECE
21444,PIECE
21445,PIECE
21446,PIECE
21448,CARTON DE 6
21473,CARTON DE 6
21481,CARTON DE 750
21564,CARTON DE 200
21583,PIECE
21584,BOITE DE 50
21600,CARTON DE 6
21609,CARTON DE 750
21613,PIECE
21617,CARTON DE 6
21649,PIECE
21665,CARTON DE 6
21666,CARTON DE 6
21671,CARTON DE 25
21674,CARTON DE 50
21701,CARTON DE 25
21725,CARTON DE 750
21769,PIECE
21770,PIECE
21771,PIECE
21772,PIECE
21788,CARTON DE 750
21812,CARTON DE 750
21826,CARTON DE 6
21832,CARTON DE 6
21838,1
21840,CARTON DE 6
21863,PIECE
21864,PIECE
21876,1
21877,CARTON DE 750
21886,BOITE
21947,CARTON DE 750
21955,CARTON DE 750
21966,CARTON DE 750
22091,PIECE
22101,PIECE
22103,1
22169,1
22176,1
22182,1
22187,CARTON DE 750
22242,PIECE
22243,CARTON DE 750
22246,CARTON DE 6
22248,CARTON DE 750
22257,PIECE
22258,PIECE
22260,PIECE
22261,PIECE
22262,PIECE
22263,PIECE
22264,PIECE
22265,PIECE
22266,PIECE
22267,PIECE
22268,PIECE
22275,PIECE
22276,PIECE
22277,PIECE
22278,PIECE
22279,PIECE
22280,PIECE
22281,PIECE
22282,PIECE
22324,PIECE
22343,CARTON DE 750
22353,PIECE
22354,PIECE
22355,PIECE
22363,PIECE
22364,PIECE
22368,CARTON DE 750
22373,PIECE
22377,PIECE
22383,PIECE
22385,CARTON DE 750
22396,PIECE
22397,PIECE
22401,PIECE
22402,PIECE
22403,PIECE
22404,PIECE
22405,PIECE
22406,PIECE
22407,PIECE
22408,PIECE
22409,PIECE
22410,PIECE
22411,PIECE
22412,PIECE
22413,PIECE
22414,PIECE
22415,PIECE
22417,PIECE
22418,PIECE
22419,PIECE
22420,PIECE
22422,PIECE
22423,PIECE
22424,PIECE
22425,PIECE
22431,PIECE
22432,PIECE
22433,PIECE
22439,CARTON DE 750
22444,CARTON DE 750
22446,PIECE
22483,PIECE
22535,1
22537,PIECE
22551,SACHET DE 100
22596,PIECE
22604,PIECE
22606,PIECE
22616,CARTON DE 750
22627,BOITE DE 50
22628,PIECE
22629,PIECE
22636,CARTON DE 500
22642,PIECE
22643,SACHET DE 32
22671,CARTON DE 750
22679,CARTON DE 25
22681,PIECE
22682,PIECE
22692,CARTON DE 750
22699,CARTON DE 750
22705,PIECE
22714,CARTON DE 750
22731,PIECE
22734,CARTON DE 6
22760,1
22778,CARTON DE 750
22786,CARTON DE 750
22796,CARTON DE 750
22833,CARTON DE 6
22896,PIECE
22897,PIECE
22900,PIECE
22904,CARTON DE 750
22912,BOITE DE 50
22917,CARTON DE 6
22918,CARTON DE 500
22933,PIECE
22934,PIECE
22935,PIECE
22936,PIECE
22982,SACHET DE 100
22992,PIECE
22993,PIECE
22994,PIECE
22995,PIECE
23005,1
23013,CARTON DE 6
23048,PIECE
23063,CARTON DE 750
23068,CARTON DE 750
23079,CARTON DE 750
23091,CARTON DE 750
23098,PIECE
23114,CARTON DE 750
23117,CARTON DE 750
23118,CARTON DE 750
23142,1
23148,CARTON DE 750
23149,CARTON DE 750
23150,CARTON DE 750
23151,CARTON DE 750
23152,CARTON DE 750
23207,PIECE
23208,PIECE
23209,PIECE
23210,1
23232,PIECE
23241,1
23258,1
23261,1
23278,1
23301,1
23322,1
23332,1
23359,CARTON DE 750
23394,PIECE
23410,CARTON DE 750
23411,SACHET DE 20
23421,CARTON DE 6
23435,CARTON DE 750
23500,CARTON DE 750
23510,CARTON DE 750
23545,1
23556,PIECE
23557,1
23586,1
23594,1
23598,CARTON DE 6
23619,PIECE
23624,CARTON DE 6
23627,CARTON DE 750
23632,1
23648,PIECE
23650,CARTON DE 750
23655,CARTON DE 750
23657,1
23660,PIECE
23661,BOITE DE 50
23664,PIECE
23665,PIECE
23666,PIECE
23667,PIECE
23668,PIECE
23669,PIECE
23670,PIECE
23671,PIECE
23703,PIECE
23704,BOITE
23791,CARTON DE 750
23793,CARTON DE 750
23801,CARTON DE 6
23814,CARTON DE 6
23829,CARTON DE 6
23865,CARTON DE 750
23961,CARTON DE 6
23982,CARTON DE 6
23983,CARTON DE 25
24028,BOITE DE 50
24033,1
24034,1
24035,1
24036,1
24037,1
24040,1
24044,1
24054,SACHET DE 50
24055,SACHET DE 50
24056,SACHET DE 100
24059,BOITE DE 50
24060,BOITE DE 50
24061,BOITE DE 50
24085,1
24106,1
24114,PIECE
24116,PIECE
24118,PIECE
24128,1
24142,CARTON DE 750
24155,1
24226,PIECE
24240,CARTON DE 750
24278,PIECE
24291,PIECE
24294,PIECE
24295,PIECE
24297,PIECE
24302,PIECE
24305,CARTON DE 6
24328,CARTON DE 750
24330,BOITE
24331,BOITE
24332,SACHET DE 50
24333,SACHET DE 50
24334,FLOWPACK
24335,BOITE
24336,BOITE
24338,PIECE
24339,PIECE
24340,PIECE
24341,PIECE
24342,PIECE
24344,1
24355,BOITE DE 25
24366,BOITE
24367,PIECE
24368,SACHET DE 50
24369,SACHET DE 50
24370,PIECE
24371,PIECE
24372,PIECE
24373,PIECE
24374,PIECE
24401,1
24421,CARTON DE 750
24455,PIECE
24462,PIECE
24463,PIECE
24464,PIECE
24465,PIECE
24466,PIECE
24491,CARTON DE 50
24503,PIECE
24504,PIECE
24566,PIECE
24616,PIECE
24634,CARTON DE 750
24642,CARTON DE 25
24692,PIECE
24693,FLOWPACK
24711,CARTON DE 750
24737,CARTON DE 6
24746,CARTON DE 750
24748,CARTON DE 25
24749,CARTON DE 750
24763,PIECE
24764,PIECE
24814,CARTON DE 6
24839,PIECE
24840,PIECE
24841,SACHET DE 50
24842,PIECE
24843,PIECE
24866,PIECE
24867,BOITE
24868,BOITE
24870,CARTON DE 6
24871,PIECE
24873,PIECE
24874,PIECE
24875,PIECE
24876,BOITE
24877,PIECE
24878,PIECE
24879,PIECE
24880,PIECE
24881,FLOWPACK
24882,SACHET DE 50
24889,CARTON DE 6
24904,CARTON DE 6
24916,CARTON DE 200
24961,CARTON DE 750
25000,CARTON DE 6
25001,1
25018,PIECE
25059,CARTON DE 750
25062,PIECE
25063,PIECE
25078,1
25102,CARTON DE 750
25110,CARTON DE 500
25111,PIECE
25112,CARTON DE 500
25117,PIECE
25118,PIECE
25119,PIECE
25120,PIECE
25121,PIECE
25122,FLOWPACK
25123,PIECE
25124,PIECE
25125,PIECE
25128,CARTON DE 750
25129,CARTON DE 750
25148,CARTON DE 750
25154,CARTON DE 750
25158,PIECE
25166,PIECE
25167,PIECE
25199,CARTON DE 750
25234,1
25235,SACHET DE 50
25236,PIECE
25237,PIECE
25238,BOITE
25239,PIECE
25240,PIECE
25241,PIECE
25242,PIECE
25243,PIECE
25244,PIECE
25245,PIECE
25246,PIECE
25247,PIECE
25248,PIECE
25255,BOITE DE 50
25277,PIECE
25278,PIECE
25279,PIECE
25290,PIECE
25291,PIECE
25293,PIECE
25296,PIECE
25332,CARTON DE 750
25340,PIECE
25363,CARTON DE 750
25367,CARTON DE 500
25386,CARTON DE 750
25464,CARTON DE 6
25486,CARTON DE 6
25488,CARTON DE 6
25504,CARTON DE 6
25529,SACHET DE 60
25530,SACHET DE 60
25531,SACHET DE 30
25532,PIECE
25533,PIECE
25534,PIECE
25535,PIECE
25536,PIECE
25537,PIECE
25538,FLOWPACK
25543,SACHET DE 60
25544,SACHET DE 60
25545,SACHET DE 30
25546,PIECE
25547,PIECE
25548,PIECE
25549,PIECE
25550,PIECE
25551,PIECE
25553,SACHET DE 60
25554,SACHET DE 60
25555,SACHET DE 30
25556,PIECE
25557,PIECE
25558,PIECE
25559,PIECE
25560,PIECE
25561,PIECE
25562,SACHET DE 50
25565,PIECE
25566,PIECE
25567,PIECE
25568,PIECE
25569,PIECE
25570,PIECE
25571,SACHET DE 50
25574,CARTON DE 6
25641,PIECE
25642,PIECE
25656,CARTON DE 750
25663,PIECE
25695,FLOWPACK
25700,SACHET DE 50
25701,CARTON DE 750
25712,PIECE
25741,PIECE
25743,CARTON DE 25
25752,PIECE
25764,PIECE
25765,PIECE
25766,PIECE
25777,CARTON DE 750
25804,CARTON DE 6
25806,CARTON DE 750
25810,PIECE
25855,CARTON DE 750
25905,CARTON DE 25
25934,CARTON DE 750
25937,CARTON DE 750
25942,CARTON DE 25
25946,CARTON DE 50
25949,CARTON DE 25
25987,CARTON DE 6
26003,SACHET DE 100
26005,CARTON DE 750
26007,CARTON DE 6
26009,BOITE DE 50
26010,CARTON DE 6
26012,PIECE
26018,CARTON DE 750
26022,PIECE
26040,CARTON DE 750
26046,CARTON DE 750
26054,PIECE
26055,PIECE
26056,PIECE
26057,PIECE
26058,PIECE
26059,PIECE
26060,PIECE
26061,PIECE
26129,CARTON DE 25
26140,CARTON DE 750
26144,CARTON DE 6
26150,CARTON DE 750
26156,CARTON DE 6
26185,CARTON DE 750
26201,CARTON DE 750
26211,CARTON DE 750
26213,1
26220,PIECE
26221,PIECE
26222,PIECE
26289,SACHET DE 40
26290,SACHET DE 14
26291,SACHET DE 20
26292,FLOWPACK
26293,SACHET DE 28
26303,CARTON DE 6
26312,CARTON DE 750
26346,CARTON DE 750
26347,CARTON DE 750
26360,CARTON DE 750
26378,SACHET DE 30
26379,SACHET DE 28
26380,SACHET DE 28
26381,SACHET DE 24
26385,SACHET DE 30
26386,SACHET DE 28
26387,SACHET DE 28
26388,SACHET DE 24
26431,SACHET DE 100
26462,PIECE
26499,CARTON DE 750
26525,CARTON DE 750
26541,CARTON DE 6
26595,CARTON DE 6
26597,CARTON DE 750
26601,CARTON DE 750
26683,CARTON DE 750
26693,CARTON DE 750
26727,PIECE
26728,PIECE
26729,PIECE
26730,PIECE
26731,PIECE
26763,CARTON DE 750
26795,BOITE DE 50
26798,BOITE DE 50
26806,BOITE
26807,BOITE
26808,PIECE
26810,PIECE
26811,PIECE
26815,BOITE
26816,PIECE
26817,PIECE
26818,PIECE
26819,PIECE
26820,CARTON DE 750
26828,CARTON DE 6
26867,CARTON DE 750
26869,CARTON DE 750
26877,PIECE
26878,PIECE
26886,CARTON DE 750
26891,CARTON DE 750
26899,CARTON DE 6
26909,SACHET DE 22
26910,SACHET DE 16
26914,CARTON DE 750
26918,BOITE
26919,BOITE
26920,PIECE
26923,CARTON DE 750
26967,CARTON DE 750
26972,CARTON DE 6
26973,CARTON DE 750
26979,CARTON DE 6
26983,BOITE DE 50
26984,BOITE DE 50
27014,PIECE
27015,PIECE
27016,PIECE
27017,PIECE
27018,PIECE
27019,PIECE
27022,CARTON DE 750
27038,CARTON DE 750
27047,CARTON DE 750
27141,PIECE
27145,PIECE
27233,CARTON DE 750
27246,PIECE
27253,PIECE
27290,PIECE
27291,PIECE
27304,PIECE
27305,PIECE
27306,PIECE
27307,PIECE
27308,PIECE
27309,PIECE
27310,PIECE
27311,PIECE
27312,PIECE
27313,PIECE
27314,PIECE
27315,PIECE
27316,PIECE
27317,PIECE
27318,PIECE
27319,PIECE
27320,PIECE
27321,PIECE
27322,PIECE
27323,PIECE
27324,PIECE
27325,PIECE
27337,CARTON DE 750
27338,CARTON DE 6
27371,CARTON DE 6
27375,PIECE
27384,CARTON DE 750
27398,PIECE
27399,PIECE
27400,PIECE
27401,FLOWPACK
27402,BOITE
27403,SACHET DE 50
27404,PIECE
27405,PIECE
27406,PIECE
27407,SACHET DE 50
27408,SACHET DE 50
27409,SACHET DE 50
27412,CARTON DE 750
27507,PIECE
27526,CARTON DE 750
27549,CARTON DE 25
27582,CARTON DE 750
27583,PIECE
27588,CARTON DE 750
27599,1
27614,CARTON DE 750
27626,PIECE
27678,CARTON DE 6
27684,PIECE
27699,CARTON DE 750
27704,CARTON DE 6
27767,CARTON DE 750
27812,CARTON DE 6
27839,CARTON DE 750
27847,PIECE
27857,CARTON DE 750
27862,CARTON DE 6
27888,PIECE
27954,CARTON DE 140
27994,CARTON DE 750
28000,PIECE
28020,CARTON DE 6
28042,CARTON DE 750
28043,1
28046,PIECE
28068,PIECE
28069,PIECE
28070,PIECE
28071,PIECE
28072,PIECE
28073,PIECE
28074,PIECE
28075,PIECE
28076,PIECE
28077,PIECE
28078,PIECE
28079,PIECE
28080,PIECE
28081,PIECE
28082,PIECE
28083,PIECE
28084,PIECE
28085,PIECE
28086,PIECE
28087,PIECE
28088,PIECE
28089,PIECE
28090,PIECE
28091,PIECE
28092,PIECE
28093,PIECE
28094,PIECE
28095,PIECE
28096,PIECE
28097,PIECE
28098,PIECE
28099,PIECE
28100,PIECE
28101,PIECE
28102,PIECE
28103,PIECE
28104,PIECE
28105,PIECE
28106,PIECE
28125,1
28137,1
28141,CARTON DE 6
28148,1
28158,CARTON DE 750
28159,BOITE
28162,CARTON DE 750
28235,1
28241,CARTON DE 750
28242,BOITE DE 50
28243,BOITE DE 25
28244,PIECE
28246,PIECE
28247,BOITE DE 50
28248,BOITE DE 25
28249,PIECE
28250,PIECE
28251,SACHET DE 20
28252,PIECE
28266,PIECE
28267,PIECE
28335,CARTON DE 50
28343,CARTON DE 750
28352,CARTON DE 6
28355,PIECE
28356,PIECE
28382,PIECE
28383,PIECE
28384,PIECE
28385,PIECE
28386,PIECE
28387,PIECE
28388,PIECE
28389,PIECE
28434,CARTON DE 750
28470,CARTON DE 6
28484,CARTON DE 750
28500,CARTON DE 6
28529,PIECE
28531,PIECE
28536,PIECE
28537,PIECE
28559,PIECE
28587,CARTON DE 6
28591,CARTON DE 6
28594,CARTON DE 750
28609,CARTON DE 750
28614,CARTON DE 6
28616,PIECE
28617,PIECE
28618,PIECE
28623,PIECE
28624,PIECE
28626,PIECE
28627,BOITE DE 40
28628,PIECE
28632,CARTON DE 750
28635,1
28642,CARTON DE 6
28643,CARTON DE 6
28659,CARTON DE 750
28662,BOITE DE 50
28663,BOITE DE 50
28664,BOITE DE 50
28669,CARTON DE 750
28680,CARTON DE 25
28687,CARTON DE 750
28693,1
28694,CARTON DE 750
28695,1
28746,SACHET DE 50
28747,BOITE
28748,PIECE
28765,CARTON DE 750
28769,CARTON DE 750
28771,CARTON DE 6
28780,1
28907,PIECE
28958,CARTON DE 750
28967,1
28968,CARTON DE 6
28982,CARTON DE 750
29013,PIECE
29030,CARTON DE 750
29053,BOITE
29054,BOITE
29055,BOITE
29067,CARTON DE 6
29107,CARTON DE 750
29123,PIECE
29124,PIECE
29125,PIECE
29126,PIECE
29127,PIECE
29128,PIECE
29129,PIECE
29130,PIECE
29132,PIECE
29136,CARTON DE 750
29170,CARTON DE 750
29189,PIECE
29198,CARTON DE 750
29199,PIECE
29200,PIECE
29202,PIECE
29203,PIECE
29213,CARTON DE 6
29222,CARTON DE 750
29223,PIECE
29224,PIECE
29239,1
29262,PIECE
29263,PIECE
29285,CARTON DE 25
29289,CARTON DE 750
29294,CARTON DE 750
29323,1
29324,CARTON DE 750
29325,CARTON DE 750
29326,CARTON DE 750
29327,CARTON DE 750
29368,CARTON DE 750
29373,CARTON DE 750
29380,1
29391,CARTON DE 750
29393,CARTON DE 750
29397,PIECE
29408,CARTON DE 750
29444,CARTON DE 750
29446,PIECE
29447,PIECE
29448,PIECE
29449,PIECE
29450,PIECE
29451,PIECE
29452,PIECE
29453,PIECE
29454,PIECE
29455,PIECE
29456,PIECE
29457,PIECE
29458,PIECE
29459,PIECE
29460,PIECE
29461,PIECE
29462,PIECE
29463,PIECE
29464,PIECE
29465,PIECE
29466,PIECE
29467,PIECE
29468,PIECE
29473,CARTON DE 25
29475,CARTON DE 50
29494,PIECE
29518,CARTON DE 6
29541,CARTON DE 750
29545,PIECE
29563,CARTON DE 750
29588,PIECE
29590,PIECE
29603,CARTON DE 750
29609,BOITE DE 50
29619,CARTON DE 750
29632,PIECE
29633,CARTON DE 750
29644,BOITE DE 50
29652,CARTON DE 750
29657,PIECE
29703,CARTON DE 750
29706,PIECE
29708,PIECE
29709,PIECE
29710,PIECE
29711,PIECE
29712,PIECE
29715,PIECE
29747,CARTON DE 6
29771,CARTON DE 6
29858,CARTON DE 750
29877,CARTON DE 750
29899,PIECE
29923,PIECE
29929,PIECE
29932,PIECE
29933,PIECE
29934,PIECE
29935,PIECE
29964,BOITE DE 50
29984,1
29993,CARTON DE 750
29998,PIECE
29999,PIECE
30025,PIECE
30026,PIECE
30027,PIECE
30078,CARTON DE 750
30088,1
30096,CARTON DE 750
30101,CARTON DE 750
30109,CARTON DE 750
30110,PIECE
30127,CARTON DE 750
30134,1
30135,1
30138,PIECE
30139,PIECE
30238,1
30249,CARTON DE 750
30254,CARTON DE 750
30275,PIECE
30276,PIECE
30277,PIECE
30278,PIECE
30279,PIECE
30280,PIECE
30290,CARTON DE 750
30292,1
30352,PIECE
30375,PIECE
30381,CARTON DE 25
30386,CARTON DE 750
30442,PIECE
30454,1
30467,CARTON DE 750
30502,CARTON DE 750
30508,CARTON DE 25
30526,PIECE
30527,BOITE
30528,BOITE
30529,BOITE
30530,BOITE
30533,PIECE
30543,PIECE
30595,PIECE
30625,CARTON DE 750
30627,CARTON DE 750
30645,1
30657,1
30661,BOITE DE 50
30722,CARTON DE 750
30729,PIECE
30730,PIECE
30738,CARTON DE 750
30749,CARTON DE 750
30790,CARTON DE 750
30828,1
30858,CARTON DE 6
30862,PIECE
30863,PIECE
30864,PIECE
30865,PIECE
30866,PIECE
30869,PIECE
30871,PIECE
30872,SACHET DE 100
30873,PIECE
30874,10
30876,SACHET DE 100
30877,PIECE
30881,PIECE
30882,PIECE
30883,PIECE
30884,PIECE
30885,PIECE
30886,PIECE
30887,PIECE
30888,PIECE
30889,PIECE
30890,PIECE
30891,PIECE
30892,PIECE
30893,PIECE
30959,PIECE
30973,PIECE
31010,CARTON DE 750
31056,CARTON DE 6
31070,CARTON DE 6
31096,PIECE
31120,BOITE
31121,BOITE
31122,BOITE
31137,CARTON DE 750
31144,38
31145,PIECE
31146,SACHET DE 18
31158,PIECE
31159,PIECE
31160,PIECE
31161,PIECE
31170,CARTON DE 750
31188,PIECE
31196,PIECE
31197,PIECE
31198,PIECE
31201,1
31222,CARTON DE 750
31227,CARTON DE 750
31242,CARTON DE 750
31248,BOITE DE 50
31249,PIECE
31272,SACHET DE 50
31277,SACHET DE 50
31278,SACHET DE 50
31305,CARTON DE 750
31323,BOITE DE 50
31335,CARTON DE 750
31343,CARTON DE 750
31349,1
31376,CARTON DE 750
31378,PIECE
31379,PIECE
31386,CARTON DE 750
31425,PIECE
31441,PIECE
31442,PIECE
31443,PIECE
31454,CARTON DE 6
31475,CARTON DE 750
31477,CARTON DE 25
31485,CARTON DE 750
31493,SACHET DE 12
31494,SACHET DE 10
31495,PIECE
31496,PIECE
31526,CARTON DE 750
31551,CARTON DE 750
31553,CARTON DE 750
31555,PIECE
31556,PIECE
31557,PIECE
31558,PIECE
31559,PIECE
31560,PIECE
31561,PIECE
31562,PIECE
31563,PIECE
31564,PIECE
31565,PIECE
31566,PIECE
31568,PIECE
31569,PIECE
31570,PIECE
31571,PIECE
31572,PIECE
31616,CARTON DE 25
31632,CARTON DE 6
31633,CARTON DE 6
31634,CARTON DE 6
31635,CARTON DE 6
31652,1
31665,CARTON DE 750
31675,BOITE
31679,BOITE
31700,CARTON DE 6
31709,PIECE
31710,PIECE
31711,PIECE
31712,PIECE
31713,PIECE
31771,CARTON DE 750
31777,CARTON DE 750
31782,PIECE
31783,PIECE
31790,CARTON DE 25
31793,SACHET DE 100
31795,PIECE
31796,PIECE
31809,SACHET DE 20
31810,SACHET DE 40
31811,PIECE
31812,PIECE
31813,FLOWPACK
31814,PIECE
31815,CARTON DE 750
31824,CARTON DE 750
31837,CARTON DE 750
31847,CARTON DE 6
31887,CARTON DE 6
31905,CARTON DE 750
31910,CARTON DE 750
31927,1
31935,SACHET DE 27
31936,FLOWPACK
31945,1
31949,CARTON DE 6
31961,CARTON DE 750
31974,CARTON DE 50
31981,CARTON DE 750
31982,CARTON DE 750
31998,CARTON DE 6
32031,BOITE
32032,PIECE
32033,PIECE
32034,SACHET DE 50
32035,SACHET DE 50
32036,SACHET DE 50
32049,CARTON DE 6
32085,PIECE
32086,PIECE
32087,PIECE
32088,PIECE
32089,PIECE
32090,PIECE
32091,PIECE
32092,PIECE
32109,CARTON DE 6
32110,CARTON DE 6
32111,CARTON DE 6
32126,BOITE
32127,BOITE
32128,PIECE
32129,PIECE
32130,PIECE
32131,PIECE
32132,PIECE
32133,PIECE
32134,PIECE
32135,PIECE
32136,PIECE
32137,SACHET DE 50
32138,SACHET DE 50
32142,PIECE
32164,CARTON DE 750
32165,FLOWPACK
32166,SACHET DE 20
32167,SACHET DE 40
32168,SACHET DE 14
32170,PIECE
32171,FLOWPACK
32172,SACHET DE 20
32173,SACHET DE 40
32174,SACHET DE 14
32175,PIECE
32191,BOITE DE 50
32209,CARTON DE 750
32257,CARTON DE 6
32266,BOITE DE 50
32267,BOITE DE 50
32281,CARTON DE 750
32285,PIECE
32291,PIECE
32332,BOITE DE 20
32341,PIECE
32344,PIECE
32351,PIECE
32358,CARTON DE 750
32379,CARTON DE 750
32393,PIECE
32398,CARTON DE 6
32419,PIECE
32420,PIECE
32421,PIECE
32451,1
32459,PIECE
32493,SACHET DE 20
32528,CARTON DE 6
32545,CARTON DE 50
32555,PIECE
32556,PIECE
32561,CARTON DE 750
32579,CARTON DE 750
32581,CARTON DE 6
32584,FLOWPACK
32585,PIECE
32586,BOITE
32587,BOITE
32588,BOITE
32589,BOITE
32595,PIECE
32596,PIECE
32597,PIECE
32598,PIECE
32614,PIECE
32650,PIECE
32651,PIECE
32675,CARTON DE 750
32685,PIECE
32688,PIECE
32724,PIECE
32725,PIECE
32759,CARTON DE 750
32781,PIECE
32782,PIECE
32783,PIECE
32784,PIECE
32785,PIECE
32786,PIECE
32787,PIECE
32788,PIECE
32789,PIECE
32790,PIECE
32791,PIECE
32792,PIECE
32793,PIECE
32794,PIECE
32795,PIECE
32796,PIECE
32797,PIECE
32798,PIECE
32799,PIECE
32800,PIECE
32801,PIECE
32802,PIECE
32803,PIECE
32804,PIECE
32805,PIECE
32806,PIECE
32807,PIECE
32808,PIECE
32809,PIECE
32810,PIECE
32811,PIECE
32812,PIECE
32813,PIECE
32814,PIECE
32815,PIECE
32816,PIECE
32817,PIECE
32818,PIECE
32827,CARTON DE 25
32849,PIECE
32850,PIECE
32862,CARTON DE 6
32866,BOITE DE 40
32867,BOITE DE 50
32872,1
32885,CARTON DE 750
32893,CARTON DE 750
32900,CARTON DE 6
32921,CARTON DE 6
32941,CARTON DE 750
32978,CARTON DE 750
32981,PIECE
32982,PIECE
33004,PIECE
33005,PIECE
33006,PIECE
33008,1
33024,CARTON DE 750
33028,BOITE DE 50
33029,BOITE DE 40
33054,PIECE
33059,PIECE
33129,PIECE
33137,PIECE
33138,PIECE
33139,PIECE
33160,CARTON DE 750
33193,PIECE
33195,PIECE
33221,PIECE
33222,PIECE
33223,PIECE
33224,PIECE
33225,PIECE
33226,SACHET DE 50
33227,SACHET DE 50
33228,BOITE
33229,PIECE
33230,PIECE
33248,CARTON DE 750
33249,CARTON DE 750
33250,CARTON DE 750
33251,CARTON DE 750
33267,PIECE
33307,PIECE
33319,CARTON DE 750
33342,CARTON DE 750
33345,PIECE
33347,CARTON DE 750
33380,1
33382,CARTON DE 6
33384,BOITE
33423,PIECE
33428,PIECE
33429,PIECE
33436,CARTON DE 750
33443,CARTON DE 750
33489,PIECE
33491,CARTON DE 750
33504,CARTON DE 750
33511,PIECE
33512,PIECE
33552,PIECE
33553,PIECE
33628,CARTON DE 6
33631,PIECE
33632,BOITE
33633,SACHET DE 50
33687,PIECE
33688,PIECE
33689,PIECE
33690,PIECE
33712,PIECE
33727,CARTON DE 750
33749,PIECE
33750,1
33787,CARTON DE 750
33790,PIECE
33792,FLOWPACK
33793,PIECE
33794,CARTON DE 750
33820,PIECE
33821,PIECE
33822,PIECE
33823,PIECE
33824,PIECE
33825,PIECE
33838,CARTON DE 25
33869,SACHET DE 20
33870,BOITE DE 40
33896,CARTON DE 750
33902,BOITE DE 40
33916,CARTON DE 6
33917,PIECE
33918,PIECE
33919,PIECE
33920,PIECE
33921,PIECE
33922,PIECE
33923,PIECE
33924,PIECE
33925,PIECE
33926,PIECE
33927,PIECE
33928,PIECE
33929,PIECE
33930,PIECE
33931,PIECE
33932,PIECE
33933,PIECE
33934,PIECE
33935,PIECE
33936,PIECE
33937,BOITE
33938,BOITE
33939,PIECE
33940,PIECE
33941,PIECE
33942,PIECE
33943,PIECE
33944,PIECE
33945,PIECE
33946,PIECE
33947,PIECE
33948,PIECE
33949,PIECE
33950,PIECE
33951,PIECE
33952,PIECE
33953,PIECE
33955,PIECE
33964,CARTON DE 750
33969,BOITE DE 40
33975,CARTON DE 750
34006,PIECE
34007,PIECE
34008,PIECE
34035,CARTON DE 750
34038,CARTON DE 6
34044,CARTON DE 750
34048,CARTON DE 750
34054,CARTON DE 25
34056,CARTON DE 25
34064,PIECE
34065,PIECE
34066,PIECE
34067,PIECE
34068,PIECE
34078,CARTON DE 750
34090,PIECE
34093,PIECE
34095,CARTON DE 750
34103,PIECE
34104,PIECE
34105,PIECE
34109,BOITE DE 25
34112,CARTON DE 750
34116,CARTON DE 750
34118,CARTON DE 750
34119,CARTON DE 750
34122,CARTON DE 750
34123,CARTON DE 750
34125,CARTON DE 750
34128,CARTON DE 750
34151,CARTON DE 750
34161,CARTON DE 750
34164,CARTON DE 50
34213,CARTON DE 750
34215,PIECE
34228,CARTON DE 25
34266,1
34269,CARTON DE 750
34272,CARTON DE 750
34310,CARTON DE 6
34318,CARTON DE 25
34330,PIECE
34341,PIECE
34342,PIECE
34343,PIECE
34344,PIECE
34350,PIECE
34351,PIECE
34352,PIECE
34353,PIECE
34354,PIECE
34355,PIECE
34356,PIECE
34357,PIECE
34358,PIECE
34359,PIECE
34360,PIECE
34361,PIECE
34362,PIECE
34363,PIECE
34364,PIECE
34366,PIECE
34367,PIECE
34368,PIECE
34369,PIECE
34370,PIECE
34371,PIECE
34372,PIECE
34373,PIECE
34374,PIECE
34375,PIECE
34376,PIECE
34377,PIECE
34379,PIECE
34385,PIECE
34386,PIECE
34395,BOITE
34398,CARTON DE 6
34399,PIECE
34400,PIECE
34401,PIECE
34402,PIECE
34403,PIECE
34404,PIECE
34405,PIECE
34408,CARTON DE 750
34415,1
34442,1
34443,38
34444,PIECE
34445,PIECE
34447,SACHET DE 14
34448,PIECE
34450,PIECE
34456,PIECE
34469,CARTON DE 6
34542,PIECE
34545,PIECE
34546,PIECE
34547,PIECE
34548,SACHET DE 50
34549,PIECE
34557,PIECE
34558,PIECE
34559,PIECE
34560,PIECE
34561,PIECE
34562,PIECE
34564,CARTON DE 6
34566,CARTON DE 25
34601,PIECE
34602,PIECE
34603,PIECE
34605,PIECE
34606,PIECE
34607,PIECE
34608,PIECE
34624,CARTON DE 750
34627,PIECE
34628,PIECE
34632,SACHET DE 20
34633,SACHET DE 20
34634,SACHET DE 15
34635,SACHET DE 25
34636,SACHET DE 14
34637,SACHET DE 20
34638,SACHET DE 20
34639,SACHET DE 15
34640,PIECE
34642,PIECE
34643,PIECE
34644,PIECE
34659,PIECE
34660,PIECE
34710,CARTON DE 6
34747,PIECE
34766,CARTON DE 750
34794,CARTON DE 750
34802,CARTON DE 750
34831,PIECE
34839,PIECE
34840,PIECE
34847,1
34866,CARTON DE 750
34884,1
34885,CARTON DE 6
34887,PIECE
34888,PIECE
34889,FLOWPACK
34890,PIECE
34891,PIECE
34892,PIECE
34893,PIECE
34894,SACHET DE 50
34895,PIECE
34937,PIECE
34944,PIECE
35008,PIECE
35035,CARTON DE 6
35037,PIECE
35101,CARTON DE 750
35137,CARTON DE 200
35158,PIECE
35172,PIECE
35173,CARTON DE 750
35175,PIECE
35176,BOITE
35234,CARTON DE 750
35252,PIECE
35267,1
35273,CARTON DE 6
35274,CARTON DE 750
35291,SACHET DE 50
35292,10
35293,10
35315,CARTON DE 6
35336,CARTON DE 750
35352,CARTON DE 750
35362,CARTON DE 6
35375,PIECE
35382,PIECE
35383,PIECE
35384,PIECE
35419,PIECE
35477,SACHET DE 32
35478,SACHET DE 30
35479,SACHET DE 28
35480,SACHET DE 24
35481,SACHET DE 22
35482,PIECE
35483,PIECE
35517,CARTON DE 750
35522,BOITE
35523,BOITE
35524,BOITE
35525,BOITE
35539,CARTON DE 750
35556,CARTON DE 6
35583,CARTON DE 750
35587,CARTON DE 750
35588,CARTON DE 750
35592,CARTON DE 750
35596,PIECE
35606,CARTON DE 6
35620,CARTON DE 750
35626,PIECE
35629,CARTON DE 750
35632,CARTON DE 750
35654,CARTON DE 750
35684,CARTON DE 750
35688,PIECE
35690,PIECE
35691,PIECE
35692,PIECE
35693,PIECE
35694,PIECE
35695,PIECE
35696,PIECE
35697,PIECE
35698,SACHET DE 28
35707,PIECE
35710,PIECE
35712,CARTON DE 750
35719,CARTON DE 6
35724,CARTON DE 6
35725,CARTON DE 750
35753,CARTON DE 750
35756,PIECE
35757,PIECE
35758,PIECE
35759,PIECE
35760,PIECE
35761,PIECE
35763,PIECE
35764,PIECE
35781,CARTON DE 25
35814,CARTON DE 6
35819,BOITE
35821,PIECE
35822,PIECE
35823,PIECE
35848,CARTON DE 750
35863,PIECE
35864,PIECE
35865,PIECE
35866,PIECE
35867,PIECE
35868,FLOWPACK
35869,PIECE
35870,SACHET DE 50
35871,SACHET DE 50
35872,PIECE
35873,PIECE
35874,PIECE
35875,PIECE
35876,PIECE
35877,PIECE
35878,PIECE
35879,PIECE
35880,PIECE
35881,PIECE
35882,PIECE
35900,FLOWPACK
35931,CARTON DE 750
35957,PIECE
35958,PIECE
35959,PIECE
35960,PIECE
35961,PIECE
35962,PIECE
35985,CARTON DE 750
35986,PIECE
35987,PIECE
36000,1
36006,CARTON DE 750
36009,1
36020,PIECE
36030,CARTON DE 750
36036,CARTON DE 750
36043,CARTON DE 750
36073,CARTON DE 750
36107,CARTON DE 750
36144,CARTON DE 6
36177,1
36182,SACHET DE 14
36183,SACHET DE 50
36202,PIECE
36221,CARTON DE 750
36267,CARTON DE 6
36312,PIECE
36329,CARTON DE 6
36346,CARTON DE 750
36366,CARTON DE 750
36374,CARTON DE 750
36378,CARTON DE 6
36396,PIECE
36397,PIECE
36423,BOITE DE 50
36470,PIECE
36471,PIECE
36485,CARTON DE 750
36487,CARTON DE 50
36499,PIECE
36500,PIECE
36501,PIECE
36502,PIECE
36503,PIECE
36504,PIECE
36505,PIECE
36506,PIECE
36507,PIECE
36508,PIECE
36509,PIECE
36510,PIECE
36515,CARTON DE 6
36531,CARTON DE 6
36559,PIECE
36592,PIECE
36603,CARTON DE 750
36627,CARTON DE 50
36650,CARTON DE 6
36652,PIECE
36653,PIECE
36654,PIECE
36690,PIECE
36694,CARTON DE 25
36695,CARTON DE 25
36696,CARTON DE 25
36744,CARTON DE 500
36751,BOITE
36753,PIECE
36754,PIECE
36755,PIECE
36771,CARTON DE 750
36774,BOITE
36775,PIECE
36776,PIECE
36777,PIECE
36778,PIECE
36782,PIECE
36783,CARTON DE 6
36805,PIECE
36806,PIECE
36831,CARTON DE 750
36845,CARTON DE 750
36852,PIECE
36853,PIECE
36854,PIECE
36859,SACHET DE 20
36860,SACHET DE 20
36861,FLOWPACK
36862,PIECE
36863,PIECE
36867,PIECE
36868,PIECE
36870,PIECE
36871,PIECE
36872,PIECE
36873,PIECE
36884,PIECE
36885,PIECE
36886,PIECE
36887,SACHET DE 20
36888,SACHET DE 20
36889,SACHET DE 15
36890,SACHET DE 20
36891,SACHET DE 20
36892,SACHET DE 15
36893,SACHET DE 14
36894,SACHET DE 25
36931,PIECE
36932,PIECE
36933,PIECE
36934,PIECE
36935,PIECE
36967,CARTON DE 6
36978,CARTON DE 750
37005,CARTON DE 6
37009,CARTON DE 25
37039,1
37048,CARTON DE 6
37057,BOITE
37058,BOITE
37059,BOITE
37060,BOITE
37061,PIECE
37069,CARTON DE 750
37074,BOITE
37075,SACHET DE 14
37076,SACHET DE 14
37077,SACHET DE 14
37084,CARTON DE 25
37102,CARTON DE 750
37110,PIECE
37146,CARTON DE 6
37149,SACHET DE 20
37171,BOITE
37172,BOITE
37173,BOITE
37174,SACHET DE 20
37175,PIECE
37176,PIECE
37177,PIECE
37178,PIECE
37179,SACHET DE 14
37180,PIECE
37181,PIECE
37182,SACHET DE 20
37183,PIECE
37184,PIECE
37185,SACHET DE 20
37186,PIECE
37187,PIECE
37188,PIECE
37189,SACHET DE 15
37190,PIECE
37191,PIECE
37192,PIECE
37193,PIECE
37194,FLOWPACK
37204,CARTON DE 750
37210,1
37223,PIECE
37224,PIECE
37225,PIECE
37226,PIECE
37227,CARTON DE 750
37230,BOITE DE 50
37231,BOITE DE 50
37232,BOITE DE 50
37233,BOITE DE 50
37241,PIECE
37252,CARTON DE 500
37261,CARTON DE 500
37272,PIECE
37273,BOITE
37274,BOITE
37275,PIECE
37276,PIECE
37277,PIECE
37278,PIECE
37279,PIECE
37280,PIECE
37281,PIECE
37300,CARTON DE 6
37304,1
37306,CARTON DE 750
37307,1
37311,PIECE
37318,CARTON DE 500
37324,PIECE
37336,BOITE
37337,BOITE
37338,PIECE
37339,PIECE
37377,1
37392,CARTON DE 6
37401,PIECE
37405,PIECE
37406,PIECE
37414,PIECE
37415,PIECE
37416,PIECE
37417,PIECE
37418,PIECE
37420,PIECE
37421,PIECE
37422,PIECE
37423,SACHET DE 30
37424,SACHET DE 28
37425,SACHET DE 24
37426,SACHET DE 22
37427,SACHET DE 18
37428,SACHET DE 16
37443,PIECE
37444,PIECE
37445,PIECE
37453,CARTON DE 750
37467,PIECE
37468,PIECE
37469,PIECE
37473,CARTON DE 50
37485,1
37494,CARTON DE 6
37496,CARTON DE 750
37506,CARTON DE 750
37527,CARTON DE 25
37530,1
37535,PIECE
37536,PIECE
37537,PIECE
37538,PIECE
37539,BOITE
37545,SACHET DE 30
37546,SACHET DE 28
37547,SACHET DE 24
37548,SACHET DE 16
37566,SACHET DE 30
37567,SACHET DE 28
37568,SACHET DE 24
37569,SACHET DE 16
37586,CARTON DE 500
37597,CARTON DE 500
37604,PIECE
37606,PIECE
37607,PIECE
37629,CARTON DE 6
37638,PIECE
37639,PIECE
37648,PIECE
37656,PIECE
37659,PIECE
37660,PIECE
37663,CARTON DE 6
37701,CARTON DE 750
37707,PIECE
37718,PIECE
37719,PIECE
37720,PIECE
37722,CARTON DE 750
37746,PIECE
37789,CARTON DE 25
37827,1
37834,SACHET DE 16
37863,CARTON DE 750
37869,PIECE
37870,PIECE
37873,PIECE
37874,PIECE
37875,PIECE
37883,PIECE
37928,CARTON DE 6
37981,BOITE DE 50
37983,BOITE DE 50
37984,BOITE DE 60
38001,PIECE
38002,PIECE
38003,BOITE DE 60
38052,PIECE
38070,PIECE
38071,PIECE
38072,SACHET DE 28
38073,PIECE
38074,SACHET DE 24
38075,PIECE
38106,SACHET DE 30
38107,SACHET DE 28
38108,SACHET DE 24
38126,PIECE
38127,PIECE
38128,PIECE
38129,PIECE
38130,PIECE
38149,CARTON DE 6
38162,CARTON DE 750
38165,CARTON DE 6
38185,PIECE
38186,PIECE
38187,PIECE
38188,PIECE
38189,PIECE
38215,PIECE
38216,PIECE
38217,SACHET DE 50
38218,SACHET DE 50
38228,CARTON DE 750
38237,CARTON DE 6
38242,CARTON DE 750
38299,CARTON DE 750
38337,PIECE
38338,SACHET DE 10
38339,PIECE
38340,PIECE
38341,PIECE
38342,BOITE
38343,PIECE
38345,CARTON DE 750
38357,PIECE
38359,PIECE
38360,PIECE
38361,PIECE
38362,PIECE
38363,PIECE
38364,BOITE DE 20
38366,BOITE DE 50
38367,BOITE DE 50
38368,BOITE
38369,PIECE
38373,SACHET DE 25
38376,38
38377,72
38379,PIECE
38401,CARTON DE 25
38411,CARTON DE 25
38426,CARTON DE 6
38451,CARTON DE 6
38462,PIECE
38475,PIECE
38519,CARTON DE 750
38572,CARTON DE 750
38574,PIECE
38600,PIECE
38605,CARTON DE 750
38618,1
38626,CARTON DE 750
38629,1
38681,CARTON DE 750
38688,CARTON DE 500
38700,CARTON DE 750
38729,BOITE DE 50
38782,CARTON DE 6
38797,CARTON DE 750
38828,PIECE
38855,CARTON DE 750
38873,CARTON DE 750
38874,CARTON DE 6
38875,CARTON DE 750
38879,CARTON DE 750
38884,PIECE
38900,PIECE
38902,PIECE
38903,CARTON DE 750
38921,CARTON DE 500
38945,CARTON DE 6
38950,CARTON DE 500
38951,BOITE DE 50
38952,BOITE DE 50
38953,BOITE DE 50
38986,CARTON DE 750
39079,CARTON DE 750
39080,CARTON DE 750
39088,PIECE
39112,PIECE
39129,PIECE
39131,PIECE
39133,PIECE
39135,PIECE
39137,PIECE
39139,PIECE
39141,PIECE
39143,PIECE
39148,SACHET DE 40
39149,SACHET DE 40
39150,SACHET DE 36
39151,SACHET DE 32
39152,SACHET DE 16
39153,SACHET DE 14
39154,SACHET DE 28
39155,SACHET DE 28
39156,SACHET DE 24
39157,SACHET DE 22
39158,SACHET DE 18
39159,SACHET DE 16
39232,CARTON DE 1000
39260,PIECE
39261,PIECE
39287,PIECE
39288,PIECE
39305,CARTON DE 750
39315,BOITE
39316,BOITE
39317,BOITE
39318,BOITE
39332,CARTON DE 750
39341,CARTON DE 500
39360,CARTON DE 50
39375,CARTON DE 750
39382,PIECE
39390,CARTON DE 750
39408,CARTON DE 750
39423,PIECE
39424,PIECE
39425,PIECE
39426,PIECE
39427,PIECE
39428,PIECE
39431,SACHET DE 100
39432,SACHET DE 100
39433,SACHET DE 10
39434,SACHET DE 10
39435,SACHET DE 100
39436,SACHET DE 10
39437,SACHET DE 25
39438,SACHET DE 250
39439,PIECE
39440,PIECE
39441,SACHET DE 25
39442,PIECE
39443,15
39445,SACHET DE 50
39446,SACHET DE 50
39447,BOITE DE 50
39448,BOITE DE 50
39449,BOITE DE 50
39450,BOITE DE 25
39451,BOITE DE 50
39452,BOITE DE 10
39453,SACHET DE 100
39454,100
39456,SACHET DE 100
39457,SACHET DE 10
39458,PIECE
39459,PIECE
39460,PIECE
39475,PIECE
39476,PIECE
39498,SACHET DE 14
39499,SACHET DE 14
39509,CARTON DE 25
39518,PIECE
39522,PIECE
39525,PIECE
39526,PIECE
39528,PIECE
39529,PIECE
39549,PIECE
39550,PIECE
39551,BOITE
39552,BOITE
39553,BOITE
39554,BOITE
39555,PIECE
39556,PIECE
39557,PIECE
39558,PIECE
39567,PIECE
39568,PIECE
39573,SACHET DE 50
39574,PIECE
39579,PIECE
39580,PIECE
39581,PIECE
39582,PIECE
39583,PIECE
39584,PIECE
39585,PIECE
39586,PIECE
39604,CARTON DE 6
39615,CARTON DE 6
39634,BOITE
39648,SACHET DE 30
39649,SACHET DE 28
39658,PIECE
39697,CARTON DE 750
39733,PIECE
39755,CARTON DE 6
39795,PIECE
39796,PIECE
39804,CARTON DE 6
39823,CARTON DE 500
39827,CARTON DE 500
39832,PIECE
39848,PIECE
39860,PIECE
39861,PIECE
39868,CARTON DE 1000
39879,1
39897,CARTON DE 50
39906,PIECE
39907,PIECE
39908,PIECE
39909,BOITE
39910,SACHET DE 50
39911,SACHET DE 30
39912,SACHET DE 28
39913,SACHET DE 24
39914,PIECE
39915,PIECE
39916,PIECE
39917,PIECE
39934,CARTON DE 750
39968,CARTON DE 750
39974,1
40007,PIECE
40051,PIECE
40053,PIECE
40066,CARTON DE 750
40074,1
40100,PIECE
40102,PIECE
40104,PIECE
40105,PIECE
40106,PIECE
40107,PIECE
40150,CARTON DE 750
40154,CARTON DE 750
40166,CARTON DE 500
40202,CARTON DE 750
40205,CARTON DE 500
40218,PIECE
40271,BOITE
40272,BOITE
40274,SACHET DE 100
40275,PIECE
40280,PIECE
40281,PIECE
40282,PIECE
40283,PIECE
40284,PIECE
40360,PIECE
40381,CARTON DE 6
40385,SACHET DE 27
40386,SACHET DE 32
40387,SACHET DE 30
40388,SACHET DE 28
40389,SACHET DE 27
40390,SACHET DE 42
40391,SACHET DE 44
40392,SACHET DE 40
40395,PIECE
40396,PIECE
40397,PIECE
40398,PIECE
40407,PIECE
40408,PIECE
40409,PIECE
40410,PIECE
40411,PIECE
40434,1
40473,CARTON DE 750
40498,CARTON DE 6
40534,PIECE
40535,PIECE
40562,CARTON DE 6
40586,PIECE
40599,CARTON DE 25
40601,CARTON DE 50
40634,CARTON DE 50
40646,CARTON DE 750
40717,CARTON DE 500
40718,PIECE
40719,BOITE DE 50
40720,PIECE
40721,BOITE DE 25
40722,PIECE
40754,PIECE
40755,PIECE
40780,PIECE
40781,PIECE
40782,PIECE
40793,PIECE
40794,PIECE
40798,CARTON DE 25
40806,CARTON DE 750
40896,1
40939,PIECE
40940,PIECE
40941,PIECE
40963,CARTON DE 6
40967,PIECE
40968,PIECE
40969,PIECE
40976,CARTON DE 6
40988,CARTON DE 500
41055,CARTON DE 500
41064,PIECE
41065,PIECE
41083,CARTON DE 6
41114,PIECE
41129,PIECE
41184,BOITE DE 50
41206,PIECE
41221,PIECE
41239,PIECE
41240,PIECE
41241,PIECE
41242,PIECE
41243,PIECE
41264,CARTON DE 750
41272,PIECE
41299,PIECE
41363,CARTON DE 750
41367,PIECE
41368,PIECE
41371,FLOWPACK
41372,CARTON DE 750
41378,PIECE
41405,PIECE
41411,CARTON DE 6
41428,CARTON DE 750
41430,CARTON DE 750
41507,CARTON DE 500
41529,PIECE
41548,1
41578,CARTON DE 750
41587,CARTON DE 25
41606,CARTON DE 25
41607,CARTON DE 25
41610,CARTON DE 750
41612,PIECE
41615,PIECE
41617,PIECE
41627,CARTON DE 25
41678,CARTON DE 750
41685,1
41686,PIECE
41687,PIECE
41688,PIECE
41689,PIECE
41690,PIECE
41706,CARTON DE 750
41777,CARTON DE 50
41796,CARTON DE 6
41808,1
41811,PIECE
41812,PIECE
41813,PIECE
41814,PIECE
41815,PIECE
41816,PIECE
41817,PIECE
41818,PIECE
41819,PIECE
41820,PIECE
41821,PIECE
41843,CARTON DE 750
41845,1
41952,PIECE
41953,PIECE
41962,CARTON DE 6
41967,PIECE
41968,PIECE
41970,46
41971,42
41973,PIECE
42004,1
42013,PIECE
42014,PIECE
42015,PIECE
42016,PIECE
42017,PIECE
42018,PIECE
42019,PIECE
42020,PIECE
42021,PIECE
42022,PIECE
42023,PIECE
42024,PIECE
42025,PIECE
42026,PIECE
42075,1
42077,PIECE
42095,CARTON DE 750
42128,PIECE
42131,PIECE
42132,CARTON DE 500
42138,CARTON DE 25
42158,CARTON DE 25
42198,CARTON DE 200
42225,CARTON DE 25
42236,CARTON DE 6
42248,PIECE
42263,1
42287,CARTON DE 6
42312,BOITE DE 50
42313,BOITE DE 40
42314,PIECE
42341,CARTON DE 750
42369,CARTON DE 500
42385,CARTON DE 6
42414,SACHET DE 25
42461,CARTON DE 750
42477,CARTON DE 750
42492,CARTON DE 6
42510,CARTON DE 50
42516,PIECE
42517,PIECE
42518,PIECE
42519,PIECE
42520,PIECE
42521,PIECE
42522,PIECE
42523,PIECE
42524,PIECE
42525,CARTON DE 500
42526,CARTON DE 100
42527,CARTON DE 500
42543,CARTON DE 6
42558,PIECE
42559,PIECE
42560,PIECE
42561,PIECE
42585,CARTON DE 750
42629,BOITE
42648,PIECE
42649,PIECE
42650,PIECE
42651,PIECE
42711,PIECE
42712,PIECE
42713,PIECE
42714,PIECE
42715,PIECE
42716,PIECE
42717,PIECE
42726,BOITE
42727,PIECE
42732,CARTON DE 25
42733,CARTON DE 6
42742,CARTON DE 500
42773,CARTON DE 6
42790,CARTON DE 6
42816,CARTON DE 750
42833,1
42847,CARTON DE 750
42871,BOITE
42872,BOITE
42873,PIECE
42874,PIECE
42875,PIECE
42876,PIECE
42877,PIECE
42878,SACHET DE 50
42879,PIECE
42880,PIECE
42888,PIECE
42889,PIECE
42927,CARTON DE 750
42928,PIECE
42929,PIECE
43016,CARTON DE 500
43026,PIECE
43031,PIECE
43032,CARTON DE 750
43174,CARTON DE 750
43200,CARTON DE 50
43258,PIECE
43259,PIECE
43366,CARTON DE 750
43409,BOITE DE 50
43410,BOITE DE 40
43411,PIECE
43433,PIECE
43434,PIECE
43435,PIECE
43468,CARTON DE 6
43472,CARTON DE 750
43515,PIECE
43522,PIECE
43523,PIECE
43528,PIECE
43529,PIECE
43542,PIECE
43543,CARTON DE 6
43568,PIECE
43569,PIECE
43570,PIECE
43571,PIECE
43572,PIECE
43590,CARTON DE 750
43598,PIECE
43619,CARTON DE 6
43640,PIECE
43641,PIECE
43642,PIECE
43643,PIECE
43646,PIECE
43674,BOITE DE 60
43675,BOITE DE 50
43677,PIECE
43678,PIECE
43679,PIECE
43687,PIECE
43696,1
43718,CARTON DE 750
43726,CARTON DE 6
43745,BOITE DE 50
43746,BOITE DE 50
43747,PIECE
43748,PIECE
43749,PIECE
43770,CARTON DE 750
43790,BOITE DE 50
43792,BOITE DE 50
43793,BOITE DE 50
43794,BOITE DE 50
43796,PIECE
43801,CARTON DE 6
43805,BOITE DE 60
43807,PIECE
43813,PIECE
43882,PIECE
43887,PIECE
43888,PIECE
43900,BOITE DE 50
43901,PIECE
43902,BOITE DE 50
43903,BOITE DE 50
43904,BOITE DE 50
43905,BOITE DE 50
43906,PIECE
43907,PIECE
43908,PIECE
43909,PIECE
43910,PIECE
43966,CARTON DE 750
43998,BOITE DE 50
43999,PIECE
44027,CARTON DE 6
44067,1
44076,PIECE
44077,PIECE
44078,PIECE
44080,CARTON DE 6
44114,CARTON DE 25
44117,CARTON DE 50
44136,BOITE DE 50
44140,PIECE
44155,PIECE
44156,PIECE
44159,PIECE
44160,PIECE
44161,PIECE
44162,PIECE
44182,CARTON DE 200
44274,CARTON DE 25
44309,CARTON DE 750
44320,PIECE
44321,PIECE
44322,PIECE
44323,PIECE
44324,PIECE
44325,PIECE
44341,CARTON DE 6
44357,PIECE
44358,PIECE
44359,PIECE
44361,PIECE
44362,PIECE
44363,PIECE
44364,PIECE
44382,CARTON DE 750
44418,CARTON DE 750
44485,PIECE
44487,PIECE
44488,PIECE
44489,PIECE
44490,PIECE
44498,PIECE
44499,PIECE
44542,BOITE
44567,PIECE
44568,PIECE
44569,PIECE
44570,PIECE
44571,PIECE
44572,PIECE
44573,PIECE
44585,CARTON DE 500
44592,CARTON DE 6
44604,1
44605,CARTON DE 750
44606,CARTON DE 750
44622,CARTON DE 500
44626,PIECE
44656,CARTON DE 750
44661,CARTON DE 750
44720,CARTON DE 6
44743,CARTON DE 6
44751,CARTON DE 6
44774,PIECE
44783,PIECE
44821,CARTON DE 750
44844,CARTON DE 750
44857,CARTON DE 750
44858,PIECE
44863,CARTON DE 6
44880,PIECE
44890,PIECE
44934,CARTON DE 6
44951,CARTON DE 500
44953,CARTON DE 6
44959,SACHET DE 14
44960,42
44961,72
44962,PIECE
44963,SACHET DE 50
44964,PIECE
44965,PIECE
44966,PIECE
44967,PIECE
44984,PIECE
45022,CARTON DE 750
45062,72
45068,CARTON DE 750
45076,CARTON DE 25
45093,CARTON DE 750
45094,CARTON DE 750
45134,CARTON DE 1000
45142,CARTON DE 6
45144,BOITE DE 50
45145,BOITE DE 25
45148,CARTON DE 6
45161,PIECE
45164,CARTON DE 750
45194,CARTON DE 750
45291,BOITE
45292,BOITE
45293,BOITE
45373,CARTON DE 750
45382,BOITE DE 50
45415,PIECE
45416,PIECE
45417,PIECE
45419,PIECE
45420,PIECE
45421,PIECE
45422,PIECE
45440,CARTON DE 25
45463,CARTON DE 500
45472,CARTON DE 750
45484,CARTON DE 750
45490,1
45520,PIECE
45524,PIECE
45525,CARTON DE 750
45562,CARTON DE 6
45580,1
45598,CARTON DE 750
45607,CARTON DE 6
45658,CARTON DE 750
45799,CARTON DE 750
45806,PIECE
45807,PIECE
45820,CARTON DE 6
45865,CARTON DE 6
45871,CARTON DE 200
45884,CARTON DE 750
45910,PIECE
45934,CARTON DE 750
45994,CARTON DE 6
45998,CARTON DE 500
46013,CARTON DE 500
46020,CARTON DE 6
46051,PIECE
46064,PIECE
46065,PIECE
46081,PIECE
46088,1
46089,PIECE
46090,PIECE
46091,PIECE
46092,PIECE
46093,PIECE
46094,PIECE
46095,PIECE
46096,PIECE
46147,CARTON DE 6
46162,1
46164,1
46174,PIECE
46175,PIECE
46176,PIECE
46177,PIECE
46178,PIECE
46179,PIECE
46216,PIECE
46272,1
46273,PIECE
46274,PIECE
46275,PIECE
46282,CARTON DE 6
46305,CARTON DE 6
46315,CARTON DE 500
46331,PIECE
46415,CARTON DE 750
46420,PIECE
46421,PIECE
46456,BOITE DE 50
46457,BOITE DE 60
46458,PIECE
46459,PIECE
46509,1
46577,SACHET DE 16
46589,PIECE
46594,CARTON DE 6
46606,CARTON DE 500
46620,CARTON DE 6
46624,PIECE
46632,PIECE
46633,PIECE
46677,CARTON DE 750
46678,CARTON DE 1000
46690,PIECE
46751,PIECE
46752,SACHET DE 44
46753,SACHET DE 40
46754,SACHET DE 36
46755,SACHET DE 32
46756,SACHET DE 16
46757,SACHET DE 14
46788,BOITE
46794,PIECE
46811,PIECE
46812,PIECE
46813,PIECE
46814,PIECE
46815,PIECE
46816,PIECE
46817,PIECE
46818,PIECE
46827,PIECE
46832,PIECE
46835,CARTON DE 750
46840,PIECE
46841,PIECE
46842,PIECE
46843,PIECE
46844,PIECE
46845,PIECE
46846,PIECE
46847,PIECE
46848,PIECE
46849,PIECE
46850,PIECE
46890,CARTON DE 25
46897,1
46919,PIECE
46935,PIECE
46936,PIECE
46961,PIECE
46962,PIECE
46963,PIECE
46964,PIECE
46965,PIECE
46982,CARTON DE 750
47053,PIECE
47054,PIECE
47056,1
47061,PIECE
47062,PIECE
47063,PIECE
47064,PIECE
47065,PIECE
47066,PIECE
47067,PIECE
47068,PIECE
47091,CARTON DE 750
47094,1
47112,BOITE
47113,BOITE
47114,BOITE
47115,PIECE
47116,PIECE
47117,PIECE
47118,PIECE
47119,PIECE
47120,PIECE
47121,PIECE
47122,PIECE
47123,PIECE
47124,PIECE
47125,PIECE
47126,CARTON DE 25
47146,CARTON DE 750
47157,CARTON DE 750
47162,PIECE
47177,PIECE
47178,PIECE
47182,CARTON DE 750
47207,CARTON DE 750
47208,PIECE
47209,PIECE
47210,PIECE
47211,PIECE
47212,PIECE
47213,PIECE
47214,PIECE
47215,PIECE
47216,PIECE
47217,PIECE
47218,PIECE
47219,PIECE
47220,PIECE
47229,PIECE
47242,CARTON DE 750
47251,PIECE
47252,BOITE
47253,BOITE
47254,BOITE
47256,PIECE
47257,PIECE
47258,PIECE
47259,PIECE
47260,PIECE
47261,PIECE
47262,PIECE
47263,PIECE
47264,PIECE
47272,CARTON DE 750
47298,PIECE
47299,BOITE
47312,PIECE
47313,BOITE
47319,CARTON DE 6
47331,CARTON DE 1000
47339,PIECE
47340,PIECE
47341,PIECE
47342,PIECE
47343,PIECE
47344,PIECE
47368,CARTON DE 500
47388,CARTON DE 500
47390,1
47391,CARTON DE 750
47417,CARTON DE 6
47449,PIECE
47450,PIECE
47462,PIECE
47464,PIECE
47465,PIECE
47466,PIECE
47467,PIECE
47468,PIECE
47475,CARTON DE 750
47491,CARTON DE 750
47513,CARTON DE 750
47566,PIECE
47582,CARTON DE 500
47598,SACHET DE 50
47601,PIECE
47617,CARTON DE 100
47618,CARTON DE 500
47619,PIECE
47620,PIECE
47626,PIECE
47627,PIECE
47628,PIECE
47629,BOITE
47630,BOITE
47631,BOITE
47632,PIECE
47643,CARTON DE 750
47655,CARTON DE 25
47694,PIECE
47695,PIECE
47697,PIECE
47698,PIECE
47699,CARTON DE 6
47706,CARTON DE 750
47750,1
47767,PIECE
47770,CARTON DE 750
47793,CARTON DE 500
47825,CARTON DE 25
47827,CARTON DE 25
47872,50
47979,PIECE
47980,PIECE
47981,PIECE
47982,PIECE
47983,PIECE
47984,PIECE
47985,PIECE
47986,PIECE
47987,PIECE
47988,PIECE
48001,1
48002,PIECE
48018,CARTON DE 750
48042,1
48043,BOITE DE 50
48044,BOITE DE 50
48053,SACHET DE 25
48058,SACHET DE 32
48059,SACHET DE 30
48060,SACHET DE 28
48061,SACHET DE 24
48154,CARTON DE 750
48158,CARTON DE 750
48171,CARTON DE 6
48211,PIECE
48212,PIECE
48213,PIECE
48223,CARTON DE 750
48227,1
48231,PIECE
48232,PIECE
48233,SACHET DE 100
48234,SACHET DE 20
48248,PIECE
48275,PIECE
48276,PIECE
48277,PIECE
48288,BOITE
48290,SACHET DE 20
48291,SACHET DE 15
48292,SACHET DE 14
48293,SACHET DE 14
48299,PIECE
48334,PIECE
48335,PIECE
48364,CARTON DE 25
48384,CARTON DE 6
48391,PIECE
48431,PIECE
48432,PIECE
48446,CARTON DE 500
48474,CARTON DE 6
48484,CARTON DE 6
48501,CARTON DE 750
48502,BOITE DE 50
48513,BOITE
48514,BOITE
48515,PIECE
48516,PIECE
48517,FLOWPACK
48518,SACHET DE 100
48554,CARTON DE 6
48557,CARTON DE 6
48576,BOITE DE 50
48613,CARTON DE 750
48642,1
48676,CARTON DE 6
48698,PIECE
48699,PIECE
48700,PIECE
48701,PIECE
48702,PIECE
48703,PIECE
48708,PIECE
48709,PIECE
48710,PIECE
48717,CARTON DE 750
48722,CARTON DE 6
48725,CARTON DE 6
48727,CARTON DE 750
48728,CARTON DE 750
48740,CARTON DE 750
48741,CARTON DE 25
48759,CARTON DE 500
48763,PIECE
48764,PIECE
48783,CARTON DE 750
48800,PIECE
48821,PIECE
48873,PIECE
48877,PIECE
48893,SACHET DE 100
48895,100
48896,SACHET DE 100
48898,PIECE
48912,PIECE
48916,SACHET DE 100
48917,100
48918,SACHET DE 100
48935,PIECE
48946,PIECE
48953,PIECE
48957,PIECE
48959,PIECE
48972,BOITE DE 50
48982,BOITE DE 50
48986,CARTON DE 750
48998,PIECE
48999,BOITE
49016,CARTON DE 750
49030,100
49050,100
49051,SACHET DE 100
49064,SACHET DE 100
49072,100
49088,CARTON DE 6
49091,PIECE
49092,PIECE
49093,PIECE
49094,PIECE
49100,100
49106,100
49109,100
49119,CARTON DE 6
49131,1
49141,PIECE
49160,SACHET DE 5
49163,PIECE
49180,CARTON DE 500
49193,PIECE
49197,CARTON DE 750
49218,SACHET DE 50
49228,CARTON DE 750
49233,PIECE
49246,CARTON DE 6
49269,CARTON DE 750
49286,CARTON DE 500
49312,1
49313,CARTON DE 750
49321,CARTON DE 750
49339,PIECE
49360,CARTON DE 750
49391,CARTON DE 25
49405,PIECE
49406,CARTON DE 750
49462,CARTON DE 500
49463,1
49498,CARTON DE 750
49588,PIECE
49589,PIECE
49614,1
49618,CARTON DE 25
49645,CARTON DE 6
49646,CARTON DE 750
49661,CARTON DE 750
49663,CARTON DE 50
49691,CARTON DE 25
49695,BOITE
49697,BOITE
49698,PIECE
49712,BOITE
49723,CARTON DE 600
49725,CARTON DE 600
49726,CARTON DE 600
49727,CARTON DE 600
49728,CARTON DE 600
49729,CARTON DE 600
49730,CARTON DE 600
49732,CARTON DE 600
49737,SACHET DE 20
49738,SACHET DE 20
49739,SACHET DE 20
49740,SACHET DE 14
49744,1
49758,CARTON DE 6
49810,PIECE
49811,PIECE
49846,CARTON DE 750
49861,CARTON DE 500
49877,CARTON DE 750
49913,FLOWPACK
49915,SACHET DE 25
49916,FLOWPACK
49918,72
49940,PIECE
49941,PIECE
49942,PIECE
49944,PIECE
49945,PIECE
49947,PIECE
49948,PIECE
49949,PIECE
49950,PIECE
50002,CARTON DE 500
50011,CARTON DE 6
50025,CARTON DE 750
50054,PIECE
50055,PIECE
50056,PIECE
50057,PIECE
50065,PIECE
50066,PIECE
50067,PIECE
50068,PIECE
50070,PIECE
50084,CARTON DE 6
50089,CARTON DE 500
50129,CARTON DE 750
50137,PIECE
50145,PIECE
50148,PIECE
50185,CARTON DE 200
50195,PIECE
50216,CARTON DE 750
50225,CARTON DE 750
50228,PIECE
50229,PIECE
50249,PIECE
50250,PIECE
50251,PIECE
50252,PIECE
50253,PIECE
50283,1
50355,1
50359,CARTON DE 750
50385,CARTON DE 25
50391,PIECE
50424,CARTON DE 6
50452,CARTON DE 750
50457,PIECE
50486,CARTON DE 750
50523,CARTON DE 50
50564,PIECE
50632,PIECE
50733,PIECE
50761,CARTON DE 6
50774,CARTON DE 50
50804,PIECE
50805,CARTON DE 750
50813,PIECE
50814,PIECE
50815,PIECE
50816,PIECE
50824,CARTON DE 6
50857,CARTON DE 6
50896,BOITE
50907,PIECE
50921,PIECE
50922,PIECE
50985,PIECE
50986,PIECE
50987,BOITE
50988,PIECE
50989,PIECE
51060,CARTON DE 1000
51101,PIECE
51102,PIECE
51108,PIECE
51109,PIECE
51110,PIECE
51111,PIECE
51122,PIECE
51123,PIECE
51124,PIECE
51155,PIECE
51157,PIECE
51159,PIECE
51160,PIECE
51163,PIECE
51165,PIECE
51166,PIECE
51179,CARTON DE 750
51181,CARTON DE 750
51192,PIECE
51195,PIECE
51227,PIECE
51228,PIECE
51237,CARTON DE 25
51238,CARTON DE 25
51240,CARTON DE 6
51244,CARTON DE 6
51263,PIECE
51264,PIECE
51265,PIECE
51278,CARTON DE 200
51291,PIECE
51292,PIECE
51293,PIECE
51316,CARTON DE 750
51323,PIECE
51330,PIECE
51347,1
51350,1
51376,PIECE
51380,CARTON DE 750
51404,CARTON DE 500
51422,PIECE
51423,CARTON DE 500
51430,CARTON DE 500
51457,CARTON DE 6
51467,PIECE
51492,PIECE
51513,PIECE
51516,CARTON DE 750
51518,SACHET DE 50
51519,SACHET DE 100
51520,PIECE
51521,PIECE
51522,PIECE
51523,PIECE
51524,PIECE
51573,BOITE
51574,BOITE
51575,BOITE
51576,PIECE
51577,PIECE
51578,SACHET DE 50
51579,PIECE
51610,CARTON DE 25
51661,CARTON DE 750
51662,CARTON DE 1000
51666,PIECE
51667,PIECE
51668,PIECE
51713,PIECE
51714,PIECE
51715,PIECE
51782,CARTON DE 50
51877,PIECE
51896,PIECE
51897,PIECE
51898,SACHET DE 50
51899,PIECE
51928,CARTON DE 750
51931,PIECE
51950,CARTON DE 500
51951,CARTON DE 500
51994,PIECE
51995,PIECE
52005,CARTON DE 25
52053,CARTON DE 750
52064,1
52066,CARTON DE 200
52121,CARTON DE 6
52137,PIECE
52138,PIECE
52139,PIECE
52140,PIECE
52148,PIECE
52149,PIECE
52150,PIECE
52151,PIECE
52152,PIECE
52153,PIECE
52154,PIECE
52155,PIECE
52156,PIECE
52157,PIECE
52158,PIECE
52189,CARTON DE 6
52195,PIECE
52237,BOITE
52248,CARTON DE 6
52269,PIECE
52270,PIECE
52271,PIECE
52272,PIECE
52273,PIECE
52274,PIECE
52275,PIECE
52292,PIECE
52293,PIECE
52301,BOITE
52331,1
52354,PIECE
52355,PIECE
52356,PIECE
52357,PIECE
52358,PIECE
52359,PIECE
52368,PIECE
52369,PIECE
52370,PIECE
52371,PIECE
52372,PIECE
52374,PIECE
52377,PIECE
52378,PIECE
52380,PIECE
52396,CARTON DE 6
52397,CARTON DE 25
52404,PIECE
52419,CARTON DE 6
52434,CARTON DE 1000
52438,BOITE DE 50
52460,BOITE DE 50
52527,1
52544,CARTON DE 6
52545,PIECE
52546,PIECE
52548,PIECE
52549,PIECE
52550,PIECE
52551,PIECE
52559,PIECE
52560,PIECE
52561,PIECE
52562,PIECE
52629,PIECE
52721,PIECE
52722,PIECE
52723,PIECE
52724,PIECE
52725,BOITE
52726,BOITE
52727,BOITE
52728,PIECE
52729,PIECE
52730,PIECE
52731,PIECE
52732,PIECE
52733,PIECE
52734,PIECE
52735,PIECE
52736,PIECE
52737,PIECE
52738,PIECE
52739,PIECE
52746,PIECE
52774,CARTON DE 500
52798,72
52819,PIECE
52820,PIECE
52821,PIECE
52822,PIECE
52823,PIECE
52824,PIECE
52825,PIECE
52872,PIECE
52890,CARTON DE 25
52918,PIECE
52919,PIECE
52920,PIECE
52921,PIECE
52922,PIECE
52923,PIECE
52925,PIECE
53019,PIECE
53025,PIECE
53086,PIECE
53095,1
53096,PIECE
53150,PIECE
53151,PIECE
53152,PIECE
53166,PIECE
53180,CARTON DE 25
53288,PIECE
53299,CARTON DE 1000
53302,SACHET DE 60
53303,SACHET DE 60
53304,SACHET DE 30
53305,SACHET DE 100
53306,SACHET DE 50
53307,SACHET DE 50
53308,SACHET DE 50
53309,SACHET DE 50
53310,SACHET DE 50
53311,SACHET DE 50
53369,PIECE
53412,CARTON DE 6
53431,PIECE
53432,PIECE
53433,PIECE
53521,CARTON DE 25
53526,PIECE
53527,PIECE
53578,CARTON DE 6
53766,1
53805,CARTON DE 6
53836,BOITE DE 10
53899,CARTON DE 6
53904,CARTON DE 6
53953,CARTON DE 50
53988,PIECE
54048,PIECE
54087,CARTON DE 6
54090,BOITE DE 50
54092,CARTON DE 25
54126,CARTON DE 6
54137,CARTON DE 1000
54151,PIECE
54270,CARTON DE 500
54301,CARTON DE 6
54306,PIECE
54358,CARTON DE 25
54374,PIECE
54375,PIECE
54376,PIECE
54377,PIECE
54424,CARTON DE 500
54480,PIECE
54521,PIECE
54526,PIECE
54589,PIECE
54658,PIECE
54682,BOITE
54777,CARTON DE 6
54820,PIECE
54829,CARTON DE 25
54938,PIECE
54939,PIECE
54940,PIECE
54941,PIECE
54942,PIECE
54955,PIECE
54981,CARTON DE 1000
54995,PIECE
55006,CARTON DE 25
55023,CARTON DE 6
55055,PIECE
55068,PIECE
55069,PIECE
55070,PIECE
55071,PIECE
55072,PIECE
55073,PIECE
55074,PIECE
55080,PIECE
55127,PIECE
55168,PIECE
55199,PIECE
55260,CARTON DE 6
55285,CARTON DE 6
55302,72
55303,1
55376,1
55398,CARTON DE 1000
55504,PIECE
55626,CARTON DE 750
55671,CARTON DE 6
55709,PIECE
55742,CARTON DE 25
55747,CARTON DE 25
55773,CARTON DE 6
55802,PIECE
55819,PIECE
55820,PIECE
55847,PIECE
55876,CARTON DE 1000
55932,CARTON DE 6
56038,CARTON DE 25
56086,CARTON DE 6
56135,CARTON DE 25
56225,PIECE
56285,PIECE
56335,CARTON DE 25
56463,PIECE
56464,PIECE
56465,PIECE
56474,PIECE
56624,1
56654,CARTON DE 6
56678,BOITE
56679,BOITE
56680,PIECE
56681,BOITE DE 50
56734,CARTON DE 6
56747,CARTON DE 500
56781,BOITE DE 10
56874,CARTON DE 25
56875,PIECE
56888,CARTON DE 750
56991,CARTON DE 25
56994,CARTON DE 50
57008,CARTON DE 750
57021,PIECE
57022,PIECE
57023,PIECE
57024,PIECE
57025,PIECE
57062,CARTON DE 6
57165,CARTON DE 200
57205,PIECE
57309,CARTON DE 750
57472,PIECE
57478,CARTON DE 750
57495,PIECE
57561,CARTON DE 200
57568,PIECE
57712,CARTON DE 750
57776,CARTON DE 100
57780,PIECE
57883,CARTON DE 6
57951,PIECE
57965,PIECE
57997,PIECE
58032,CARTON DE 50
58114,CARTON DE 1000
58177,CARTON DE 25
58201,CARTON DE 25
58223,PIECE
58352,CARTON DE 1000
58551,CARTON DE 750
58552,PIECE
58611,CARTON DE 750
58612,CARTON DE 750
58614,CARTON DE 750
58621,CARTON DE 6
58665,CARTON DE 1000
58674,PIECE
58680,PIECE
58682,PIECE
58719,CARTON DE 1000
58782,PIECE
58784,PIECE
58816,CARTON DE 750
58828,CARTON DE 750
58837,CARTON DE 6
58850,CARTON DE 6
58900,PIECE
58932,CARTON DE 750
59000,CARTON DE 1000
59031,CARTON DE 1000
59137,CARTON DE 200
59202,CARTON DE 100
59212,CARTON DE 1000
59230,PIECE
59272,CARTON DE 1000
59288,PIECE
59289,PIECE
59290,PIECE
59291,PIECE
59292,PIECE
59297,PIECE
59301,PIECE
59306,PIECE
59309,PIECE
59310,PIECE
59311,PIECE
59312,PIECE
59313,PIECE
59316,1
59317,1
59320,1
59366,CARTON DE 750
59368,CARTON DE 25
59480,CARTON DE 1000
59500,CARTON DE 750
59526,CARTON DE 750
59555,CARTON DE 750
59557,CARTON DE 750
59558,CARTON DE 750
59559,CARTON DE 750
59570,CARTON DE 750
59593,CARTON DE 750
59672,1
59767,66
59774,BOITE DE 50
59775,BOITE DE 50
59776,BOITE DE 50
59777,BOITE DE 50
59815,CARTON DE 750
59889,CARTON DE 1000
59904,CARTON DE 1000
59909,CARTON DE 750
59929,CARTON DE 200
59930,CARTON DE 200
59953,CARTON DE 750
60007,CARTON DE 1000
60015,CARTON DE 750
60035,PIECE
60036,PIECE
60037,BOITE DE 60
60054,CARTON DE 6
60066,PIECE
60068,1
60097,BOITE DE 50
60098,BOITE DE 50
60099,BOITE DE 50
60100,BOITE DE 10
60101,BOITE DE 50
60102,BOITE DE 50
60103,BOITE DE 40
60104,BOITE DE 25
60105,BOITE DE 50
60106,BOITE DE 50
60107,BOITE DE 50
60108,BOITE DE 50
60109,BOITE DE 10
60110,BOITE DE 50
60111,BOITE DE 50
60112,BOITE DE 40
60113,BOITE DE 25
60114,BOITE DE 50
60115,CARTON DE 750
60118,CARTON DE 750
60119,CARTON DE 750
60127,PIECE
60130,BOITE
60131,BOITE
60132,BOITE
60133,BOITE
60140,CARTON DE 25
60152,BOITE
60153,BOITE
60154,BOITE
60155,BOITE
60162,BOITE
60163,BOITE
60164,BOITE
60165,BOITE
60166,BOITE
60167,BOITE
60168,BOITE
60169,BOITE
60182,BOITE
60183,BOITE
60184,BOITE
60185,BOITE
60193,BOITE
60194,BOITE
60195,BOITE
60196,BOITE
60200,BOITE
60201,BOITE
60202,BOITE
60203,BOITE
60204,BOITE
60205,BOITE
60206,BOITE
60207,BOITE
60208,BOITE
60209,BOITE
60210,BOITE
60211,BOITE
60212,BOITE
60213,BOITE
60214,BOITE
60215,BOITE
60258,CARTON DE 100
60355,SACHET DE 50
60356,PIECE
60383,PIECE
60384,PIECE
60386,CARTON DE 1000
60421,CARTON DE 25
60459,PIECE
60487,CARTON DE 6
60495,CARTON DE 6
60516,PIECE
60549,CARTON DE 1000
60550,CARTON DE 1000
60551,CARTON DE 1000
60552,CARTON DE 1000
60553,CARTON DE 1000
60581,CARTON DE 750
60582,CARTON DE 1000
60595,PIECE
60616,CARTON DE 750
60643,CARTON DE 1000
60647,PIECE
60656,1
60667,PIECE
60681,CARTON DE 750
60703,CARTON DE 6
60731,CARTON DE 750
60759,PIECE
60760,PIECE
60846,PIECE
60852,PIECE
60895,CARTON DE 750
60900,CARTON DE 750
60909,CARTON DE 750
60912,CARTON DE 6
60933,CARTON DE 1000
60964,CARTON DE 750
60976,CARTON DE 25
60978,CARTON DE 750
61008,CARTON DE 750
61010,CARTON DE 1000
61012,CARTON DE 1000
61039,CARTON DE 6
61050,PIECE
61084,CARTON DE 750
61090,CARTON DE 750
61115,CARTON DE 1000
61125,CARTON DE 200
61139,CARTON DE 750
61150,CARTON DE 750
61169,1
61170,PIECE
61200,BOITE DE 50
61201,BOITE DE 50
61202,BOITE DE 50
61203,BOITE DE 50
61204,BOITE DE 50
61205,BOITE DE 50
61208,BOITE DE 50
61209,BOITE DE 50
61210,BOITE DE 50
61211,BOITE DE 50
61212,BOITE DE 50
61213,BOITE DE 50
61214,BOITE DE 50
61215,BOITE DE 50
61216,BOITE DE 50
61217,BOITE DE 50
61218,BOITE DE 25
61219,BOITE DE 25
61220,BOITE DE 25
61221,BOITE DE 25
61223,PIECE
61224,PIECE
61234,CARTON DE 750
61255,CARTON DE 750
61257,CARTON DE 50
61278,CARTON DE 750
61305,BOITE DE 40
61306,BOITE DE 40
61307,BOITE DE 50
61310,1
61325,CARTON DE 750
61329,PIECE
61348,PIECE
61387,CARTON DE 1000
61390,PIECE
61391,SACHET DE 14
61392,SACHET DE 14
61393,SACHET DE 20
61395,1
61400,BOITE DE 50
61435,PIECE
61436,PIECE
61437,PIECE
61438,PIECE
61439,PIECE
61440,PIECE
61441,PIECE
61465,PIECE
61501,1
61525,CARTON DE 750
61574,CARTON DE 750
61588,PIECE
61599,CARTON DE 750
61629,CARTON DE 750
61693,CARTON DE 750
61712,CARTON DE 750
61732,1
61733,PIECE
61734,PIECE
61735,PIECE
61736,PIECE
61737,PIECE
61738,PIECE
61739,PIECE
61828,CARTON DE 750
61856,CARTON DE 750
61926,CARTON DE 750
61973,PIECE
61974,PIECE
61994,PIECE
62017,PIECE
62027,PIECE
62047,CARTON DE 750
62054,PIECE
62085,CARTON DE 750
62109,BOITE
62110,BOITE
62141,CARTON DE 750
62178,CARTON DE 750
62181,CARTON DE 6
62193,CARTON DE 750
62214,PIECE
62216,PIECE
62217,PIECE
62223,PIECE
62236,CARTON DE 6
62237,PIECE
62238,PIECE
62240,CARTON DE 750
62245,CARTON DE 750
62262,1
62322,CARTON DE 750
62356,BOITE DE 40
62357,BOITE DE 40
62358,BOITE DE 40
62364,PIECE
62365,PIECE
62366,PIECE
62367,PIECE
62368,PIECE
62369,PIECE
62370,PIECE
62371,SACHET DE 50
62372,SACHET DE 50
62373,PIECE
62374,PIECE
62375,PIECE
62376,PIECE
62377,PIECE
62378,PIECE
62379,PIECE
62380,SACHET DE 250
62381,PIECE
62382,PIECE
62383,PIECE
62384,PIECE
62385,PIECE
62386,PIECE
62387,PIECE
62388,PIECE
62389,PIECE
62463,CARTON DE 200
62506,CARTON DE 25
62527,CARTON DE 750
62569,BOITE DE 50
62570,BOITE DE 50
62592,PIECE
62593,PIECE
62598,PIECE
62599,PIECE
62601,CARTON DE 6
62618,CARTON DE 750
62673,SACHET DE 25
62678,PIECE
62684,PIECE
62747,CARTON DE 750
62798,PIECE
62811,CARTON DE 25
62901,CARTON DE 1000
62906,CARTON DE 750
62914,CARTON DE 750
62967,CARTON DE 200
62993,CARTON DE 750
63022,SACHET DE 42
63023,SACHET DE 44
63024,SACHET DE 40
63025,SACHET DE 36
63026,SACHET DE 27
63033,SACHET DE 40
63034,SACHET DE 28
63093,PIECE
63131,PIECE
63153,SACHET DE 50
63193,CARTON DE 750
63197,PIECE
63228,CARTON DE 200
63268,1
63300,CARTON DE 750
63309,CARTON DE 750
63329,PIECE
63330,PIECE
63353,CARTON DE 1000
63405,CARTON DE 750
63460,CARTON DE 6
63522,CARTON DE 750
63548,CARTON DE 750
63589,CARTON DE 6
63591,CARTON DE 1000
63598,CARTON DE 750
63599,PIECE
63609,CARTON DE 1000
63631,CARTON DE 750
63633,CARTON DE 6
63668,CARTON DE 750
63702,PIECE
63703,PIECE
63704,PIECE
63705,PIECE
63735,PIECE
63736,PIECE
63787,PIECE
63812,PIECE
63813,PIECE
63851,CARTON DE 25
63853,PIECE
63854,PIECE
63856,PIECE
63857,PIECE
63861,PIECE
63873,PIECE
63875,PIECE
63879,CARTON DE 750
63912,CARTON DE 750
63915,CARTON DE 750
63927,100
63928,PIECE
63943,CARTON DE 750
63952,FLOWPACK
63953,SACHET DE 50
63965,CARTON DE 750
63970,CARTON DE 6
63977,CARTON DE 200
63980,CARTON DE 200
64047,CARTON DE 750
64058,CARTON DE 750
64059,CARTON DE 750
64060,CARTON DE 750
64061,CARTON DE 750
64076,PIECE
64077,PIECE
64090,PIECE
64127,CARTON DE 750
64128,PIECE
64129,PIECE
64130,PIECE
64132,CARTON DE 200
64141,CARTON DE 750
64150,CARTON DE 50
64167,CARTON DE 25
64169,CARTON DE 200
64191,PIECE
64192,PIECE
64193,PIECE
64194,PIECE
64195,PIECE
64196,PIECE
64198,CARTON DE 25
64203,CARTON DE 750
64276,CARTON DE 6
64305,1
64311,CARTON DE 6
64325,PIECE
64328,CARTON DE 750
64337,PIECE
64338,PIECE
64348,PIECE
64352,CARTON DE 750
64402,CARTON DE 6
64422,CARTON DE 750
64428,CARTON DE 1000
64446,1
64482,CARTON DE 750
64487,CARTON DE 750
64521,PIECE
64522,PIECE
64523,PIECE
64560,PIECE
64569,PIECE
64618,1
64674,PIECE
64675,BOITE
64676,BOITE
64677,BOITE
64678,BOITE
64679,PIECE
64686,CARTON DE 1000
64710,CARTON DE 6
64724,PIECE
64736,PIECE
64737,PIECE
64739,CARTON DE 750
64762,CARTON DE 1000
64769,PIECE
64770,PIECE
64771,PIECE
64793,CARTON DE 1000
64891,PIECE
64892,PIECE
64934,BOITE DE 12
65006,CARTON DE 750
65013,CARTON DE 750
65014,CARTON DE 6
65017,CARTON DE 1000
65019,1
65040,CARTON DE 6
65044,CARTON DE 750
65046,CARTON DE 750
65049,CARTON DE 6
65057,PIECE
65058,PIECE
65059,PIECE
65091,CARTON DE 750
65104,CARTON DE 6
65180,PIECE
65183,CARTON DE 750
65207,PIECE
65219,CARTON DE 1000
65238,PIECE
65253,CARTON DE 1000
65274,CARTON DE 1000
65279,CARTON DE 750
65310,CARTON DE 1000
65312,PIECE
65313,PIECE
65314,PIECE
65315,PIECE
65316,PIECE
65317,PIECE
65337,CARTON DE 750
65365,1
65369,SACHET DE 50
65370,SACHET DE 50
65371,PIECE
65372,PIECE
65374,PIECE
65388,PIECE
65428,1
65455,CARTON DE 6
65537,PIECE
65538,PIECE
65539,PIECE
65540,PIECE
65541,PIECE
65580,PIECE
65581,PIECE
65582,PIECE
65583,PIECE
65584,PIECE
65585,PIECE
65590,1
65605,PIECE
65606,PIECE
65608,PIECE
65609,PIECE
65610,PIECE
65614,CARTON DE 1000
65616,PIECE
65618,1
65626,PIECE
65627,PIECE
65628,PIECE
65629,PIECE
65639,1
65709,1
65731,CARTON DE 25
65740,1
65773,CARTON DE 750
65795,CARTON DE 1000
65804,CARTON DE 750
65809,CARTON DE 750
65823,CARTON DE 750
65839,PIECE
65843,CARTON DE 750
65844,CARTON DE 750
65850,1
65859,CARTON DE 750
65929,CARTON DE 750
65973,PIECE
65974,PIECE
65975,PIECE
65976,PIECE
65979,PIECE
65980,PIECE
65981,PIECE
65985,CARTON DE 1000
65991,CARTON DE 25
65995,CARTON DE 1000
66021,CARTON DE 750
66041,PIECE
66042,PIECE
66065,PIECE
66081,CARTON DE 1000
66096,CARTON DE 25
66117,1
66142,CARTON DE 750
66151,CARTON DE 6
66168,CARTON DE 6
66173,1
66191,CARTON DE 6
66200,CARTON DE 6
66206,CARTON DE 750
66225,1
66235,PIECE
66237,CARTON DE 750
66249,BOITE DE 12
66265,CARTON DE 750
66276,CARTON DE 6
66285,PIECE
66286,CARTON DE 25
66290,PIECE
66294,PIECE
66312,CARTON DE 750
66322,PIECE
66385,1
66386,PIECE
66414,CARTON DE 750
66423,CARTON DE 6
66424,CARTON DE 750
66455,PIECE
66460,PIECE
66461,PIECE
66462,PIECE
66464,PIECE
66475,PIECE
66476,PIECE
66507,CARTON DE 25
66560,CARTON DE 6
66567,CARTON DE 750
66579,CARTON DE 750
66587,1
66604,PIECE
66605,PIECE
66606,PIECE
66607,PIECE
66608,PIECE
66613,1
66618,SACHET DE 50
66619,SACHET DE 50
66620,SACHET DE 50
66629,CARTON DE 750
66641,PIECE
66645,SACHET DE 25
66650,CARTON DE 750
66677,CARTON DE 1000
66681,PIECE
66683,PIECE
66692,CARTON DE 750
66701,1
66708,1
66713,PIECE
66715,BOITE DE 50
66726,CARTON DE 1000
66743,PIECE
66763,CARTON DE 750
66772,CARTON DE 50
66774,CARTON DE 6
66778,PIECE
66785,CARTON DE 750
66805,CARTON DE 750
66816,CARTON DE 750
66817,1
66872,1
66887,CARTON DE 6
66960,1
66971,CARTON DE 1000
66972,CARTON DE 750
66975,CARTON DE 1000
67179,1
67250,PIECE
67251,PIECE
67252,PIECE
67253,PIECE
67254,PIECE
67255,PIECE
67279,PIECE
67280,PIECE
67281,PIECE
67282,PIECE
67283,PIECE
67284,PIECE
67287,PIECE
67304,CARTON DE 750
67338,CARTON DE 750
67346,CARTON DE 750
67357,CARTON DE 750
67360,CARTON DE 750
67496,PIECE
67504,PIECE
67516,PIECE
67520,PIECE
67525,CARTON DE 750
67531,1
67552,CARTON DE 750
67554,CARTON DE 750
67560,CARTON DE 25
67632,CARTON DE 6
67638,FLOWPACK
67645,CARTON DE 6
67720,CARTON DE 6
67721,CARTON DE 750
67724,PIECE
67769,PIECE
67779,CARTON DE 750
67788,CARTON DE 50
67792,1
67803,PIECE
67804,SACHET DE 10
67834,CARTON DE 6
67855,CARTON DE 750
67858,CARTON DE 6
67859,CARTON DE 750
67894,1
67895,CARTON DE 750
67915,CARTON DE 750
67919,CARTON DE 750
67924,CARTON DE 750
67937,CARTON DE 750
67966,PIECE
67967,SACHET DE 50
67968,PIECE
67969,SACHET DE 100
67970,SACHET DE 50
67971,PIECE
67975,PIECE
68003,PIECE
68017,PIECE
68025,PIECE
68034,CARTON DE 750
68045,CARTON DE 750
68047,CARTON DE 750
68052,CARTON DE 6
68053,CARTON DE 1000
68056,CARTON DE 6
68068,SACHET DE 15
68071,1
68083,PIECE
68170,PIECE
68172,1
68181,CARTON DE 750
68206,PIECE
68220,1
68223,CARTON DE 750
68248,PIECE
68249,PIECE
68252,CARTON DE 6
68259,CARTON DE 750
68337,CARTON DE 25
68368,CARTON DE 6
68402,CARTON DE 6
68426,PIECE
68431,PIECE
68440,1
68462,PIECE
68463,CARTON DE 750
68470,PIECE
68472,CARTON DE 750
68499,PIECE
68500,PIECE
68501,PIECE
68502,PIECE
68505,PIECE
68519,CARTON DE 6
68536,PIECE
68553,CARTON DE 6
68576,CARTON DE 6
68581,CARTON DE 6
68585,CARTON DE 6
68591,CARTON DE 1000
68601,CARTON DE 750
68605,PIECE
68606,PIECE
68613,PIECE
68614,PIECE
68615,PIECE
68616,PIECE
68617,PIECE
68618,PIECE
68622,PIECE
68625,PIECE
68666,1
68682,1
68689,PIECE
68718,CARTON DE 750
68751,PIECE
68752,PIECE
68767,CARTON DE 750
68783,CARTON DE 50
68794,CARTON DE 750
68800,CARTON DE 1000
68832,CARTON DE 750
68860,BOITE DE 50
68878,PIECE
68879,PIECE
68880,PIECE
68882,PIECE
68887,PIECE
68890,CARTON DE 6
68915,CARTON DE 6
68917,CARTON DE 25
68922,1
69056,CARTON DE 750
69060,CARTON DE 6
69078,1
69106,CARTON DE 6
69118,CARTON DE 750
69131,1
69137,CARTON DE 750
69153,1
69163,1
69188,CARTON DE 750
69190,CARTON DE 750
69192,CARTON DE 1000
69199,CARTON DE 750
69206,CARTON DE 750
69210,CARTON DE 25
69228,CARTON DE 750
69232,CARTON DE 750
69276,CARTON DE 750
69305,CARTON DE 750
69318,PIECE
69326,PIECE
69327,PIECE
69328,FLOWPACK
69329,PIECE
69338,CARTON DE 750
69362,BOITE
69363,BOITE
69364,BOITE
69365,BOITE
69366,BOITE
69367,BOITE
69368,BOITE
69369,BOITE
69370,BOITE
69371,BOITE
69372,BOITE
69373,BOITE
69374,BOITE
69375,BOITE
69376,BOITE
69377,BOITE
69378,BOITE
69379,BOITE
69380,BOITE
69381,BOITE
69382,BOITE
69383,BOITE
69385,BOITE
69386,BOITE
69388,BOITE
69389,BOITE
69390,BOITE
69391,BOITE
69392,BOITE
69393,BOITE
69411,CARTON DE 6
69417,BOITE DE 50
69419,BOITE DE 25
69420,BOITE DE 50
69421,BOITE DE 50
69430,BOITE DE 50
69431,BOITE DE 20
69436,CARTON DE 1000
69452,PIECE
69453,PIECE
69455,PIECE
69472,CARTON DE 6
69473,SACHET DE 100
69475,SACHET DE 100
69487,10
69490,10
69492,SACHET DE 10
69493,SACHET DE 10
69494,10
69496,SACHET DE 10
69497,SACHET DE 10
69498,SACHET DE 10
69499,10
69500,PIECE
69501,PIECE
69503,PIECE
69505,PIECE
69506,PIECE
69508,PIECE
69509,PIECE
69510,PIECE
69511,PIECE
69512,PIECE
69513,PIECE
69514,PIECE
69515,PIECE
69516,PIECE
69517,PIECE
69518,PIECE
69519,BOITE DE 12
69636,BOITE 50
69637,CARTON DE 6
69640,CARTON DE 6
69647,CARTON DE 25
69648,CARTON DE 6
69657,CARTON DE 750
69668,CARTON DE 6
69675,PIECE
69687,CARTON DE 6
69698,PIECE
69699,PIECE
69700,PIECE
69701,PIECE
69702,PIECE
69703,PIECE
69704,PIECE
69705,PIECE
69706,PIECE
69739,CARTON DE 750
69747,PIECE
69748,PIECE
69749,PIECE
69750,PIECE
69751,PIECE
69752,PIECE
69754,1
69763,CARTON DE 750
69780,CARTON DE 6
69792,CARTON DE 750
69800,1
69809,BOITE 50
69819,PIECE
69820,PIECE
69821,PIECE
69822,PIECE
69833,CARTON DE 750
69840,CARTON DE 750
69841,CARTON DE 1000
69863,CARTON DE 6
69880,PIECE
69881,PIECE
69894,CARTON DE 6
69980,CARTON DE 750
70001,CARTON DE 750
70046,1
70047,CARTON DE 6
70056,CARTON DE 750
70071,PIECE
70091,1
70101,CARTON DE 1000
70103,CARTON DE 1000
70137,CARTON DE 6
70173,CARTON DE 6
70175,CARTON DE 750
70179,PIECE
70180,PIECE
70181,PIECE
70202,CARTON DE 750
70204,CARTON DE 750
70211,CARTON DE 750
70218,PIECE
70241,CARTON DE 750
70249,CARTON DE 750
70263,CARTON DE 750
70269,CARTON DE 750
70283,CARTON DE 50
70289,CARTON DE 750
70303,CARTON DE 750
70327,CARTON DE 750
70344,CARTON DE 6
70355,CARTON DE 750
70360,PIECE
70361,PIECE
70362,PIECE
70363,PIECE
70366,PIECE
70407,CARTON DE 6
70441,CARTON DE 750
70458,CARTON DE 6
70470,PIECE
70473,CARTON DE 6
70475,CARTON DE 750
70477,CARTON DE 1000
70491,1
70520,BOITE DE 12
70547,CARTON DE 50
70567,PIECE
70618,CARTON DE 750
70670,CARTON DE 750
70690,CARTON DE 750
70697,BOITE DE 50
70698,BOITE DE 50
70700,CARTON DE 750
70716,PIECE
70753,BOITE DE 12
70761,1
70767,CARTON DE 750
70786,PIECE
70787,PIECE
70812,CARTON DE 6
70827,CARTON DE 6
70831,PIECE
70832,PIECE
70852,CARTON DE 6
70855,CARTON DE 6
70856,CARTON DE 25
70858,1
70874,1
70877,PIECE
70911,CARTON DE 750
70916,PIECE
70934,CARTON DE 750
70989,CARTON DE 25
70995,CARTON DE 6
71003,CARTON DE 750
71017,CARTON DE 50
71028,SACHET DE 10
71057,PIECE
71058,PIECE
71059,PIECE
71060,PIECE
71061,BOITE DE 50
71062,BOITE 50
71063,PIECE
71064,PIECE
71112,PIECE
71116,CARTON DE 6
71186,CARTON DE 6
71193,CARTON DE 750
71195,CARTON DE 750
71211,CARTON DE 1000
71232,PIECE
71243,PIECE
71253,CARTON DE 750
71261,1
71272,CARTON DE 6
71349,CARTON DE 1000
71357,PIECE
71358,PIECE
71374,CARTON DE 25
71387,CARTON DE 750
71393,CARTON DE 750
71404,CARTON DE 50
71414,CARTON DE 750
71415,CARTON DE 750
71416,CARTON DE 750
71443,PIECE
71452,CARTON DE 1000
71468,CARTON DE 750
71486,CARTON DE 750
71496,PIECE
71508,PIECE
71509,PIECE
71510,PIECE
71511,PIECE
71512,PIECE
71575,CARTON DE 1000
71586,CARTON DE 750
71594,CARTON DE 6
71602,CARTON DE 25
71646,PIECE
71654,CARTON DE 750
71657,CARTON DE 25
71667,CARTON DE 750
71669,CARTON DE 750
71678,CARTON DE 750
71689,CARTON DE 6
71721,PIECE
71724,CARTON DE 1000
71737,CARTON DE 750
71745,PIECE
71747,PIECE
71750,CARTON DE 750
71797,PIECE
71798,PIECE
71799,58
71800,PIECE
71801,PIECE
71802,PIECE
71803,PIECE
71804,PIECE
71805,PIECE
71821,1
71829,PIECE
71830,PIECE
71841,CARTON DE 6
71844,PIECE
71858,CARTON DE 6
71911,CARTON DE 750
71920,PIECE
71930,PIECE
71951,PIECE
71963,1
71973,PIECE
71974,CARTON DE 750
72014,BOITE DE 12
72027,CARTON DE 750
72066,CARTON DE 25
72075,CARTON DE 750
72086,CARTON DE 750
72089,PIECE
72092,PIECE
72093,PIECE
72121,CARTON DE 6
72132,PIECE
72165,CARTON DE 750
72174,PIECE
72222,PIECE
72223,PIECE
72225,PIECE
72226,PIECE
72227,PIECE
72228,PIECE
72229,PIECE
72230,PIECE
72231,PIECE
72232,PIECE
72233,PIECE
72234,PIECE
72235,PIECE
72236,PIECE
72237,PIECE
72238,PIECE
72239,PIECE
72240,PIECE
72241,PIECE
72242,PIECE
72243,PIECE
72244,PIECE
72245,PIECE
72247,CARTON DE 6
72266,PIECE
72267,PIECE
72268,PIECE
72270,PIECE
72271,PIECE
72272,PIECE
72273,PIECE
72274,PIECE
72275,PIECE
72276,PIECE
72277,PIECE
72278,PIECE
72293,CARTON DE 1000
72308,CARTON DE 750
72314,CARTON DE 6
72321,CARTON DE 750
72344,CARTON DE 750
72357,CARTON DE 6
72370,CARTON DE 25
72389,CARTON DE 25
72393,PIECE
72407,CARTON DE 1000
72424,CARTON DE 6
72428,CARTON DE 1000
72432,CARTON DE 750
72440,CARTON DE 750
72445,CARTON DE 1000
72451,BOITE
72466,CARTON DE 1000
72474,BOITE DE 12
72478,PIECE
72479,PIECE
72540,CARTON DE 750
72554,PIECE
72556,PIECE
72560,PIECE
72563,CARTON DE 750
72564,PIECE
72566,BOITE DE 12
72568,PIECE
72577,CARTON DE 1000
72594,CARTON DE 6
72617,CARTON DE 6
72638,CARTON DE 750
72678,CARTON DE 6
72683,CARTON DE 750
72717,CARTON DE 6
72718,CARTON DE 6
72719,PIECE
72720,CARTON DE 750
72733,CARTON DE 750
72735,CARTON DE 6
72773,CARTON DE 6
72800,CARTON DE 750
72813,PIECE
72837,CARTON DE 750
72913,PIECE
73006,CARTON DE 6
73024,CARTON DE 750
73083,CARTON DE 750
73091,CARTON DE 750
73116,CARTON DE 6
73121,CARTON DE 6
73162,CARTON DE 750
73165,CARTON DE 750
73221,SACHET DE 60
73223,PIECE
73225,PIECE
73274,CARTON DE 750
73286,CARTON DE 750
73312,PIECE
73313,PIECE
73314,PIECE
73315,SACHET DE 50
73316,PIECE
73317,PIECE
73318,PIECE
73319,PIECE
73320,PIECE
73344,CARTON DE 1000
73369,CARTON DE 750
73374,CARTON DE 1000
73380,1
73427,CARTON DE 6
73439,PIECE
73442,CARTON DE 750
73444,CARTON DE 1000
73452,CARTON DE 750
73461,CARTON DE 6
73645,CARTON DE 750
73651,BOITE DE 50
73682,PIECE
73683,PIECE
73692,PIECE
73693,PIECE
73736,PIECE
73745,PIECE
73746,PIECE
73747,PIECE
73753,PIECE
73765,PIECE
73781,BOITE 50
73784,PIECE
73804,CARTON DE 6
73846,CARTON DE 750
73864,CARTON DE 750
73865,CARTON DE 750
73879,CARTON DE 750
73901,CARTON DE 750
73907,CARTON DE 6
73944,CARTON DE 750
73958,CARTON DE 750
73966,PIECE
74013,PIECE
74073,PIECE
74129,CARTON DE 6
74136,CARTON DE 750
74139,CARTON DE 1000
74141,CARTON DE 750
74151,BOITE DE 50
74158,BOITE
74159,BOITE
74161,BOITE
74164,BOITE DE 50
74183,PIECE
74192,CARTON DE 6
74196,CARTON DE 750
74270,PIECE
74291,PIECE
74304,CARTON DE 750
74329,CARTON DE 750
74365,BOITE DE 50
74374,CARTON DE 6
74386,BOITE DE 50
74398,CARTON DE 25
74399,PIECE
74415,CARTON DE 750
74464,PIECE
74470,CARTON DE 1000
74487,CARTON DE 750
74536,CARTON DE 6
74561,PIECE
74562,PIECE
74565,PIECE
74571,CARTON DE 25
74585,CARTON DE 750
74590,CARTON DE 6
74610,1
74613,CARTON DE 750
74626,PIECE
74634,PIECE
74635,PIECE
74636,PIECE
74637,PIECE
74644,PIECE
74645,FLOWPACK
74654,PIECE
74714,CARTON DE 6
74716,CARTON DE 750
74740,BOITE
74741,BOITE
74742,BOITE
74743,BOITE
74744,BOITE
74745,BOITE
74746,BOITE
74747,BOITE
74748,BOITE
74749,BOITE
74750,BOITE
74751,BOITE
74752,BOITE
74753,BOITE
74754,BOITE
74755,BOITE
74756,BOITE
74757,BOITE
74758,BOITE
74759,BOITE
74760,BOITE
74761,BOITE DE 50
74762,BOITE DE 25
74764,SACHET DE 100
74765,SACHET DE 20
74766,SACHET DE 50
74767,10
74768,SACHET DE 10
74769,10
74770,10
74771,10
74778,PIECE
74792,CARTON DE 750
74793,PIECE
74805,CARTON DE 750
74824,CARTON DE 1000
74840,PIECE
74841,PIECE
74842,PIECE
74843,PIECE
74844,PIECE
74846,1
74848,PIECE
74850,PIECE
74857,CARTON DE 1000
74860,PIECE
74861,PIECE
74862,PIECE
74910,PIECE
74911,PIECE
74912,PIECE
74921,CARTON DE 750
74952,PIECE
75040,PIECE
75041,PIECE
75080,BOITE DE 12
75091,CARTON DE 1000
75092,1
75095,PIECE
75116,BOITE DE 50
75155,BOITE DE 50
75163,PIECE
75164,SACHET DE 50
75165,SACHET DE 100
75166,PIECE
75167,PIECE
75168,PIECE
75169,PIECE
75170,PIECE
75175,CARTON DE 750
75230,PIECE
75231,PIECE
75246,CARTON DE 750
75248,CARTON DE 1000
75249,CARTON DE 25
75276,PIECE
75284,CARTON DE 750
75286,CARTON DE 750
75288,CARTON DE 6
75292,CARTON DE 6
75299,CARTON DE 1000
75314,CARTON DE 750
75391,1
75398,1
75424,PIECE
75447,PIECE
75450,CARTON DE 750
75465,PIECE
75466,PIECE
75467,PIECE
75520,CARTON DE 6
75537,PIECE
75553,25
75554,SACHET DE 25
75555,SACHET DE 25
75556,SACHET DE 50
75574,PIECE
75575,PIECE
75576,PIECE
75577,PIECE
75578,PIECE
75579,PIECE
75580,PIECE
75581,PIECE
75582,PIECE
75583,PIECE
75584,PIECE
75620,CARTON DE 6
75625,1
75655,10
75667,PIECE
75680,BOITE
75681,BOITE
75682,BOITE
75694,CARTON DE 750
75698,CARTON DE 750
75701,CARTON DE 6
75709,PIECE
75712,PIECE
75713,PIECE
75714,PIECE
75717,CARTON DE 6
75718,PIECE
75738,CARTON DE 750
75764,CARTON DE 750
75792,CARTON DE 6
75810,CARTON DE 750
75813,CARTON DE 750
75818,CARTON DE 1000
75825,CARTON DE 25
75829,CARTON DE 750
75861,CARTON DE 750
75873,CARTON DE 750
75890,1
75917,BOITE DE 50
75939,PIECE
75966,CARTON DE 6
75976,BOITE DE 12
75977,1
75991,CARTON DE 1000
76016,CARTON DE 6
76019,PIECE
76027,BOITE DE 50
76040,CARTON DE 1000
76082,CARTON DE 6
76111,PIECE
76128,CARTON DE 750
76218,CARTON DE 6
76222,CARTON DE 6
76252,PIECE
76256,PIECE
76257,PIECE
76258,PIECE
76259,PIECE
76260,PIECE
76261,PIECE
76262,PIECE
76263,PIECE
76276,PIECE
76279,CARTON DE 6
76283,CARTON DE 750
76289,PIECE
76328,BOITE DE 50
76329,BOITE DE 50
76330,BOITE DE 50
76336,CARTON DE 750
76346,BOITE
76420,CARTON DE 6
76435,PIECE
76436,PIECE
76437,PIECE
76438,PIECE
76441,SACHET DE 14
76442,SACHET DE 14
76443,SACHET DE 14
76444,PIECE
76445,PIECE
76470,PIECE
76471,PIECE
76472,PIECE
76473,PIECE
76474,PIECE
76475,BOITE DE 50
76476,PIECE
76477,BOITE DE 50
76479,PIECE
76480,BOITE DE 50
76481,BOITE DE 50
76482,BOITE DE 50
76483,BOITE DE 50
76498,CARTON DE 750
76542,PIECE
76546,PIECE
76568,CARTON DE 750
76647,CARTON DE 750
76704,SACHET DE 15
76705,SACHET DE 40
76706,SACHET DE 20
76707,SACHET DE 20
76708,SACHET DE 20
76709,SACHET DE 20
76710,SACHET DE 14
76711,SACHET DE 14
76712,SACHET DE 14
76749,BOITE DE 12
76753,PIECE
76755,PIECE
76760,PIECE
76785,PIECE
76786,PIECE
76799,CARTON DE 6
76846,PIECE
76847,PIECE
76861,CARTON DE 25
76889,CARTON DE 750
76891,PIECE
76899,CARTON DE 750
76913,CARTON DE 6
76955,1
76956,CARTON DE 750
76990,CARTON DE 750
77009,1
77025,CARTON DE 1000
77073,PIECE
77093,CARTON DE 1000
77123,CARTON DE 750
77164,CARTON DE 1000
77165,PIECE
77166,PIECE
77201,BOITE DE 50
77213,CARTON DE 6
77215,CARTON DE 6
77220,PIECE
77221,PIECE
77252,CARTON DE 24
77327,CARTON DE 1000
77328,PIECE
77342,CARTON DE 6
77361,CARTON DE 6
77404,PIECE
77406,PIECE
77440,PIECE
77443,PIECE
77502,CARTON DE 1000
77518,CARTON DE 1000
77521,CARTON DE 1000
77553,1
77555,1
77624,CARTON DE 1000
77642,PIECE
77643,SACHET DE 20
77644,SACHET DE 20
77645,SACHET DE 14
77646,SACHET DE 14
77647,SACHET DE 14
77648,SACHET DE 20
77649,SACHET DE 20
77650,SACHET DE 15
77651,SACHET DE 10
77652,SACHET DE 12
77675,PIECE
77676,CARTON DE 750
77713,SACHET DE 14
77714,SACHET DE 14
77715,SACHET DE 14
77716,SACHET DE 40
77717,PIECE
77718,PIECE
77719,PIECE
77720,BOITE DE 50
77721,PIECE
77722,BOITE
77723,PIECE
77724,SACHET DE 100
77729,1
77784,PIECE
77789,PIECE
77792,SACHET DE 20
77793,SACHET DE 20
77794,SACHET DE 15
77795,SACHET DE 20
77796,SACHET DE 25
77797,PIECE
77798,PIECE
77799,PIECE
77800,PIECE
77801,SACHET DE 100
77802,SACHET DE 50
77806,PIECE
77807,10
77816,CARTON DE 750
77843,PIECE
77849,CARTON DE 6
77859,PIECE
77860,PIECE
77861,PIECE
77876,BOITE
77879,PIECE
77880,PIECE
77881,PIECE
77887,CARTON DE 1000
77951,CARTON DE 6
77958,CARTON DE 750
77961,CARTON DE 6
77990,PIECE
77991,CARTON DE 750
78009,1
78032,CARTON DE 750
78040,CARTON DE 1000
78041,PIECE
78046,CARTON DE 750
78074,CARTON DE 750
78090,CARTON DE 750
78092,CARTON DE 25
78097,CARTON DE 6
78139,PIECE
78140,PIECE
78141,PIECE
78142,PIECE
78144,PIECE
78168,PIECE
78224,CARTON DE 24
78240,CARTON DE 6
78275,CARTON DE 6
78279,CARTON DE 6
78307,1
78313,PIECE
78314,PIECE
78323,BOITE DE 50
78324,PIECE
78332,SACHET DE 100
78333,PIECE
78334,PIECE
78335,PIECE
78336,PIECE
78337,PIECE
78338,PIECE
78339,PIECE
78340,PIECE
78341,PIECE
78342,PIECE
78343,PIECE
78344,PIECE
78361,PIECE
78366,CARTON DE 750
78368,CARTON DE 750
78375,CARTON DE 24
78385,CARTON DE 750
78408,CARTON DE 6
78427,CARTON DE 6
78434,CARTON DE 6
78485,PIECE
78486,PIECE
78521,CARTON DE 750
78551,PIECE
78553,PIECE
78554,PIECE
78555,PIECE
78556,PIECE
78557,PIECE
78558,PIECE
78559,PIECE
78560,PIECE
78567,PIECE
78571,CARTON DE 25
78573,CARTON DE 1000
78590,1
78608,PIECE
78609,PIECE
78610,PIECE
78611,PIECE
78612,PIECE
78638,CARTON DE 6
78646,CARTON DE 750
78682,CARTON DE 750
78694,CARTON DE 750
78719,BOITE DE 50
78752,CARTON DE 750
78773,PIECE
78774,PIECE
78775,PIECE
78776,PIECE
78777,PIECE
78780,PIECE
78799,CARTON DE 24
78811,PIECE
78839,SACHET DE 100
78840,SACHET DE 100
78841,SACHET DE 25
78842,SACHET DE 25
78843,SACHET DE 25
78907,PIECE
78908,PIECE
78909,PIECE
78910,PIECE
78911,PIECE
78914,PIECE
78915,PIECE
78916,PIECE
78917,PIECE
78918,PIECE
78919,PIECE
78920,PIECE
78921,PIECE
78922,PIECE
78923,PIECE
78924,PIECE
78925,PIECE
78926,SACHET DE 100
78932,PIECE
78933,PIECE
78934,PIECE
78935,PIECE
78936,PIECE
78937,PIECE
78938,PIECE
78939,PIECE
78940,PIECE
78941,PIECE
78942,PIECE
78943,PIECE
78944,PIECE
78946,PIECE
78947,PIECE
78948,PIECE
78955,CARTON DE 750
78976,CARTON DE 6
79025,PIECE
79026,PIECE
79027,PIECE
79065,PIECE
79100,CARTON DE 750
79108,CARTON DE 6
79118,PIECE
79119,PIECE
79120,SACHET DE 100
79121,SACHET DE 50
79124,BOITE DE 50
79131,BOITE DE 60
79132,BOITE DE 50
79133,BOITE DE 50
79134,BOITE DE 50
79135,BOITE DE 50
79177,PIECE
79180,BOITE DE 12
79184,CARTON DE 750
79186,PIECE
79187,PIECE
79194,PIECE
79195,PIECE
79196,PIECE
79197,PIECE
79198,PIECE
79199,PIECE
79200,PIECE
79201,PIECE
79202,PIECE
79203,PIECE
79236,PIECE
79237,PIECE
79241,PIECE
79242,PIECE
79243,PIECE
79244,PIECE
79245,PIECE
79246,PIECE
79247,PIECE
79248,PIECE
79250,PIECE
79252,PIECE
79262,SACHET DE 27
79263,SACHET DE 30
79264,SACHET DE 28
79265,SACHET DE 24
79266,SACHET DE 22
79277,PIECE
79278,PIECE
79279,PIECE
79280,PIECE
79281,BOITE
79288,PIECE
79337,PIECE
79338,BOITE DE 50
79386,PIECE
79396,SACHET DE 27
79397,SACHET DE 44
79398,SACHET DE 40
79399,SACHET DE 36
79400,SACHET DE 32
79401,PIECE
79407,CARTON DE 750
79427,BOITE DE 50
79428,PIECE
79429,PIECE
79442,PIECE
79445,PIECE
79463,PIECE
79468,PIECE
79469,PIECE
79470,PIECE
79471,PIECE
79474,PIECE
79482,CARTON DE 750
79605,PIECE
79716,PIECE
79735,PIECE
79736,PIECE
79737,PIECE
79738,PIECE
79739,PIECE
79740,PIECE
79741,CARTON DE 1000
79753,PIECE
79755,CARTON DE 750
79761,CARTON DE 750
79770,CARTON DE 24
79816,CARTON DE 1000
79818,PIECE
79862,1
79873,CARTON DE 750
79883,PIECE
79884,BOITE DE 50
79885,PIECE
79886,PIECE
79887,BOITE DE 50
79888,BOITE DE 50
79890,SACHET DE 50
79891,BOITE DE 50
79892,PIECE
79893,PIECE
79894,PIECE
79895,BOITE DE 50
79896,PIECE
79897,BOITE DE 50
79898,PIECE
79910,CARTON DE 6
79977,CARTON DE 750
80036,CARTON DE 1000
80053,BOITE DE 50
80060,BOITE DE 12
80077,PIECE
80100,CARTON DE 1000
80124,PIECE
80128,PIECE
80135,PIECE
80158,CARTON DE 24
80229,1
80254,CARTON DE 24
80303,CARTON DE 6
80355,1
80386,CARTON DE 6
80429,CARTON DE 750
80432,CARTON DE 750
80444,PIECE
80445,PIECE
80446,PIECE
80496,PIECE
80574,CARTON DE 1000
80577,CARTON DE 750
80579,1
80602,CARTON DE 6
80637,CARTON DE 1000
80638,CARTON DE 1000
80660,PIECE
80662,CARTON DE 6
80673,CARTON DE 750
80676,PIECE
80677,PIECE
80679,CARTON DE 6
80693,PIECE
80694,CARTON DE 750
80698,CARTON DE 6
80700,CARTON DE 1000
80715,CARTON DE 24
80737,PIECE
80738,PIECE
80739,PIECE
80740,PIECE
80758,PIECE
80760,PIECE
80762,PIECE
80763,PIECE
80764,PIECE
80765,PIECE
80766,PIECE
80767,PIECE
80768,CARTON DE 750
80778,PIECE
80779,PIECE
80811,CARTON DE 750
80821,PIECE
80822,PIECE
80825,BOITE DE 12
80828,CARTON DE 1000
80829,PIECE
80840,CARTON DE 750
80846,CARTON DE 750
80854,CARTON DE 1000
80901,1
81016,CARTON DE 750
81027,CARTON DE 1000
81042,CARTON DE 6
81053,BOITE DE 12
81069,CARTON DE 750
81075,CARTON DE 6
81098,PIECE
81105,CARTON DE 750
81119,CARTON DE 750
81120,BOITE DE 12
81135,PIECE
81136,PIECE
81137,PIECE
81164,PIECE
81166,PIECE
81194,1
81268,PIECE
81270,PIECE
81271,PIECE
81273,PIECE
81276,PIECE
81278,PIECE
81290,PIECE
81291,PIECE
81358,PIECE
81361,PIECE
81385,CARTON DE 6
81390,CARTON DE 6
81392,PIECE
81423,CARTON DE 6
81468,CARTON DE 6
81525,PIECE
81546,PIECE
81563,1
81565,CARTON DE 750
81567,PIECE
81578,PIECE
81615,CARTON DE 750
81618,CARTON DE 1000
81620,PIECE
81684,CARTON DE 750
81743,CARTON DE 6
81791,CARTON DE 1000
81869,CARTON DE 750
81870,CARTON DE 1000
81876,PIECE
81887,CARTON DE 750
81908,CARTON DE 750
81924,CARTON DE 750
81926,PIECE
81927,PIECE
81929,PIECE
81930,PIECE
81931,PIECE
81932,PIECE
81943,CARTON DE 1000
81958,CARTON DE 1000
81961,CARTON DE 750
81968,PIECE
81983,PIECE
82067,CARTON DE 1000
82102,BOITE DE 50
82169,PIECE
82173,BOITE DE 50
82174,PIECE
82175,SACHET DE 20
82176,CARTON DE 750
82177,PIECE
82203,CARTON DE 750
82244,CARTON DE 1000
82256,CARTON DE 750
82257,CARTON DE 1000
82259,PIECE
82280,CARTON DE 750
82282,CARTON DE 750
82301,CARTON DE 6
82323,CARTON DE 6
82347,CARTON DE 750
82348,PIECE
82349,CARTON DE 750
82350,PIECE
82351,PIECE
82352,PIECE
82362,CARTON DE 750
82369,CARTON DE 1000
82370,CARTON DE 1000
82389,PIECE
82436,PIECE
82437,PIECE
82440,CARTON DE 24
82444,1
82453,BOITE DE 12
82457,1
82461,PIECE
82593,CARTON DE 750
82607,CARTON DE 6
82625,CARTON DE 6
82641,CARTON DE 750
82663,CARTON DE 6
82680,1
82684,CARTON DE 750
82709,BOITE DE 12
82732,SACHET DE 14
82759,1
82769,1
82793,CARTON DE 750
82797,CARTON DE 6
82810,CARTON DE 750
82814,CARTON DE 750
82853,CARTON DE 750
82888,PIECE
82889,PIECE
82942,CARTON DE 750
82965,PIECE
82988,CARTON DE 750
83020,PIECE
83043,PIECE
83051,CARTON DE 6
83055,CARTON DE 750
83089,PIECE
83090,PIECE
83091,PIECE
83115,CARTON DE 1000
83127,CARTON DE 750
83146,CARTON DE 750
83161,CARTON DE 6
83176,PIECE
83177,PIECE
83178,PIECE
83179,PIECE
83180,PIECE
83181,PIECE
83182,PIECE
83199,PIECE
83210,SACHET DE 60
83212,PIECE
83225,PIECE
83231,CARTON DE 750
83274,BOITE DE 50
83275,PIECE
83276,PIECE
83277,PIECE
83278,PIECE
83279,BOITE DE 50
83300,CARTON DE 6
83321,CARTON DE 6
83384,CARTON DE 1000
83417,CARTON DE 1000
83429,CARTON DE 6
83455,CARTON DE 6
83457,CARTON DE 1000
83490,CARTON DE 6
83498,CARTON DE 1000
83503,1
83516,CARTON DE 750
83525,CARTON DE 750
83532,BOITE DE 50
83533,BOITE DE 50
83539,CARTON DE 750
83572,PIECE
83573,PIECE
83574,PIECE
83575,PIECE
83595,PIECE
83633,1
83683,CARTON DE 750
83730,CARTON DE 750
83733,PIECE
83741,1
83743,CARTON DE 750
83788,CARTON DE 6
83817,PIECE
83820,CARTON DE 6
83837,1
83848,CARTON DE 750
83863,CARTON DE 750
83870,CARTON DE 6
83924,CARTON DE 750
83963,CARTON DE 750
83975,CARTON DE 6
84003,CARTON DE 6
84011,CARTON DE 750
84013,CARTON DE 6
84017,CARTON DE 750
84019,CARTON DE 750
84023,CARTON DE 24
84027,CARTON DE 750
84059,CARTON DE 750
84105,CARTON DE 1000
84106,PIECE
84107,PIECE
84145,PIECE
84146,CARTON DE 750
84187,CARTON DE 750
84251,CARTON DE 1000
84263,CARTON DE 750
84274,CARTON DE 6
84296,CARTON DE 750
84303,CARTON DE 750
84324,CARTON DE 750
84337,PIECE
84338,PIECE
84341,CARTON DE 24
84350,CARTON DE 6
84360,CARTON DE 6
84378,CARTON DE 750
84379,BOITE
84380,BOITE
84407,CARTON DE 1000
84424,CARTON DE 1000
84453,BOITE DE 50
84454,BOITE DE 50
84542,CARTON DE 750
84565,CARTON DE 750
84575,PIECE
84576,PIECE
84577,PIECE
84581,PIECE
84582,PIECE
84584,CARTON DE 750
84595,CARTON DE 750
84597,CARTON DE 6
84604,CARTON DE 1000
84605,CARTON DE 1000
84664,PIECE
84665,PIECE
84681,CARTON DE 750
84690,PIECE
84716,PIECE
84717,PIECE
84719,PIECE
84733,1
84750,PIECE
84756,PIECE
84761,1
84783,PIECE
84797,BOITE DE 50
84802,CARTON DE 6
84808,CARTON DE 6
84840,CARTON DE 750
84885,BOITE DE 50
84886,BOITE DE 50
84908,CARTON DE 750
84909,PIECE
84913,PIECE
84918,CARTON DE 750
84925,CARTON DE 750
84933,CARTON DE 6
84947,CARTON DE 750
84958,CARTON DE 750
84962,CARTON DE 24
85001,1
85004,1
85010,CARTON DE 750
85034,CARTON DE 750
85052,CARTON DE 750
85063,CARTON DE 750
85077,CARTON DE 750
85078,CARTON DE 1000
85094,1
85098,CARTON DE 750
85099,CARTON DE 1000
85127,CARTON DE 750
85168,CARTON DE 6
85201,PIECE
85203,PIECE
85237,CARTON DE 6
85239,CARTON DE 750
85273,CARTON DE 1000
85277,PIECE
85278,PIECE
85281,1
85364,BOITE DE 50
85365,BOITE DE 50
85366,BOITE DE 50
85367,CARTON DE 1000
85368,PIECE
85378,CARTON DE 24
85381,PIECE
85391,PIECE
85472,PIECE
85473,PIECE
85474,PIECE
85475,PIECE
85476,PIECE
85477,PIECE
85478,PIECE
85479,PIECE
85480,PIECE
85481,PIECE
85482,PIECE
85483,PIECE
85484,PIECE
85485,PIECE
85486,PIECE
85487,PIECE
85528,PIECE
85529,CARTON DE 750
85531,PIECE
85532,PIECE
85571,BOITE DE 50
85575,PIECE
85576,PIECE
85580,CARTON DE 6
85589,CARTON DE 6
85604,CARTON DE 750
85608,PIECE
85620,CARTON DE 750
85665,CARTON DE 6
85688,PIECE
85689,PIECE
85697,CARTON DE 1000
85763,FLOWPACK
85764,PIECE
85835,PIECE
85840,CARTON DE 750
85854,CARTON DE 6
85875,BOITE DE 50
85876,BOITE DE 50
85877,BOITE DE 50
85878,PIECE
85880,PIECE
85891,PIECE
85893,BOITE DE 50
85894,BOITE DE 60
85900,CARTON DE 6
85910,CARTON DE 1000
85945,CARTON DE 6
85955,PIECE
85958,CARTON DE 750
85963,CARTON DE 750
85969,CARTON DE 750
85975,PIECE
85981,CARTON DE 1000
86034,BOITE DE 50
86056,CARTON DE 6
86089,CARTON DE 6
86110,CARTON DE 750
86136,1
86155,CARTON DE 6
86226,1
86242,BOITE
86243,BOITE
86244,BOITE
86246,BOITE
86247,BOITE
86248,BOITE
86249,BOITE
86250,BOITE
86251,BOITE
86252,BOITE
86253,BOITE
86254,BOITE DE 50
86255,BOITE DE 50
86256,SACHET DE 100
86257,PIECE
86258,PIECE
86259,PIECE
86260,PIECE
86261,PIECE
86262,PIECE
86263,PIECE
86265,1
86271,CARTON DE 750
86292,CARTON DE 1000
86293,PIECE
86321,CARTON DE 6
86420,CARTON DE 6
86425,PIECE
86434,CARTON DE 1000
86450,CARTON DE 750
86456,CARTON DE 750
86460,BOITE DE 12
86467,PIECE
86468,PIECE
86469,PIECE
86494,PIECE
86530,PIECE
86531,PIECE
86532,PIECE
86533,PIECE
86534,PIECE
86541,CARTON DE 750
86615,PIECE
86618,PIECE
86638,CARTON DE 750
86641,PIECE
86664,CARTON DE 1000
86677,CARTON DE 1000
86685,CARTON DE 750
86688,CARTON DE 6
86721,CARTON DE 750
86741,CARTON DE 750
86755,CARTON DE 1000
86794,PIECE
86795,PIECE
86796,PIECE
86797,PIECE
86807,CARTON DE 750
86820,CARTON DE 750
86833,PIECE
86897,CARTON DE 1000
86902,PIECE
86903,PIECE
86904,PIECE
86905,PIECE
86906,PIECE
86907,PIECE
86908,PIECE
86915,PIECE
86916,PIECE
86944,CARTON DE 750
86955,CARTON DE 6
86959,PIECE
86966,CARTON DE 1000
86969,CARTON DE 1000
87018,BOITE DE 50
87019,BOITE DE 12
87058,SACHET DE 100
87059,PIECE
87060,SACHET DE 250
87061,PIECE
87062,PIECE
87063,SACHET DE 100
87071,CARTON DE 750
87101,CARTON DE 24
87112,SACHET DE 100
87113,BOITE DE 50
87114,BOITE DE 50
87115,BOITE DE 50
87116,BOITE DE 50
87117,BOITE DE 50
87118,BOITE DE 50
87119,BOITE DE 50
87120,10
87121,PIECE
87122,PIECE
87123,PIECE
87124,PIECE
87125,PIECE
87126,PIECE
87127,SACHET DE 100
87128,SACHET DE 100
87130,SACHET DE 100
87133,SACHET DE 100
87134,SACHET DE 50
87135,PIECE
87144,BOITE DE 12
87146,PIECE
87169,BOITE DE 12
87176,PIECE
87180,PIECE
87209,CARTON DE 6
87229,CARTON DE 750
87230,1
87232,CARTON DE 6
87253,CARTON DE 6
87272,PIECE
87275,PIECE
87289,PIECE
87328,PIECE
87332,CARTON DE 6
87356,CARTON DE 24
87358,CARTON DE 1000
87364,CARTON DE 750
87369,CARTON DE 750
87384,CARTON DE 1000
87400,CARTON DE 750
87425,PIECE
87427,PIECE
87476,1
87504,1
87519,CARTON DE 6
87532,PIECE
87533,PIECE
87539,BOITE DE 12
87580,CARTON DE 750
87584,PIECE
87599,CARTON DE 1000
87601,1
87638,CARTON DE 6
87717,PIECE
87720,PIECE
87727,1
87749,1
87765,CARTON DE 750
87799,CARTON DE 1000
87814,BOITE DE 50
87837,SACHET DE 25
87843,CARTON DE 6
87848,BOITE DE 50
87873,PIECE
87877,PIECE
87878,PIECE
87879,PIECE
87880,PIECE
87881,PIECE
87882,PIECE
87883,PIECE
87884,PIECE
87938,1
87965,SACHET DE 50
87966,PIECE
87967,PIECE
87968,PIECE
87985,CARTON DE 1000
87987,CARTON DE 6
88002,PIECE
88009,BOITE DE 50
88115,CARTON DE 6
88141,BOITE DE 50
88155,CARTON DE 1000
88157,CARTON DE 1000
88158,PIECE
88201,PIECE
88203,PIECE
88210,PIECE
88211,PIECE
88213,PIECE
88214,PIECE
88215,PIECE
88216,PIECE
88230,PIECE
88232,PIECE
88234,PIECE
88235,PIECE
88255,PIECE
88258,CARTON DE 6
88285,CARTON DE 1000
88288,BOITE DE 50
88296,CARTON DE 6
88337,CARTON DE 6
88383,PIECE
88389,CARTON DE 6
88463,CARTON DE 6
88486,CARTON DE 6
88489,PIECE
88490,PIECE
88499,CARTON DE 1000
88500,1
88545,PIECE
88565,PIECE
88566,PIECE
88618,BOITE DE 12
88757,PIECE
88817,PIECE
88822,CARTON DE 6
88859,PIECE
88860,PIECE
88861,PIECE
88865,PIECE
88866,PIECE
88867,PIECE
88868,PIECE
88887,1
88894,PIECE
88900,SACHET DE 50
88901,SACHET DE 100
88902,PIECE
88903,PIECE
88976,CARTON DE 1000
88977,PIECE
88978,PIECE
89002,PIECE
89019,1
89043,CARTON DE 6
89053,CARTON DE 6
89063,CARTON DE 6
89071,CARTON DE 1000
89073,CARTON DE 1000
89080,PIECE
89117,1
89155,CARTON DE 1000
89236,BOITE DE 50
89317,CARTON DE 6
89320,CARTON DE 6
89352,PIECE
89354,PIECE
89355,PIECE
89360,PIECE
89380,CARTON DE 1000
89383,CARTON DE 6
89394,CARTON DE 24
89454,PIECE
89463,PIECE
89542,PIECE
89570,CARTON DE 6
89584,PIECE
89585,PIECE
89589,PIECE
89601,CARTON DE 1000
89616,CARTON DE 24
89626,CARTON DE 6
89635,CARTON DE 1000
89672,PIECE
89679,PIECE
89693,CARTON DE 6
89694,PIECE
89695,PIECE
89696,PIECE
89697,PIECE
89719,CARTON DE 6
89721,BOITE DE 50
89740,CARTON DE 6
89745,PIECE
89803,PIECE
89827,CARTON DE 24
89875,PIECE
89891,PIECE
89904,PIECE
89976,PIECE
90042,PIECE
90043,PIECE
90044,PIECE
90073,PIECE
90098,PIECE
90099,PIECE
90100,PIECE
90101,PIECE
90102,CARTON DE 1000
90135,CARTON DE 6
90172,PIECE
90173,PIECE
90174,PIECE
90175,PIECE
90189,PIECE
90194,PIECE
90206,PIECE
90207,PIECE
90210,CARTON DE 24
90227,1
90236,CARTON DE 6
90263,1
90285,CARTON DE 6
90298,PIECE
90299,PIECE
90300,PIECE
90301,PIECE
90316,PIECE
90357,1
90372,CARTON DE 24
90386,CARTON DE 6
90409,CARTON DE 24
90410,1
90425,PIECE
90460,1
90503,PIECE
90507,PIECE
90535,1
90555,PIECE
90600,1
90613,1
90633,CARTON DE 6
90674,CARTON DE 6
90696,CARTON DE 1000
90706,CARTON DE 6
90722,PIECE
90723,BOITE DE 50
90724,BOITE DE 50
90725,PIECE
90726,PIECE
90727,PIECE
90744,1
90754,CARTON DE 6
90762,CARTON DE 6
90786,PIECE
90830,1
90844,1
90852,PIECE
90871,CARTON DE 24
90875,CARTON DE 1000
90900,CARTON DE 6
90907,1
90922,PIECE
91292,CARTON DE 6
91295,CARTON DE 6
91297,PIECE
91298,PIECE
91342,PIECE
91451,CARTON DE 6
91453,PIECE
91476,1
91502,BOITE DE 50
91503,BOITE DE 50
91504,BOITE DE 50
91505,BOITE DE 50
91506,BOITE DE 50
91522,BOITE DE 50
91523,BOITE DE 50
91574,PIECE
91604,PIECE
91618,CARTON DE 6
91626,CARTON DE 25
91701,CARTON DE 1000
91761,CARTON DE 6
91768,BOITE DE 50
91769,PIECE
91778,PIECE
91852,CARTON DE 6
91873,BOITE DE 50
91937,BOITE DE 50
91938,50
91941,PIECE
91942,PIECE
91956,PIECE
91960,PIECE
91961,PIECE
91999,CARTON DE 6
92017,PIECE
92018,PIECE
92019,PIECE
92023,CARTON DE 1000
92025,PIECE
92050,CARTON DE 1000
92067,PIECE
92068,PIECE
92145,PIECE
92157,CARTON DE 6
92163,PIECE
92164,PIECE
92165,PIECE
92166,PIECE
92167,PIECE
92168,PIECE
92169,PIECE
92170,PIECE
92171,SACHET
92172,SACHET
92173,PIECE
92174,PIECE
92175,PIECE
92176,PIECE
92177,PIECE
92178,PIECE
92179,PIECE
92180,PIECE
92181,PIECE
92182,PIECE
92183,PIECE
92184,FLOWPACK
92185,PIECE
92186,PIECE
92187,PIECE
92188,PIECE
92191,CARTON DE 1000
92201,CARTON DE 1000
92208,CARTON DE 6
92241,PIECE
92242,PIECE
92243,PIECE
92244,PIECE
92245,PIECE
92246,PIECE
92247,PIECE
92248,PIECE
92249,SACHET
92250,SACHET
92251,PIECE
92252,PIECE
92253,PIECE
92254,PIECE
92255,PIECE
92256,PIECE
92257,PIECE
92258,PIECE
92259,PIECE
92260,PIECE
92261,PIECE
92262,FLOWPACK
92263,PIECE
92264,PIECE
92265,PIECE
92266,PIECE
92268,CARTON DE 1000
92276,CARTON DE 6
92279,CARTON DE 6
92363,CARTON DE 1000
92396,PIECE
92397,PIECE
92398,PIECE
92406,PIECE
92407,PIECE
92408,SACHET DE 40
92409,SACHET DE 20
92410,SACHET DE 20
92411,SACHET DE 20
92412,SACHET DE 20
92461,CARTON DE 1000
92465,PIECE
92474,CARTON DE 6
92478,CARTON DE 6
92497,CARTON DE 6
92506,CARTON DE 1000
92507,CARTON DE 6
92550,PIECE
92551,PIECE
92552,PIECE
92553,PIECE
92561,PIECE
92572,1
92573,PIECE
92582,CARTON DE 1000
92618,CARTON DE 1000
92666,1
92695,CARTON DE 6
92754,PIECE
92755,PIECE
92756,PIECE
92757,PIECE
92758,PIECE
92759,PIECE
92760,PIECE
92761,PIECE
92762,PIECE
92763,PIECE
92764,PIECE
92765,PIECE
92766,PIECE
92767,PIECE
92768,PIECE
92769,PIECE
92770,PIECE
92771,PIECE
92792,PIECE
92800,BOITE
92830,CARTON DE 1000
92837,PIECE
92838,BOITE DE 50
92888,CARTON DE 1000
92910,BOITE
92911,BOITE
92912,PIECE
92913,PIECE
92914,PIECE
92915,PIECE
92918,PIECE
92919,PIECE
92977,PIECE
92978,PIECE
93029,PIECE
93054,CARTON DE 1000
93076,CARTON DE 6
93078,PIECE
93079,PIECE
93080,PIECE
93081,CARTON DE 1000
93094,CARTON DE 6
93102,CARTON DE 1000
93171,PIECE
93173,PIECE
93196,CARTON DE 6
93203,PIECE
93204,PIECE
93205,PIECE
93206,PIECE
93207,PIECE
93208,PIECE
93209,PIECE
93210,PIECE
93211,PIECE
93212,PIECE
93213,PIECE
93214,PIECE
93215,PIECE
93216,PIECE
93217,PIECE
93218,PIECE
93219,PIECE
93220,PIECE
93221,PIECE
93222,PIECE
93223,PIECE
93224,PIECE
93225,PIECE
93226,PIECE
93227,PIECE
93228,PIECE
93229,PIECE
93230,PIECE
93231,PIECE
93232,PIECE
93233,PIECE
93234,PIECE
93235,PIECE
93236,PIECE
93237,PIECE
93238,PIECE
93239,PIECE
93240,PIECE
93241,PIECE
93242,PIECE
93243,PIECE
93244,PIECE
93245,PIECE
93246,PIECE
93247,PIECE
93248,PIECE
93249,PIECE
93250,PIECE
93251,PIECE
93252,PIECE
93270,PIECE
93271,BOITE DE 50
93273,PIECE
93288,CARTON DE 1000
93312,PIECE
93321,PIECE
93323,PIECE
93333,CARTON DE 6
93334,PIECE
93335,PIECE
93336,PIECE
93337,SACHET DE 50
93338,PIECE
93339,PIECE
93340,PIECE
93344,PIECE
93345,SACHET DE 50
93346,SACHET DE 10
93347,SACHET DE 10
93348,SACHET DE 10
93349,PIECE
93350,PIECE
93351,PIECE
93352,PIECE
93353,PIECE
93354,PIECE
93355,PIECE
93356,PIECE
93357,BOITE DE 50
93358,BOITE DE 50
93359,BOITE DE 50
93360,BOITE DE 50
93361,BOITE
93362,BOITE
93363,BOITE
93364,BOITE
93365,BOITE
93366,BOITE DE 50
93367,BOITE DE 50
93368,BOITE DE 50
93369,BOITE DE 50
93379,CARTON DE 6
93385,CARTON DE 1000
93392,SACHET DE 50
93394,SACHET DE 100
93395,SACHET DE 50
93396,PIECE
93397,BOITE DE 50
93398,BOITE DE 50
93399,BOITE DE 50
93400,BOITE DE 50
93404,CARTON DE 1000
93408,SACHET DE 100
93409,SACHET DE 50
93411,SACHET DE 10
93412,SACHET DE 10
93413,SACHET DE 10
93414,10
93415,SACHET DE 100
93416,SACHET DE 100
93417,BOITE DE 50
93418,BOITE DE 50
93419,BOITE DE 50
93420,SACHET DE 20
93421,SACHET DE 20
93428,1
93431,1
93433,PIECE
93457,PIECE
93467,CARTON DE 6
93471,SACHET DE 100
93472,SACHET DE 100
93473,BOITE DE 50
93474,BOITE DE 50
93475,BOITE DE 50
93476,PIECE
93477,PIECE
93478,PIECE
93483,SACHET DE 10
93486,PIECE
93487,PIECE
93488,PIECE
93490,BOITE DE 50
93494,BOITE DE 50
93503,CARTON DE 6
93528,CARTON DE 6
93537,PIECE
93538,PIECE
93539,PIECE
93540,PIECE
93541,PIECE
93542,PIECE
93543,PIECE
93544,PIECE
93545,SACHET
93548,CARTON DE 6
93557,PIECE
93561,1
93562,SACHET DE 100
93563,PIECE
93564,PIECE
93565,PIECE
93567,BOITE DE 100
93568,SACHET DE 100
93569,SACHET DE 100
93570,SACHET DE 100
93572,PIECE
93583,BOITE DE 50
93585,CARTON DE 6
93609,CARTON DE 1000
93621,CARTON DE 6
93626,SACHET DE 25
93631,1
93684,CARTON DE 24
93758,CARTON DE 1000
93791,CARTON DE 6
93853,PIECE
93856,PIECE
93891,CARTON DE 6
93920,CARTON DE 1000
93940,CARTON DE 6
93980,1
93986,PIECE
93987,PIECE
93988,PIECE
93989,PIECE
93993,PIECE
93994,PIECE
93995,PIECE
93996,PIECE
93997,PIECE
93998,PIECE
93999,PIECE
94000,PIECE
94001,PIECE
94002,PIECE
94064,CARTON DE 1000
94073,1
94078,BOITE DE 50
94108,PIECE
94121,PIECE
94122,PIECE
94123,PIECE
94127,CARTON DE 1000
94129,BOITE DE 50
94144,PIECE
94160,PIECE
94177,PIECE
94178,PIECE
94247,1
94271,CARTON DE 6
94286,PIECE
94295,BOITE
94324,CARTON DE 6
94333,1
94341,BOITE DE 50
94343,PIECE
94356,1
94375,CARTON DE 1000
94383,PIECE
94384,PIECE
94385,PIECE
94423,PIECE
94428,PIECE
94439,PIECE
94440,PIECE
94441,PIECE
94442,PIECE
94468,CARTON DE 6
94509,PIECE
94510,PIECE
94511,PIECE
94512,PIECE
94513,PIECE
94524,PIECE
94544,CARTON DE 6
94548,CARTON DE 1000
94550,CARTON DE 6
94598,BOITE
94630,CARTON DE 6
94653,CARTON DE 6
94661,PIECE
94714,CARTON DE 6
94733,1
94802,CARTON DE 6
94806,CARTON DE 6
94808,PIECE
94809,PIECE
94810,PIECE
94817,CARTON DE 1000
94840,PIECE
94855,CARTON DE 6
94876,BOITE DE 50
94878,PIECE
94879,PIECE
94880,BOITE DE 12
94920,SACHET DE 14
94921,SACHET DE 14
94922,SACHET DE 14
94935,SACHET DE 14
94936,SACHET DE 14
94937,SACHET DE 14
94945,CARTON DE 1000
94946,CARTON DE 1000
94971,SACHET DE 44
94972,SACHET DE 40
94973,SACHET DE 40
94984,CARTON DE 1000
94986,SACHET DE 36
94987,SACHET DE 32
94988,SACHET DE 14
94989,SACHET DE 30
94990,SACHET DE 28
94991,SACHET DE 28
94992,SACHET DE 24
94993,SACHET DE 22
94994,SACHET DE 16
95017,PIECE
95039,CARTON DE 6
95041,PIECE
95043,PIECE
95085,CARTON DE 6
95089,CARTON DE 6
95093,CARTON DE 6
95121,PIECE
95133,1
95149,1
95156,CARTON DE 1000
95165,CARTON DE 1000
95185,PIECE
95186,PIECE
95198,PIECE
95200,PIECE
95202,PIECE
95203,PIECE
95235,CARTON DE 1000
95253,PIECE
95304,BOITE DE 50
95305,BOITE
95306,BOITE
95315,PIECE
95322,PIECE
95323,PIECE
95348,1
95365,CARTON DE 6
95384,PIECE
95433,CARTON DE 12 PACKS
95434,PIECE
95444,PIECE
95449,CARTON DE 12 PACKS
95458,BOITE
95459,BOITE
95460,BOITE
95496,CARTON DE 1000
95513,CARTON DE 1000
95550,BOITE
95555,PIECE
95570,CARTON DE 6
95585,CARTON DE 6
95589,PIECE
95601,PIECE
95607,PIECE
95610,PIECE
95670,PIECE
95671,PIECE
95672,PIECE
95673,PIECE
95674,PIECE
95675,PIECE
95686,CARTON DE 6
95694,BOITE DE 50
95736,PIECE
95737,PIECE
95780,BOITE DE 50
95805,CARTON DE 1000
95806,BOITE DE 50
95849,PIECE
95853,SACHET DE 100
95901,BOITE DE 12
95921,BOITE DE 12
95979,PIECE
95999,PIECE
96000,PIECE
96010,PIECE
96011,PIECE
96012,PIECE
96069,CARTON DE 1000
96102,BOITE DE 12
96120,BOITE
96130,CARTON DE 6
96197,PIECE
96271,CARTON DE 24
96277,CARTON DE 6
96280,CARTON DE 6
96329,1
96337,CARTON DE 6
96364,PIECE
96365,PIECE
96378,CARTON DE 1000
96386,BOITE
96387,PIECE
96388,PIECE
96389,PIECE
96390,PIECE
96395,BOITE DE 50
96402,CARTON DE 6
96407,BOITE DE 50
96408,PIECE
96409,PIECE
96410,PIECE
96508,PIECE
96509,CARTON DE 6
96528,CARTON DE 1000
96634,CARTON DE 6
96635,CARTON DE 1000
96666,PIECE
96709,PIECE
96749,CARTON DE 6
96761,CARTON DE 1000
96763,CARTON DE 6
96764,PIECE
96765,PIECE
96787,BOITE DE 50
96799,CARTON DE 6
96817,PIECE
96818,PIECE
96819,PIECE
96835,CARTON DE 1000
96859,CARTON DE 6
96910,SACHET DE 20
96911,SACHET DE 20
96914,PIECE
96923,CARTON DE 6
96945,CARTON DE 1000
96959,PIECE
96960,PIECE
96961,PIECE
96962,PIECE
96963,PIECE
96977,BOITE DE 50
96978,BOITE DE 50
96998,CARTON DE 6
97021,CARTON DE 6
97042,CARTON DE 1000
97053,CARTON DE 6
97077,PIECE
97078,PIECE
97079,PIECE
97080,PIECE
97081,PIECE
97096,PIECE
97120,CARTON DE 1000
97122,CARTON DE 6
97126,PIECE
97143,1
97157,BOITE
97193,BOITE DE 50
97199,CARTON DE 1000
97203,CARTON DE 1000
97283,CARTON DE 6
97291,PIECE
97292,PIECE
97293,PIECE
97317,CARTON DE 6
97330,CARTON DE 1000
97346,PIECE
97371,BOITE DE 12
97379,CARTON DE 6
97387,PIECE
97404,PIECE
97405,PIECE
97407,PIECE
97408,PIECE
97409,PIECE
97410,PIECE
97412,1
97459,PIECE
97460,PIECE
97464,PIECE
97476,CARTON DE 6
97490,1
97494,CARTON DE 1000
97507,BOITE
97532,PIECE
97548,PIECE
97566,PIECE
97567,PIECE
97568,PIECE
97578,BOITE DE 50
97579,BOITE DE 25
97580,PIECE
97612,BOITE DE 50
97615,CARTON DE 1000
97616,CARTON DE 6
97684,CARTON DE 24
97685,PIECE
97689,PIECE
97690,PIECE
97705,CARTON DE 6
97713,CARTON DE 1000
97731,1
97742,CARTON DE 6
97763,PIECE
97764,PIECE
97765,PIECE
97766,PIECE
97794,BOITE DE 12
97803,1
97819,CARTON DE 6
97830,BOITE
97831,BOITE
97832,BOITE
97835,PIECE
97854,CARTON DE 6
97875,CARTON DE 24
97890,PIECE
97893,BOITE
97894,PIECE
97901,CARTON DE 1000
97912,PIECE
97913,SACHET DE 50
97914,PIECE
97915,PIECE
97919,PIECE
97939,PIECE
97940,PIECE
97941,PIECE
97942,PIECE
97943,PIECE
97944,PIECE
97951,BOITE
97952,BOITE
97953,BOITE
97954,PIECE
98008,CARTON DE 6
98011,PIECE
98021,PIECE
98024,PIECE
98066,BOITE
98071,BOITE DE 50
98072,PIECE
98092,PIECE
98128,CARTON DE 12 PACKS
98134,PIECE
98135,PIECE
98150,BOITE DE 50
98151,BOITE DE 50
98167,BOITE DE 50
98176,PIECE
98177,PIECE
98180,PIECE
98181,PIECE
98182,PIECE
98183,PIECE
98184,PIECE
98192,CARTON DE 6
98235,PIECE
98236,PIECE
98237,PIECE
98251,CARTON DE 24
98254,CARTON DE 1000
98277,PIECE
98278,PIECE
98279,PIECE
98280,PIECE
98310,PIECE
98362,CARTON DE 1000
98370,CARTON DE 6
98382,PIECE
98387,PIECE
98391,PIECE
98404,CARTON DE 1000
98416,PIECE
98417,BOITE
98454,PIECE
98497,CARTON DE 1000
98538,PIECE
98539,PIECE
98548,PIECE
98626,CARTON DE 6
98629,CARTON DE 6
98644,PIECE
98645,PIECE
98646,PIECE
98672,PIECE
98676,CARTON DE 24
98687,CARTON DE 1000
98697,CARTON DE 24
98763,PIECE
98774,PIECE
98775,PIECE
98776,PIECE
98777,PIECE
98810,PIECE
98831,CARTON DE 1000
98833,CARTON DE 6
98852,PIECE
98900,PIECE
98908,PIECE
98919,PIECE
99012,CARTON DE 6
99027,CARTON DE 6
99060,PIECE
99061,PIECE
99086,CARTON DE 1000
99169,CARTON DE 6
99175,CARTON DE 6
99179,CARTON DE 6
99206,CARTON DE 6
99232,PIECE
99245,PIECE
99246,PIECE
99247,PIECE
99249,PIECE
99250,PIECE
99254,PIECE
99255,PIECE
99259,PIECE
99260,PIECE
99273,PIECE
99274,PIECE
99320,PIECE
99321,CARTON DE 1000
99348,PIECE
99362,PIECE
99385,CARTON DE 6
99386,PIECE
99387,PIECE
99388,PIECE
99389,PIECE
99390,PIECE
99391,PIECE
99398,PIECE
99399,PIECE
99400,PIECE
99401,PIECE
99413,PIECE
99414,PIECE
99415,PIECE
99416,PIECE
99417,PIECE
99418,PIECE
99419,1
99462,PIECE
99464,CARTON DE 6
99494,CARTON DE 6
99517,BOITE DE 50
99600,CARTON DE 6
99613,CARTON DE 1000
99642,CARTON DE 6
99650,BOITE DE 50
99669,PIECE
99677,PIECE
99757,PIECE
99758,CARTON DE 6
99760,SACHET DE 50
99786,CARTON DE 6
99787,BOITE DE 12
99815,PIECE
99816,50
99835,CARTON DE 1000
99856,1
99865,1
99866,PIECE
99867,PIECE
99881,CARTON DE 6
99922,CARTON DE 6
99926,CARTON DE 6
99944,PIECE
99945,PIECE
99948,CARTON DE 6
99986,CARTON DE 1000
99987,CARTON DE 1000
100037,BOITE
100038,BOITE
100039,SACHET DE 50
100040,PIECE
100041,PIECE
100042,PIECE
100043,PIECE
100044,PIECE
100051,BOITE
100052,PIECE
100053,PIECE
100057,PIECE
100113,CARTON DE 6
100123,PIECE
100128,SACHET DE 20
100130,PIECE
100131,PIECE
100132,SACHET DE 10
100133,PIECE
100134,PIECE
100135,PIECE
100136,SACHET DE 10
100137,SACHET DE 10
100142,SACHET DE 20
100143,SACHET DE 10
100144,SACHET DE 10
100145,PIECE
100146,PIECE
100147,PIECE
100148,PIECE
100153,CARTON DE 6
100164,PIECE
100187,PIECE
100188,PIECE
100189,PIECE
100190,PIECE
100191,PIECE
100192,PIECE
100193,PIECE
100194,PIECE
100195,PIECE
100225,PIECE
100228,CARTON DE 1000
100283,CARTON DE 1000
100284,1
100314,CARTON DE 6
100317,CARTON DE 6
100351,CARTON DE 1000
100394,PIECE
100408,PIECE
100415,PIECE
100416,PIECE
100417,PIECE
100418,PIECE
100419,PIECE
100422,PIECE
100423,PIECE
100440,PIECE
100441,PIECE
100455,CARTON DE 6
100466,PIECE
100510,SACHET DE 32
100511,SACHET DE 30
100512,SACHET DE 28
100513,SACHET DE 28
100514,SACHET DE 24
100515,SACHET DE 20
100516,SACHET DE 18
100517,SACHET DE 16
100524,CARTON DE 1000
100532,1
100535,CARTON DE 1000
100542,PIECE
100543,PIECE
100544,SACHET DE 50
100545,PIECE
100546,PIECE
100559,CARTON DE 6
100585,CARTON DE 1000
100595,PIECE
100650,CARTON DE 6
100653,PIECE
100654,PIECE
100655,PIECE
100656,PIECE
100657,PIECE
100687,PIECE
100688,PIECE
100689,PIECE
100695,CARTON DE 6
100703,CARTON DE 6
100781,PIECE
100814,PIECE
100815,PIECE
100816,PIECE
100817,BOITE DE 50
100882,PIECE
100905,CARTON DE 6
100918,1
100920,CARTON DE 24
100923,BOITE
100925,BOITE
100926,BOITE
100927,PIECE
100941,PIECE
100942,PIECE
100957,PIECE
101091,1
101116,BOITE
101117,BOITE
101129,PIECE
101130,PIECE
101131,PIECE
101137,CARTON DE 1000
101177,PIECE
101178,PIECE
101179,PIECE
101180,1
101193,PIECE
101238,BOITE DE 50
101243,1
101247,CARTON DE 1000
101248,CARTON DE 40
101249,CARTON DE 40
101250,CARTON DE 40
101262,CARTON DE 1000
101266,PIECE
101267,PIECE
101269,1
101289,CARTON DE 6
101290,CARTON DE 1000
101301,1
101309,CARTON DE 6
101316,CARTON DE 6
101318,CARTON DE 1000
101379,CARTON DE 1000
101388,1
101413,CARTON DE 1000
101414,PIECE
101415,PIECE
101443,PIECE
101445,PIECE
101455,PIECE
101456,PIECE
101466,SACHET DE 50
101469,CARTON DE 6
101484,1
101489,1
101543,CARTON DE 6
101554,PIECE
101590,CARTON DE 6
101591,CARTON DE 6
101614,SACHET DE 15
101615,SACHET DE 20
101616,SACHET DE 20
101617,SACHET DE 50
101618,SACHET DE 50
101619,SACHET DE 50
101620,SACHET DE 14
101621,SACHET DE 14
101630,BOITE
101631,BOITE
101641,PIECE
101644,PIECE
101645,PIECE
101649,PIECE
101651,CARTON DE 1000
101666,SACHET DE 15
101674,CARTON DE 6
101678,PIECE
101680,1
101685,BOITE DE 50
101686,BOITE DE 25
101691,CARTON DE 1000
101726,CARTON DE 1000
101733,PIECE
101738,PIECE
101748,CARTON DE 1000
101751,CARTON DE 6
101755,CARTON DE 6
101778,CARTON DE 6
101811,1
101865,PIECE
101879,CARTON DE 1000
101880,1
101889,PIECE
101901,CARTON DE 6
101994,CARTON DE 1000
102010,PIECE
102011,PIECE
102012,PIECE
102015,1
102019,PIECE
102068,1
102076,CARTON DE 1000
102080,CARTON DE 1000
102085,1
102099,CARTON DE 1000
102100,PIECE
102101,BOITE
102102,BOITE
102103,PIECE
102104,PIECE
102105,PIECE
102106,PIECE
102107,PIECE
102176,PIECE
102208,BOITE DE 50
102209,PIECE
102210,PIECE
102211,SACHET DE 14
102212,SACHET DE 14
102213,PIECE
102218,CARTON DE 6
102232,PIECE
102239,PIECE
102259,CARTON DE 1000
102327,CARTON DE 1000
102356,CARTON DE 1000
102361,CARTON DE 6
102365,PIECE
102368,CARTON DE 1000
102369,PIECE
102370,PIECE
102371,PIECE
102419,BOITE DE 50
102420,BOITE DE 50
102436,BOITE DE 50
102451,PIECE
102452,PIECE
102454,PIECE
102458,CARTON DE 1000
102459,CARTON DE 6
102461,CARTON DE 1000
102482,CARTON DE 1000
102486,BOITE
102491,1
102542,PIECE
102560,PIECE
102561,PIECE
102562,PIECE
102563,PIECE
102564,PIECE
102565,CARTON DE 1000
102568,1
102571,PIECE
102572,PIECE
102592,PIECE
102593,PIECE
102603,PIECE
102612,CARTON DE 1000
102613,CARTON DE 1000
102634,CARTON DE 1000
102650,CARTON DE 1000
102664,CARTON DE 1000
102669,CARTON DE 6
102671,BOITE
102725,CARTON DE 6
102816,1
102838,PIECE
102839,SACHET DE 15
102841,CARTON DE 1000
102848,CARTON DE 1000
102886,CARTON DE 6
102903,CARTON DE 6
102904,CARTON DE 1000
102925,CARTON DE 6
102948,PIECE
102949,PIECE
102950,PIECE
102951,PIECE
102952,CARTON DE 1000
102955,CARTON DE 1000
102966,CARTON DE 1000
103019,CARTON DE 6
103021,CARTON DE 6
103064,CARTON DE 6
103105,1
103106,1
103110,1
103112,1
103114,1
103116,1
103117,1
103118,1
103119,1
103127,1
103129,1
103153,PIECE
103154,PIECE
103155,PIECE
103175,CARTON DE 1000
103185,PIECE
103214,PIECE
103228,1
103248,PIECE
103249,PIECE
103252,CARTON DE 1000
103261,CARTON DE 6
103268,PIECE
103269,PIECE
103281,PIECE
103285,CARTON DE 6
103323,CARTON DE 1000
103340,CARTON DE 1000
103344,CARTON DE 1000
103353,PIECE
103354,PIECE
103355,PIECE
103356,PIECE
103358,PIECE
103367,PIECE
103373,CARTON DE 1000
103399,CARTON DE 1000
103401,PIECE
103406,CARTON DE 1000
103440,CARTON DE 1000
103461,CARTON DE 1000
103463,1
103492,PIECE
103493,PIECE
103494,PIECE
103495,PIECE
103505,PIECE
103506,PIECE
103507,PIECE
103512,CARTON DE 1000
103520,PIECE
103529,PIECE
103557,PIECE
103559,BOITE DE 50
103577,PIECE
103589,CARTON DE 6
103591,CARTON DE 1000
103597,CARTON DE 1000
103600,CARTON DE 1000
103632,SACHET DE 50
103633,BOITE
103634,PIECE
103636,PIECE
103654,PIECE
103655,PIECE
103656,PIECE
103657,PIECE
103688,CARTON DE 6
103690,CARTON DE 20
103696,PIECE
103739,SACHET DE 20
103740,PIECE
103741,PIECE
103742,PIECE
103743,SACHET DE 50
103746,CARTON DE 6
103747,CARTON DE 1000
103761,PIECE
103777,PIECE
103782,PIECE
103783,PIECE
103784,PIECE
103785,PIECE
103786,PIECE
103787,PIECE
103788,PIECE
103789,PIECE
103790,PIECE
103791,PIECE
103792,PIECE
103793,PIECE
103794,PIECE
103795,PIECE
103796,PIECE
103797,PIECE
103798,PIECE
103799,PIECE
103800,PIECE
103801,SACHET DE 50
103848,PIECE
103892,PIECE
103905,CARTON DE 1000
103907,PIECE
103908,PIECE
103909,PIECE
103950,CARTON DE 24
103958,CARTON DE 1000
104020,BOITE
104021,BOITE
104029,1
104039,1
104071,CARTON DE 6
104104,CARTON DE 1000
104107,CARTON DE 6
104109,1
104110,BOITE DE 50
104111,PIECE
104118,BOITE DE 50
104119,BOITE DE 50
104123,PIECE
104124,PIECE
104129,CARTON DE 1000
104176,CARTON DE 6
104181,CARTON DE 6
104185,CARTON DE 1000
104191,1
104272,CARTON DE 6
104290,PIECE
104291,SACHET DE 10
104293,CARTON DE 6
104318,PIECE
104319,PIECE
104320,PIECE
104353,PIECE
104374,CARTON DE 1000
104381,CARTON DE 1000
104394,CARTON DE 1000
104408,BOITE DE 50
104409,BOITE DE 50
104424,CARTON DE 1000
104426,1
104452,CARTON DE 6
104463,1
104464,CARTON DE 1000
104466,SACHET DE 14
104467,SACHET DE 20
104468,SACHET DE 20
104504,CARTON DE 1000
104512,PIECE
104518,1
104589,PIECE
104623,PIECE
104624,SACHET DE 15
104628,CARTON DE 6
104644,CARTON DE 6
104664,PIECE
104670,BOITE
104699,CARTON DE 6
104729,1
104738,PIECE
104780,CARTON DE 6
104789,BOITE DE 50
104790,BOITE DE 50
104791,PIECE
104917,CARTON DE 500
104918,CARTON DE 500
104942,PIECE
104943,SACHET DE 50
104944,PIECE
104945,PIECE
104946,PIECE
104960,CARTON DE 1000
104961,CARTON DE 1000
104986,CARTON DE 6
104992,CARTON DE 6
105005,1
105012,PIECE
105030,CARTON DE 6
105056,BOITE
105062,PIECE
105077,CARTON DE 6
105122,PIECE
105123,PIECE
105124,PIECE
105125,PIECE
105126,PIECE
105127,PIECE
105177,1
105179,CARTON DE 6
105200,CARTON DE 6
105222,CARTON DE 6
105257,PIECE
105264,1
105273,CARTON DE 6
105296,CARTON DE 1000
105298,PIECE
105300,PIECE
105309,PIECE
105310,PIECE
105311,PIECE
105312,PIECE
105313,FLOWPACK
105331,CARTON DE 1000
105366,1
105386,1
105390,1
105391,1
105392,1
105406,CARTON DE 1000
105413,PIECE
105432,CARTON DE 6
105437,CARTON DE 1000
105439,1
105442,CARTON DE 1000
105456,PIECE
105461,1
105464,CARTON DE 1000
105467,CARTON DE 6
105487,SACHET DE 80
105488,SACHET DE 80
105489,SACHET DE 80
105490,SACHET DE 80
105491,SACHET DE 42
105492,SACHET DE 44
105493,SACHET DE 40
105494,SACHET DE 36
105495,SACHET DE 32
105496,SACHET DE 80
105497,SACHET DE 80
105498,SACHET DE 80
105499,SACHET DE 80
105500,SACHET DE 80
105501,SACHET DE 80
105511,1
105543,CARTON DE 6
105554,CARTON DE 6
105556,BOITE DE 50
105557,BOITE DE 50
105569,1
105591,CARTON DE 1000
105603,CARTON DE 1000
105610,1
105626,SACHET DE 50
105630,SACHET DE 20
105631,SACHET DE 14
105642,PIECE
105643,PIECE
105661,CARTON DE 6
105704,CARTON DE 1000
105706,CARTON DE 1000
105749,CARTON DE 6
105767,CARTON DE 6
105804,PIECE
105811,CARTON DE 6
105852,CARTON DE 500
105853,SACHET DE 22
105854,SACHET DE 14
105855,SACHET DE 14
105856,SACHET DE 14
105857,SACHET DE 14
105868,CARTON DE 24
105869,CARTON DE 1000
105886,CARTON DE 1000
105905,PIECE
105906,PIECE
105907,PIECE
105908,CARTON DE 20
105909,CARTON DE 20
105911,PIECE
105913,PIECE
105967,CARTON DE 6
105971,CARTON DE 6
105976,CARTON DE 1000
105979,CARTON DE 6
106000,1
106024,PIECE
106028,PIECE
106031,PIECE
106032,PIECE
106078,SACHET DE 100
106079,BOITE DE 100
106080,BOITE DE 25
106081,BOITE DE 40
106082,BOITE DE 50
106083,BOITE DE 50
106116,SACHET DE 10
106117,SACHET DE 10
106118,SACHET DE 100
106119,PIECE
106126,PIECE
106127,PIECE
106128,PIECE
106143,CARTON DE 1000
106145,PIECE
106146,PIECE
106147,PIECE
106148,PIECE
106149,PIECE
106150,CARTON DE 1000
106177,PIECE
106178,PIECE
106189,SACHET DE 100
106190,BOITE DE 100
106191,SACHET DE 100
106192,SACHET DE 10
106193,BOITE DE 50
106194,BOITE DE 50
106208,BOITE DE 50
106224,CARTON DE 1000
106225,SACHET DE 100
106226,BOITE DE 100
106227,SACHET DE 100
106228,SACHET DE 10
106229,BOITE DE 25
106261,BOITE DE 50
106262,BOITE DE 50
106280,1
106281,BOITE DE 25
106282,BOITE DE 60
106314,SACHET DE 100
106315,SACHET DE 100
106316,SACHET DE 100
106317,BOITE DE 100
106318,BOITE DE 100
106319,SACHET DE 100
106320,SACHET DE 10
106321,BOITE DE 25
106322,BOITE DE 40
106323,BOITE DE 50
106324,BOITE DE 50
106325,BOITE DE 50
106333,BOITE DE 60
106334,BOITE DE 50
106335,BOITE DE 50
106336,SACHET DE 10
106337,SACHET DE 10
106338,SACHET DE 100
106339,PIECE
106340,PIECE
106341,PIECE
106342,PIECE
106343,PIECE
106344,PIECE
106352,CARTON DE 6
106383,SACHET DE 50
106396,CARTON DE 1000
106450,CARTON DE 6
106496,1
106503,CARTON DE 1000
106537,CARTON DE 1000
106543,1
106560,CARTON DE 1000
106570,CARTON DE 24
106592,PIECE
106593,PIECE
106594,PIECE
106595,PIECE
106596,PIECE
106597,PIECE
106598,PIECE
106599,PIECE
106616,1
106669,PIECE
106673,1
106675,PIECE
106676,PIECE
106677,PIECE
106679,PIECE
106680,PIECE
106681,PIECE
106682,PIECE
106712,CARTON DE 1000
106730,CARTON DE 6
106756,CARTON DE 6
106775,CARTON DE 1000
106807,CARTON DE 6
106823,CARTON DE 6
106833,CARTON DE 1000
106839,CARTON DE 1000
106854,1
106863,CARTON DE 24
106875,CARTON DE 6
106928,BOITE
106944,BOITE DE 50
106961,1
106963,CARTON DE 1000
106964,1
106980,CARTON DE 1000
107072,1
107096,CARTON DE 6
107098,CARTON DE 1000
107099,CARTON DE 6
107106,PIECE
107113,1
107135,PIECE
107136,PIECE
107137,PIECE
107149,CARTON DE 1000
107160,CARTON DE 6
107165,CARTON DE 1000
107168,CARTON DE 1000
107197,CARTON DE 6
107208,PIECE
107277,SACHET DE 50
107290,CARTON DE 6
107299,CARTON DE 1000
107318,CARTON DE 1000
107350,CARTON DE 1000
107371,CARTON DE 6
107382,1
107390,PIECE
107391,PIECE
107392,PIECE
107393,PIECE
107412,BOITE
107438,SACHET DE 28
107444,PIECE
107453,CARTON DE 6
107482,PIECE
107484,PIECE
107485,CARTON DE 6
107508,CARTON DE 6
107522,SACHET DE 20
107523,SACHET DE 50
107549,CARTON DE 1000
107568,CARTON DE 1000
107576,CARTON DE 6
107590,BOITE DE 12
107595,CARTON DE 1000
107602,1
107654,CARTON DE 6
107662,BOITE DE 50
107663,BOITE DE 25
107667,CARTON DE 1000
107688,CARTON DE 1000
107689,CARTON DE 6
107705,CARTON DE 1000
107707,CARTON DE 1000
107712,PIECE
107713,PIECE
107714,PIECE
107715,PIECE
107716,PIECE
107717,PIECE
107718,PIECE
107725,PIECE
107739,CARTON DE 1000
107755,CARTON DE 1000
107764,SACHET DE 14
107772,CARTON DE 500
107784,PIECE
107785,PIECE
107820,PIECE
107822,SACHET DE 18
107825,SACHET DE 14
107828,CARTON DE 6
107834,PIECE
107847,CARTON DE 6
107854,PIECE
107869,CARTON DE 1000
107878,CARTON DE 6
107887,CARTON DE 25
107903,CARTON DE 1000
107918,PIECE
107921,1
107926,CARTON DE 6
107935,CARTON DE 500
107964,CARTON DE 6
107970,PIECE
107978,PIECE
107981,SACHET DE 27
107982,SACHET DE 32
107983,SACHET DE 30
107984,SACHET DE 28
107985,SACHET DE 28
107986,SACHET DE 24
107987,SACHET DE 22
107989,PIECE
107990,SACHET DE 50
107991,SACHET DE 50
107992,SACHET DE 50
108002,SACHET DE 50
108003,SACHET DE 20
108013,SACHET DE 27
108014,SACHET DE 32
108015,SACHET DE 30
108016,SACHET DE 28
108017,SACHET DE 28
108018,SACHET DE 24
108019,SACHET DE 22
108020,PIECE
108021,SACHET DE 20
108026,CARTON DE 1000
108037,CARTON DE 1000
108046,SACHET DE 27
108047,SACHET DE 32
108048,SACHET DE 30
108049,SACHET DE 28
108050,SACHET DE 28
108051,SACHET DE 24
108052,SACHET DE 22
108085,CARTON DE 6
108103,SACHET DE 27
108104,SACHET DE 32
108105,SACHET DE 30
108106,SACHET DE 28
108107,SACHET DE 28
108108,SACHET DE 24
108109,SACHET DE 22
108111,CARTON DE 24
108114,PIECE
108126,CARTON DE 1000
108127,PIECE
108128,PIECE
108129,PIECE
108130,BOITE DE 50
108134,FLOWPACK
108142,PIECE
108143,PIECE
108144,SACHET DE 50
108164,SACHET DE 50
108168,SACHET DE 50
108217,PIECE
108223,PIECE
108226,CARTON DE 6
108228,BOITE DE 12
108230,PIECE
108246,CARTON DE 500
108247,BOITE DE 50
108273,CARTON DE 6
108339,CARTON DE 1000
108341,CARTON DE 6
108362,CARTON DE 1000
108411,SACHET DE 40
108415,SACHET DE 44
108442,PIECE
108443,PIECE
108444,PIECE
108489,PIECE
108516,PIECE
108529,PIECE
108530,PIECE
108555,CARTON DE 6
108577,CARTON DE 1000
108589,CARTON DE 1000
108590,CARTON DE 1000
108597,CARTON DE 1000
108606,CARTON DE 6
108615,CARTON DE 1000
108624,1
108646,PIECE
108675,CARTON DE 1000
108686,PIECE
108689,CARTON DE 20
108719,CARTON DE 6
108725,1
108741,1
108744,CARTON DE 6
108756,BOITE
108763,PIECE
108764,PIECE
108766,PIECE
108767,PIECE
108768,PIECE
108769,PIECE
108773,CARTON DE 1000
108789,PIECE
108860,1
108868,PIECE
108869,PIECE
108870,CARTON DE 1000
108880,PIECE
108903,BOITE
108962,CARTON DE 1000
108970,CARTON DE 6
108995,BOITE DE 50
108998,PIECE
108999,PIECE
109000,PIECE
109001,PIECE
109002,PIECE
109003,PIECE
109004,PIECE
109005,PIECE
109006,BOITE
109007,PIECE
109008,PIECE
109009,PIECE
109010,PIECE
109013,CARTON DE 1000
109067,PIECE
109105,CARTON DE 1000
109114,PIECE
109120,CARTON DE 6
109133,PIECE
109137,PIECE
109143,PIECE
109168,CARTON DE 1000
109169,CARTON DE 6
109176,CARTON DE 6
109177,CARTON DE 6
109201,CARTON DE 6
109252,CARTON DE 6
109265,CARTON DE 1000
109266,SACHET DE 20
109267,PIECE
109268,PIECE
109269,CARTON DE 6
109300,1
109318,CARTON DE 6
109327,SACHET DE 18
109328,SACHET DE 30
109329,SACHET DE 14
109336,CARTON DE 1000
109338,CARTON DE 1000
109346,CARTON DE 1000
109382,CARTON DE 25
109405,PIECE
109414,PIECE
109419,CARTON DE 6
109425,CARTON DE 6
109458,PIECE
109487,PIECE
109488,PIECE
109489,PIECE
109521,CARTON DE 1000
109527,PIECE
109528,PIECE
109543,PIECE
109560,PIECE
109561,PIECE
109621,PIECE
109628,SACHET DE 30
109650,CARTON DE 24
109693,1
109709,1
109713,PIECE
109714,PIECE
109754,10
109755,PIECE
109756,PIECE
109757,PIECE
109758,PIECE
109759,PIECE
109760,PIECE
109761,PIECE
109762,PIECE
109763,PIECE
109764,PIECE
109765,PIECE
109766,PIECE
109767,PIECE
109768,PIECE
109803,CARTON DE 1000
109811,CARTON DE 6
109835,PIECE
109870,PIECE
109877,PIECE
109902,PIECE
109903,PIECE
109912,PIECE
109913,PIECE
109916,CARTON DE 6
109917,CARTON DE 6
109939,SACHET DE 20
109940,SACHET DE 20
109941,SACHET DE 20
109942,SACHET DE 20
109969,SACHET DE 10
109973,1
109978,CARTON DE 6
109979,PIECE
109980,PIECE
109981,PIECE
109982,PIECE
109983,PIECE
109984,PIECE
109985,PIECE
109986,PIECE
110016,CARTON DE 24
110029,CARTON DE 1000
110043,CARTON DE 6
110077,CARTON DE 6
110083,CARTON DE 1000
110085,PIECE
110086,PIECE
110087,PIECE
110088,PIECE
110089,PIECE
110090,CARTON DE 1000
110095,1
110106,1
110147,1
110149,1
110173,SACHET DE 100
110184,1
110189,CARTON DE 6
110193,CARTON DE 1000
110194,PIECE
110195,PIECE
110196,PIECE
110197,PIECE
110198,PIECE
110199,PIECE
110203,CARTON DE 1000
110224,CARTON DE 6
110236,1
110244,CARTON DE 1000
110248,1
110296,BOITE DE 50
110301,CARTON DE 6
110326,1
110331,1
110337,PIECE
110338,PIECE
110339,PIECE
110370,CARTON DE 1000
110375,1
110432,CARTON DE 1000
110448,CARTON DE 6
110469,PIECE
110491,BOITE DE 50
110523,1
110525,CARTON DE 6
110529,PIECE
110530,PIECE
110531,BOITE
110532,PIECE
110534,BOITE
110538,CARTON DE 6
110542,CARTON DE 25
110555,PIECE
110644,CARTON DE 6
110667,PIECE
110707,BOITE DE 50
110708,BOITE DE 50
110721,CARTON DE 24
110722,CARTON DE 25
110753,CARTON DE 6
110771,BOITE DE 50
110781,PIECE
110782,PIECE
110849,1
110854,PIECE
110861,SACHET DE 32
110862,SACHET DE 30
110863,SACHET DE 28
110864,SACHET DE 24
110865,SACHET DE 22
110866,SACHET DE 20
110867,SACHET DE 18
110917,BOITE DE 50
110927,PIECE
110939,CARTON DE 6
110962,PIECE
111080,PIECE
111089,CARTON DE 24
111092,PIECE
111093,PIECE
111094,PIECE
111095,PIECE
111096,PIECE
111097,PIECE
111098,PIECE
111099,PIECE
111100,PIECE
111102,BOITE DE 50
111103,SACHET DE 12
111104,PIECE
111105,10
111106,SACHET DE 25
111107,SACHET DE 100
111108,BOITE
111109,SACHET DE 100
111110,BOITE DE 50
111132,CARTON DE 6
111138,CARTON DE 6
111158,CARTON DE 6
111178,PIECE
111179,PIECE
111180,PIECE
111207,CARTON DE 24
111235,PIECE
111236,PIECE
111257,CARTON DE 6
111261,PIECE
111262,PIECE
111263,PIECE
111264,PIECE
111265,PIECE
111302,BOITE DE 50
111303,BOITE DE 50
111319,CARTON DE 1000
111326,CARTON DE 24
111334,PIECE
111335,PIECE
111342,PIECE
111343,PIECE
111344,PIECE
111345,PIECE
111373,BOITE
111374,BOITE
111380,BOITE DE 50
111383,PIECE
111384,PIECE
111400,BOITE DE 50
111405,CARTON DE 6
111406,CARTON DE 6
111409,1
111441,CARTON DE 20
111442,CARTON DE 20
111444,CARTON DE 6
111474,PIECE
111479,SACHET DE 40
111494,CARTON DE 6
111522,1
111524,1
111546,SACHET DE 27
111547,SACHET DE 28
111548,SACHET DE 22
111549,SACHET DE 18
111557,CARTON DE 500
111558,BOITE DE 12
111560,CARTON DE 6
111571,CARTON DE 6
111589,CARTON DE 6
111628,1
111645,BOITE DE 20
111648,PIECE
111667,PIECE
111672,BOITE DE 12
111692,BOITE
111693,BOITE
111694,BOITE
111710,PIECE
111727,PIECE
111728,PIECE
111729,PIECE
111730,PIECE
111731,PIECE
111756,PIECE
111757,CARTON DE 25
111765,SACHET DE 100
111766,BOITE DE 25
111767,SACHET DE 25
111787,BOITE DE 50
111794,1
111807,PIECE
111808,SACHET DE 100
111830,PIECE
111831,PIECE
111832,PIECE
111833,PIECE
111834,PIECE
111852,CARTON DE 6
111868,PIECE
111869,PIECE
111870,PIECE
111871,PIECE
111872,PIECE
111873,PIECE
111874,PIECE
111875,PIECE
111876,PIECE
111877,PIECE
111878,PIECE
111879,PIECE
111880,CARTON DE 6
111886,CARTON DE 500
111912,CARTON DE 6
111935,SACHET DE 100
111936,SACHET DE 100
111937,BOITE DE 50
111938,BOITE DE 50
111939,BOITE DE 40
111940,BOITE DE 50
111941,BOITE DE 25
111942,BOITE DE 25
111943,BOITE DE 50
111944,BOITE DE 25
111945,SACHET DE 10
111946,SACHET DE 10
111947,10
111948,SACHET DE 10
111949,PIECE
111950,PIECE
111951,PIECE
111952,SACHET DE 100
111953,PIECE
111954,PIECE
111955,SACHET DE 100
111956,PIECE
111957,PIECE
111967,CARTON DE 6
111973,PIECE
111974,SACHET DE 10
111975,SACHET DE 10
111976,SACHET DE 10
111977,SACHET DE 25
111978,SACHET DE 25
111979,SACHET DE 100
111980,BOITE DE 12
112010,CARTON DE 6
112014,CARTON DE 6
112033,PIECE
112034,PIECE
112035,PIECE
112036,PIECE
112037,PIECE
112038,PIECE
112039,PIECE
112045,CARTON DE 6
112053,1
112056,1
112073,SACHET DE 10
112074,PIECE
112075,PIECE
112076,PIECE
112077,SACHET DE 10
112078,SACHET DE 10
112079,SACHET DE 100
112080,BOITE DE 12
112097,1
112100,BOITE DE 50
112101,SACHET DE 100
112102,BOITE DE 50
112103,BOITE DE 50
112114,PIECE
112131,BOITE DE 40
112133,SACHET DE 50
112146,SACHET DE 100
112147,SACHET DE 10
112148,10
112159,BOITE DE 50
112160,BOITE DE 40
112161,BOITE DE 50
112162,SACHET DE 10
112179,SACHET DE 100
112180,BOITE DE 50
112181,SACHET DE 100
112184,SACHET DE 50
112185,SACHET DE 50
112186,SACHET DE 50
112187,SACHET DE 50
112188,FLOWPACK
112195,BOITE DE 50
112204,1
112211,BOITE DE 40
112212,BOITE DE 25
112221,1
112233,CARTON DE 6
112265,CARTON DE 6
112270,PIECE
112271,PIECE
112272,PIECE
112273,PIECE
112275,SACHET DE 10
112285,PIECE
112307,BOITE DE 50
112312,BOITE DE 50
112322,PIECE
112323,PIECE
112324,PIECE
112325,PIECE
112326,PIECE
112327,BOITE DE 50
112328,PIECE
112357,1
112358,SACHET DE 25
112369,1
112372,CARTON DE 24
112473,PIECE
112514,PIECE
112515,SACHET DE 50
112520,SACHET DE 28
112525,1
112529,1
112540,BOITE DE 50
112561,1
112571,PIECE
112604,CARTON DE 6
112613,SACHET DE 10
112614,PIECE
112615,SACHET DE 20
112616,PIECE
112617,PIECE
112618,PIECE
112627,PIECE
112631,PIECE
112666,1
112672,CARTON DE 6
112682,SACHET DE 27
112707,PIECE
112725,PIECE
112726,PIECE
112727,PIECE
112728,PIECE
112739,PIECE
112798,CARTON DE 24
112805,CARTON DE 6
112817,PIECE
112855,CARTON DE 6
112864,PIECE
112865,PIECE
112866,PIECE
112867,PIECE
112868,PIECE
112869,PIECE
112870,PIECE
112871,PIECE
112907,CARTON DE 30
112908,CARTON DE 30
112923,CARTON DE 6
112989,PIECE
112990,PIECE
113010,CARTON DE 6
113032,CARTON DE 500
113070,1
113077,10
113078,10
113079,SACHET DE 10
113080,SACHET DE 10
113081,FLOWPACK
113082,SACHET DE 100
113083,SACHET DE 100
113084,SACHET DE 10
113085,PIECE
113086,SACHET DE 25
113087,PIECE
113088,PIECE
113089,PIECE
113090,PIECE
113091,PIECE
113092,PIECE
113093,PIECE
113094,PIECE
113095,PIECE
113096,PIECE
113097,PIECE
113098,PIECE
113099,PIECE
113100,PIECE
113101,PIECE
113102,PIECE
113103,PIECE
113104,PIECE
113105,PIECE
113106,PIECE
113107,PIECE
113108,PIECE
113109,PIECE
113110,PIECE
113111,PIECE
113112,PIECE
113113,PIECE
113114,PIECE
113116,PIECE
113117,PIECE
113118,PIECE
113122,PIECE
113123,PIECE
113124,PIECE
113125,PIECE
113126,PIECE
113127,PIECE
113128,PIECE
113129,PIECE
113130,PIECE
113131,PIECE
113132,PIECE
113133,PIECE
113134,PIECE
113135,PIECE
113136,PIECE
113137,PIECE
113138,PIECE
113139,PIECE
113140,PIECE
113141,PIECE
113142,PIECE
113143,PIECE
113156,1
113158,1
113160,1
113162,BOITE DE 50
113163,BOITE DE 50
113164,BOITE DE 40
113165,BOITE DE 50
113166,BOITE DE 50
113167,BOITE DE 25
113180,PIECE
113185,CARTON DE 6
113186,PIECE
113195,PIECE
113196,PIECE
113199,PIECE
113200,PIECE
113201,PIECE
113202,PIECE
113203,PIECE
113204,PIECE
113232,PIECE
113247,CARTON DE 25
113249,BOITE DE 50
113257,CARTON DE 6
113265,CARTON DE 6
113286,PIECE
113317,CARTON DE 6
113351,PIECE
113408,CARTON DE 6
113418,SACHET DE 50
113419,SACHET DE 50
113420,PIECE
113424,CARTON DE 6
113426,PIECE
113427,PIECE
113428,PIECE
113429,PIECE
113430,PIECE
113431,PIECE
113432,PIECE
113433,PIECE
113434,PIECE
113435,PIECE
113446,PIECE
113447,PIECE
113448,PIECE
113473,BOITE
113500,PIECE
113514,SACHET DE 40
113559,CARTON DE 24
113564,PIECE
113565,PIECE
113566,PIECE
113567,PIECE
113568,PIECE
113569,PIECE
113570,PIECE
113571,PIECE
113572,PIECE
113573,PIECE
113574,PIECE
113575,PIECE
113576,PIECE
113577,PIECE
113578,PIECE
113579,PIECE
113580,PIECE
113583,PIECE
113584,PIECE
113585,PIECE
113586,PIECE
113587,PIECE
113588,PIECE
113589,PIECE
113590,PIECE
113591,PIECE
113592,PIECE
113593,PIECE
113594,PIECE
113595,PIECE
113596,PIECE
113597,PIECE
113598,PIECE
113599,PIECE
113600,PIECE
113613,1
113630,PIECE
113641,PIECE
113651,PIECE
113652,PIECE
113656,PIECE
113657,PIECE
113658,PIECE
113659,PIECE
113660,PIECE
113666,PIECE
113667,PIECE
113668,PIECE
113669,PIECE
113685,BOITE DE 12
113686,BOITE
113687,PIECE
113688,PIECE
113689,PIECE
113691,PIECE
113692,BOITE
113693,BOITE
113694,BOITE
113695,SACHET DE 100
113697,CARTON DE 6
113703,CARTON DE 6
113708,PIECE
113781,CARTON DE 6
113782,PIECE
113783,PIECE
113784,PIECE
113785,PIECE
113786,PIECE
113787,PIECE
113795,BOITE DE 50
113807,PIECE
113818,PIECE
113819,SACHET DE 50
113820,PIECE
113828,SACHET DE 14
113829,SACHET DE 14
113830,SACHET DE 14
113844,CARTON DE 6
113848,1
113854,PIECE
113857,PIECE
113858,SACHET DE 20
113866,PIECE
113884,1
113903,SACHET DE 14
113909,1
113927,PIECE
113928,PIECE
113954,PIECE
113955,PIECE
113956,PIECE
113957,PIECE
113958,PIECE
113959,PIECE
113960,PIECE
113961,PIECE
113962,PIECE
113963,PIECE
113964,PIECE
113965,PIECE
113966,PIECE
113967,PIECE
113968,PIECE
113970,SACHET DE 100
113975,PIECE
113976,PIECE
113984,PIECE
113985,PIECE
114025,1
114033,PIECE
114034,PIECE
114035,PIECE
114036,PIECE
114037,PIECE
114038,PIECE
114039,PIECE
114052,PIECE
114053,PIECE
114054,PIECE
114055,PIECE
114056,PIECE
114057,PIECE
114058,PIECE
114072,BOITE DE 50
114073,BOITE DE 50
114074,PIECE
114075,PIECE
114105,CARTON DE 500
114113,CARTON DE 6
114142,SACHET DE 100
114143,SACHET DE 100
114144,100
114145,SACHET DE 100
114147,CARTON DE 6
114159,PIECE
114161,PIECE
114162,PIECE
114163,PIECE
114183,SACHET DE 25
114193,CARTON DE 6
114218,CARTON DE 6
114220,BOITE
114221,BOITE
114222,BOITE
114223,BOITE
114224,BOITE
114225,BOITE
114226,BOITE
114227,BOITE
114228,BOITE DE 50
114234,SACHET DE 10
114235,SACHET DE 10
114236,SACHET DE 10
114238,SACHET DE 100
114239,SACHET DE 100
114240,PIECE
114242,SACHET DE 100
114248,PIECE
114251,CARTON DE 20
114252,CARTON DE 20
114272,CARTON DE 6
114293,SACHET DE 100
114294,SACHET DE 100
114298,SACHET DE 50
114299,SACHET DE 25
114301,BOITE
114308,SACHET DE 100
114309,SACHET DE 100
114310,SACHET DE 100
114326,1
114327,CARTON DE 6
114329,SACHET DE 100
114330,SACHET DE 100
114331,PIECE
114332,PIECE
114333,PIECE
114334,PIECE
114335,PIECE
114352,CARTON DE 6
114355,CARTON DE 6
114365,SACHET DE 100
114366,SACHET DE 100
114367,BOITE DE 50
114368,BOITE DE 50
114369,BOITE DE 25
114370,BOITE DE 50
114409,SACHET DE 100
114410,SACHET DE 100
114411,SACHET DE 100
114419,PIECE
114422,CARTON DE 6
114423,PIECE
114424,SACHET DE 44
114425,SACHET DE 20
114447,SACHET DE 100
114448,SACHET DE 100
114449,SACHET DE 25
114450,PIECE
114456,CARTON DE 6
114471,SACHET DE 25
114474,SACHET DE 100
114479,PIECE
114496,CARTON DE 500
114522,PIECE
114523,PIECE
114524,PIECE
114525,PIECE
114526,PIECE
114527,PIECE
114528,PIECE
114533,SACHET DE 100
114546,PIECE
114547,PIECE
114548,PIECE
114549,PIECE
114550,PIECE
114551,PIECE
114552,PIECE
114553,PIECE
114554,PIECE
114555,PIECE
114572,SACHET DE 100
114573,SACHET DE 100
114574,SACHET DE 100
114575,SACHET DE 100
114576,SACHET DE 100
114621,SACHET DE 10
114670,CARTON DE 6
114672,PIECE
114678,CARTON DE 6
114680,SACHET DE 100
114681,SACHET DE 100
114682,SACHET DE 100
114683,SACHET DE 100
114699,CARTON DE 6
114712,PIECE
114715,SACHET DE 60
114720,CARTON DE 25
114742,SACHET DE 100
114743,SACHET DE 100
114782,1
114795,CARTON DE 6
114801,PIECE
114802,PIECE
114803,PIECE
114804,PIECE
114805,PIECE
114806,PIECE
114807,PIECE
114808,PIECE
114809,PIECE
114810,PIECE
114846,CARTON DE 6
114849,SACHET DE 100
114850,SACHET DE 100
114854,BOITE
114855,PIECE
114856,PIECE
114857,PIECE
114858,PIECE
114859,PIECE
114860,PIECE
114874,PIECE
114875,PIECE
114876,PIECE
114877,PIECE
114878,PIECE
114879,PIECE
114880,PIECE
114881,PIECE
114921,CARTON DE 6
114925,1
114984,CARTON DE 6
114986,1
114992,CARTON DE 6
115006,BOITE DE 50
115007,SACHET DE 50
115034,1
115084,CARTON DE 6
115121,CARTON DE 6
115155,1
115172,SACHET DE 25
115201,1
115207,1
115211,BOITE DE 50
115221,PIECE
115222,PIECE
115223,PIECE
115268,CARTON DE 6
115288,PIECE
115313,PIECE
115332,PIECE
115369,SACHET DE 10
115381,PIECE
115382,PIECE
115383,PIECE
115384,PIECE
115422,1
115424,CARTON DE 6
115444,PIECE
115445,PIECE
115464,1
115466,CARTON DE 6
115492,PIECE
115548,1
115556,BOITE
115557,BOITE
115559,1
115564,CARTON DE 6
115617,CARTON DE 6
115627,PIECE
115628,PIECE
115629,PIECE
115630,PIECE
115643,1
115648,CARTON DE 6
115650,PIECE
115660,CARTON DE 6
115713,1
115715,CARTON DE 6
115722,BOITE DE 50
115723,BOITE DE 50
115728,1
115734,CARTON DE 6
115742,PIECE
115743,PIECE
115744,PIECE
115751,CARTON DE 6
115753,SACHET DE 20
115754,SACHET DE 20
115755,SACHET DE 14
115756,PIECE
115757,SACHET DE 20
115758,SACHET DE 20
115759,SACHET DE 20
115760,SACHET DE 27
115761,SACHET DE 27
115762,SACHET DE 25
115818,PIECE
115819,PIECE
115835,SACHET DE 10
115844,1
115854,1
115856,BOITE DE 50
115857,BOITE DE 50
115861,1
115862,SACHET DE 100
115871,CARTON DE 6
115874,CARTON DE 6
115914,CARTON DE 6
115931,PIECE
115963,CARTON DE 500
115970,1
115977,CARTON DE 24
116024,1
116035,PIECE
116054,1
116057,CARTON DE 6
116059,PIECE
116065,CARTON DE 6
116068,PIECE
116110,PIECE
116111,PIECE
116112,PIECE
116113,PIECE
116114,PIECE
116115,PIECE
116116,PIECE
116117,PIECE
116118,PIECE
116119,BOITE
116145,1
116146,CARTON DE 20
116147,CARTON DE 20
116155,PIECE
116209,CARTON DE 6
116215,PIECE
116219,PIECE
116220,PIECE
116221,PIECE
116222,PIECE
116223,PIECE
116224,PIECE
116225,PIECE
116226,PIECE
116265,PIECE
116266,PIECE
116295,PIECE
116296,PIECE
116297,PIECE
116354,CARTON DE 6
116416,BOITE DE 50
116430,CARTON DE 12 PACKS
116497,SACHET DE 25
116498,SACHET DE 25
116499,SACHET DE 25
116500,PIECE
116501,PIECE
116502,BOITE DE 100
116503,BOITE
116504,PIECE
116506,SACHET DE 10
116507,SACHET DE 10
116508,SACHET DE 10
116509,SACHET DE 10
116510,BOITE
116511,BOITE DE 50
116512,BOITE
116513,BOITE DE 50
116514,PIECE
116515,BOITE
116516,SACHET DE 20
116517,BOITE DE 50
116518,BOITE
116519,BOITE
116520,PIECE
116522,PIECE
116523,PIECE
116524,BOITE DE 50
116525,BOITE
116531,BOITE DE 50
116582,1
116610,CARTON DE 12 PACKS
116620,CARTON DE 6
116627,CARTON DE 6
116673,PIECE
116674,PIECE
116675,PIECE
116696,PIECE
116712,PIECE
116725,BOITE
116726,BOITE
116727,BOITE
116729,BOITE
116730,BOITE DE 50
116732,BOITE
116733,BOITE
116734,BOITE
116735,BOITE
116736,BOITE
116737,BOITE
116738,SACHET DE 100
116739,BOITE
116743,BOITE DE 50
116744,BOITE DE 50
116745,SACHET DE 25
116746,SACHET DE 10
116747,SACHET DE 10
116748,PIECE
116749,BOITE
116750,BOITE
116751,BOITE
116752,PIECE
116754,CARTON DE 6
116760,BOITE
116764,CARTON DE 6
116797,CARTON DE 25
116832,PIECE
116884,1
116913,BOITE
116914,BOITE
116916,BOITE
116917,BOITE
116918,BOITE
116919,CARTON DE 6
116942,1
116999,CARTON DE 6
117022,CARTON DE 6
117044,1
117058,CARTON DE 6
117074,1
117085,CARTON DE 6
117087,BOITE
117110,CARTON DE 6
117138,PIECE
117139,PIECE
117140,PIECE
117141,PIECE
117142,PIECE
117143,PIECE
117144,PIECE
117147,BOITE
117153,1
117181,1
117184,1
117185,PIECE
117186,PIECE
117187,PIECE
117188,PIECE
117189,PIECE
117190,PIECE
117191,PIECE
117192,PIECE
117193,PIECE
117204,1
117248,PIECE
117259,PIECE
117260,PIECE
117261,PIECE
117276,PIECE
117277,PIECE
117279,PIECE
117280,PIECE
117281,PIECE
117282,PIECE
117283,PIECE
117284,PIECE
117285,PIECE
117286,PIECE
117287,PIECE
117288,PIECE
117289,PIECE
117290,PIECE
117296,CARTON DE 6
117310,CARTON DE 20
117312,CARTON DE 20
117353,1
117387,BOITE DE 12
117399,CARTON DE 6
117413,PIECE
117420,PIECE
117436,PIECE
117446,PIECE
117447,PIECE
117448,PIECE
117449,PIECE
117482,PIECE
117483,PIECE
117484,PIECE
117485,PIECE
117486,PIECE
117487,PIECE
117497,1
117498,PIECE
117499,PIECE
117500,PIECE
117501,PIECE
117502,PIECE
117511,1
117529,PIECE
117530,PIECE
117531,PIECE
117532,PIECE
117533,PIECE
117534,PIECE
117535,PIECE
117536,PIECE
117537,PIECE
117538,PIECE
117539,PIECE
117540,PIECE
117541,PIECE
117542,PIECE
117543,PIECE
117555,CARTON DE 6
117615,1
117636,CARTON DE 6
117639,PIECE
117640,PIECE
117641,PIECE
117642,PIECE
117670,PIECE
117671,PIECE
117676,PIECE
117717,CARTON DE 6
117727,PIECE
117745,1
117770,CARTON DE 6
117806,BOITE
117807,BOITE
117808,BOITE
117809,BOITE DE 50
117810,BOITE DE 50
117811,SACHET DE 100
117812,PIECE
117813,SACHET DE 100
117814,SACHET DE 100
117815,BOITE
117842,CARTON DE 6
117850,BOITE DE 50
117851,BOITE DE 50
117852,BOITE DE 50
117922,PIECE
117923,PIECE
117924,PIECE
117929,PIECE
117930,PIECE
117931,PIECE
117932,PIECE
117933,PIECE
117934,PIECE
117935,PIECE
117936,PIECE
117937,PIECE
117938,PIECE
117939,PIECE
117950,CARTON DE 6
117976,CARTON DE 6
118033,1
118038,PIECE
118064,PIECE
118065,PIECE
118066,PIECE
118067,PIECE
118068,PIECE
118095,BOITE DE 50
118098,PIECE
118112,CARTON DE 6
118126,1
118131,CARTON DE 6
118132,CARTON DE 6
118147,BOITE DE 60
118149,PIECE
118151,PIECE
118208,SACHET DE 50
118226,CARTON DE 500
118236,CARTON DE 6
118255,1
118282,PIECE
118283,PIECE
118287,PIECE
118288,PIECE
118289,PIECE
118290,PIECE
118291,PIECE
118304,PIECE
118305,PIECE
118308,PIECE
118363,CARTON DE 6
118366,PIECE
118371,PIECE
118372,PIECE
118373,PIECE
118374,PIECE
118386,CARTON DE 6
118412,BOITE DE 50
118413,SACHET DE 100
118414,SACHET DE 100
118415,BOITE DE 50
118416,SACHET DE 20
118417,BOITE
118418,BOITE
118419,SACHET DE 25
118420,SACHET DE 25
118421,SACHET DE 25
118422,SACHET DE 25
118423,BOITE
118459,BOITE DE 50
118526,PIECE
118603,CARTON DE 6
118634,CARTON DE 25
118635,CARTON DE 24
118647,CARTON DE 6
118660,PIECE
118669,CARTON DE 12 PACKS
118683,PIECE
118684,BOITE DE 50
118687,PIECE
118688,PIECE
118689,PIECE
118690,PIECE
118691,PIECE
118692,PIECE
118693,BOITE DE 50
118837,CARTON DE 24
118925,PIECE
118926,PIECE
118927,PIECE
118928,PIECE
118929,PIECE
118930,PIECE
118986,BOITE DE 50
118989,CARTON DE 1000
118996,1
119001,PIECE
119002,PIECE
119077,PIECE
119078,PIECE
119079,PIECE
119102,CARTON DE 6
119117,CARTON DE 6
119230,1
119233,BOITE
119255,CARTON DE 6
119318,CARTON DE 6
119327,PIECE
119364,CARTON DE 6
119413,CARTON DE 6
119439,CARTON DE 25
119440,PIECE
119443,PIECE
119444,PIECE
119460,1
119472,CARTON DE 6
119528,1
119533,BOITE DE 50
119534,PIECE
119585,CARTON DE 24
119604,PIECE
119636,CARTON DE 6
119707,CARTON DE 6
119710,PIECE
119711,PIECE
119712,PIECE
119713,PIECE
119714,PIECE
119728,PIECE
119729,PIECE
119754,CARTON DE 25
119802,PIECE
119805,PIECE
119832,PIECE
119833,PIECE
119834,PIECE
119835,PIECE
119836,PIECE
119837,PIECE
119838,PIECE
119839,PIECE
119840,PIECE
119841,PIECE
119842,PIECE
119843,PIECE
119878,1
119887,CARTON DE 6
119913,CARTON DE 6
119915,CARTON DE 25
119919,BOITE DE 50
119980,CARTON DE 6
119992,CARTON DE 6
120010,PIECE
120051,CARTON DE 25
120060,1
120078,PIECE
120079,PIECE
120080,PIECE
120081,PIECE
120082,PIECE
120083,PIECE
120084,PIECE
120085,PIECE
120086,PIECE
120087,BOITE DE 50
120090,PIECE
120091,PIECE
120092,PIECE
120093,PIECE
120094,PIECE
120135,BOITE DE 50
120136,BOITE DE 50
120137,BOITE DE 50
120139,BOITE DE 50
120145,CARTON DE 6
120157,1
120159,PIECE
120160,BOITE
120214,BOITE DE 50
120215,BOITE DE 50
120217,BOITE DE 50
120218,BOITE DE 50
120235,PIECE
120236,PIECE
120237,PIECE
120238,PIECE
120239,PIECE
120240,PIECE
120241,PIECE
120242,PIECE
120243,PIECE
120244,PIECE
120292,BOITE DE 50
120293,BOITE DE 60
120294,BOITE DE 50
120296,BOITE DE 50
120297,BOITE DE 50
120310,BOITE DE 50
120311,BOITE DE 40
120314,CARTON DE 6
120316,PIECE
120325,SACHET DE 10
120335,CARTON DE 20
120336,CARTON DE 20
120352,1
120418,BOITE DE 50
120419,BOITE DE 50
120420,BOITE DE 60
120421,BOITE DE 40
120422,BOITE DE 50
120423,BOITE DE 50
120457,BOITE DE 40
120462,BOITE DE 40
120463,BOITE DE 40
120469,BOITE DE 40
120477,BOITE DE 50
120478,BOITE DE 50
120479,BOITE DE 50
120480,BOITE DE 40
120510,PIECE
120511,BOITE DE 40
120512,BOITE DE 50
120513,BOITE DE 50
120514,BOITE DE 25
120529,BOITE DE 50
120536,1
120537,BOITE DE 50
120538,BOITE DE 50
120539,PIECE
120540,BOITE DE 40
120541,BOITE DE 50
120542,BOITE DE 50
120543,BOITE DE 25
120544,BOITE DE 50
120545,BOITE DE 50
120546,BOITE DE 50
120547,BOITE DE 40
120548,BOITE DE 50
120549,BOITE DE 50
120550,BOITE DE 25
120559,BOITE DE 50
120560,PIECE
120561,BOITE DE 50
120562,BOITE DE 40
120563,BOITE DE 50
120564,BOITE DE 50
120578,BOITE DE 50
120579,BOITE DE 50
120580,BOITE DE 50
120581,PIECE
120582,BOITE DE 50
120583,BOITE DE 40
120584,BOITE DE 50
120585,BOITE DE 50
120586,BOITE DE 25
120588,CARTON DE 6
120618,BOITE DE 50
120619,PIECE
120620,BOITE DE 50
120621,BOITE DE 40
120622,BOITE DE 50
120627,BOITE DE 50
120628,PIECE
120629,BOITE DE 50
120653,PIECE
120654,BOITE DE 50
120655,BOITE DE 40
120656,BOITE DE 50
120657,BOITE DE 50
120663,BOITE DE 50
120665,BOITE DE 50
120667,BOITE DE 50
120668,BOITE DE 50
120669,PIECE
120670,BOITE DE 50
120671,PIECE
120672,BOITE DE 50
120780,PIECE
120781,PIECE
120782,PIECE
120783,PIECE
120784,PIECE
120785,PIECE
120786,PIECE
120787,PIECE
120788,PIECE
120789,PIECE
120790,PIECE
120791,PIECE
120792,PIECE
120793,PIECE
120794,PIECE
120795,PIECE
120796,PIECE
120797,PIECE
120798,PIECE
120799,PIECE
120800,PIECE
120801,PIECE
120802,PIECE
120803,PIECE
120804,PIECE
120805,PIECE
120806,PIECE
120807,PIECE
120808,PIECE
120809,PIECE
120810,PIECE
120811,PIECE
120812,PIECE
120813,PIECE
120814,PIECE
120815,PIECE
120816,PIECE
120817,PIECE
120818,PIECE
120819,PIECE
120820,PIECE
120821,PIECE
120822,PIECE
120823,PIECE
120824,PIECE
120825,PIECE
120826,PIECE
120868,CARTON DE 6
120925,PIECE
120978,CARTON DE 1000
120984,PIECE
120986,10
120987,10
120989,10
120990,SACHET DE 10
120991,SACHET DE 10
120992,SACHET DE 10
120993,10
120994,SACHET DE 10
120995,PIECE
120996,PIECE
120997,PIECE
120998,PIECE
120999,PIECE
121000,PIECE
121001,PIECE
121002,PIECE
121003,PIECE
121004,PIECE
121005,PIECE
121006,PIECE
121007,PIECE
121008,PIECE
121009,SACHET DE 10
121010,SACHET DE 10
121011,SACHET DE 10
121012,PIECE
121013,PIECE
121014,PIECE
121015,PIECE
121016,PIECE
121017,PIECE
121018,PIECE
121019,PIECE
121020,PIECE
121043,PIECE
121083,PIECE
121086,CARTON DE 6
121091,CARTON DE 6
121093,PIECE
121095,PIECE
121112,1
121148,CARTON DE 6
121189,PIECE
121204,1
121236,CARTON DE 500
121245,CARTON DE 6
121312,PIECE
121313,PIECE
121354,CARTON DE 6
121355,SACHET DE 25
121447,CARTON DE 25
121481,PIECE
121524,BOITE DE 50
121527,1
121535,BOITE DE 50
121631,PIECE
121689,1
121704,PIECE
121757,CARTON DE 24
121780,CARTON DE 6
121796,SACHET DE 50
121807,1
121809,PIECE
121810,PIECE
121840,CARTON DE 6
121842,CARTON DE 6
121847,CARTON DE 6
121892,FLOWPACK
121936,BOITE DE 25
121938,BOITE DE 25
121939,BOITE DE 50
121944,BOITE DE 50
121946,BOITE DE 50
121948,BOITE DE 40
121951,BOITE DE 50
121965,BOITE DE 25
122008,1
122024,1
122037,CARTON DE 6
122039,PIECE
122040,PIECE
122109,BOITE DE 50
122127,1
122143,PIECE
122144,BOITE DE 50
122160,PIECE
122161,PIECE
122162,PIECE
122206,CARTON DE 6
122212,CARTON DE 6
122251,PIECE
122268,PIECE
122269,PIECE
122270,PIECE
122271,PIECE
122272,PIECE
122273,PIECE
122274,PIECE
122275,PIECE
122276,PIECE
122277,PIECE
122278,PIECE
122279,PIECE
122280,PIECE
122281,PIECE
122282,PIECE
122283,PIECE
122284,PIECE
122285,PIECE
122286,PIECE
122287,PIECE
122288,PIECE
122289,PIECE
122290,PIECE
122291,PIECE
122315,1
122343,CARTON DE 6
122351,CARTON DE 6
122357,PIECE
122374,PIECE
122375,PIECE
122448,1
122451,CARTON DE 6
122478,PIECE
122480,PIECE
122496,CARTON DE 6
122507,CARTON DE 25
122526,CARTON DE 6
122567,BOITE DE 50
122616,PIECE
122617,SACHET DE 50
122639,PIECE
122640,PIECE
122641,PIECE
122645,1
122708,CARTON DE 6
122755,CARTON DE 6
122758,CARTON DE 6
122833,SACHET DE 10
122837,PIECE
122838,PIECE
122840,PIECE
122841,CARTON DE 24
122844,PIECE
122931,1
122938,CARTON DE 6
122954,1
123005,PIECE
123006,PIECE
123011,BOITE DE 12
123042,PIECE
123072,PIECE
123073,PIECE
123074,PIECE
123075,PIECE
123076,SACHET DE 10
123077,PIECE
123078,PIECE
123079,PIECE
123080,PIECE
123081,PIECE
123082,PIECE
123088,SACHET DE 50
123092,PIECE
123094,CARTON DE 6
123098,CARTON DE 24
123099,1
123139,CARTON DE 25
123140,CARTON DE 24
123188,PIECE
123197,PIECE
123198,PIECE
123228,PIECE
123312,CARTON DE 12 PACKS
123314,CARTON DE 6
123324,1
123338,PIECE
123354,BOITE DE 50
123387,CARTON DE 6
123389,PIECE
123410,CARTON DE 6
123424,CARTON DE 6
123592,PIECE
123623,PIECE
123638,CARTON DE 6
123652,BOITE DE 50
123653,PIECE
123654,PIECE
123744,PIECE
123752,1
123808,CARTON DE 6
123810,BOITE DE 50
123830,PIECE
123831,PIECE
123833,PIECE
123834,PIECE
123927,CARTON DE 6
123933,BOITE DE 50
123936,1
123954,CARTON DE 6
123964,BOITE
123968,CARTON DE 6
123980,CARTON DE 6
124008,CARTON DE 1000
124013,PIECE
124024,CARTON DE 6
124037,1
124046,CARTON DE 20
124047,CARTON DE 20
124081,CARTON DE 6
124090,CARTON DE 6
124092,CARTON DE 6
124150,PIECE
124151,PIECE
124152,PIECE
124153,PIECE
124154,PIECE
124155,PIECE
124156,PIECE
124157,PIECE
124164,1
124176,CARTON DE 6
124206,1
124207,PIECE
124208,PIECE
124209,PIECE
124210,PIECE
124222,CARTON DE 6
124268,PIECE
124269,PIECE
124388,SACHET DE 15
124430,CARTON DE 500
124436,PIECE
124519,CARTON DE 30
124606,PIECE
124607,PIECE
124616,BOITE DE 50
124617,BOITE DE 50
124654,PIECE
124655,PIECE
124682,PIECE
124683,PIECE
124684,PIECE
124696,PIECE
124720,1
124794,1
124801,PIECE
124804,PIECE
124805,PIECE
124815,SACHET DE 25
124849,PIECE
124858,PIECE
124859,PIECE
124861,1
124862,BOITE DE 50
124863,BOITE DE 50
124864,PIECE
124865,PIECE
124867,PIECE
124868,SACHET DE 100
124869,SACHET DE 100
124870,BOITE DE 50
124872,PIECE
124873,BOITE DE 50
124874,BOITE DE 25
124875,BOITE DE 50
124876,BOITE DE 50
124877,PIECE
124878,PIECE
124879,PIECE
124880,BOITE
124881,BOITE
124882,BOITE
124883,BOITE
124884,BOITE
124885,BOITE
124886,BOITE
124887,PIECE
124890,SACHET DE 50
124891,SACHET DE 50
124902,PIECE
125002,CARTON DE 6
125073,BOITE DE 12
125120,BOITE DE 50
125121,BOITE DE 50
125123,CARTON DE 6
125130,PIECE
125132,PIECE
125133,PIECE
125138,PIECE
125139,PIECE
125140,PIECE
125141,PIECE
125160,CARTON DE 6
125167,PIECE
125174,BOITE
125186,CARTON DE 6
125239,CARTON DE 6
125261,PIECE
125339,CARTON DE 6
125348,PIECE
125349,PIECE
125350,PIECE
125351,PIECE
125352,PIECE
125353,PIECE
125354,PIECE
125402,CARTON DE 6
125431,CARTON DE 6
125435,CARTON DE 24
125439,PIECE
125440,PIECE
125477,BOITE DE 12
125482,BOITE
125491,PIECE
125512,1
125519,CARTON DE 6
125550,PIECE
125562,1
125564,PIECE
125661,PIECE
125696,CARTON DE 25
125753,PIECE
125754,PIECE
125811,1
125842,CARTON DE 6
125888,CARTON DE 6
125892,CARTON DE 6
125893,CARTON DE 6
125896,PIECE
125900,BOITE DE 50
125901,PIECE
125975,CARTON DE 6
126007,PIECE
126032,CARTON DE 6
126070,BOITE
126071,PIECE
126072,PIECE
126073,PIECE
126074,PIECE
126075,PIECE
126104,CARTON DE 6
126129,PIECE
126167,CARTON DE 6
126183,PIECE
126222,PIECE
126233,PIECE
126252,PIECE
126278,SACHET DE 14
126338,CARTON DE 25
126349,CARTON DE 6
126352,CARTON DE 6
126364,BOITE
126368,CARTON DE 24
126443,CARTON DE 6
126500,PIECE
126526,BOITE
126550,BOITE DE 50
126560,CARTON DE 6
126565,CARTON DE 6
126569,PIECE
126570,PIECE
126571,PIECE
126572,BOITE DE 50
126575,CARTON DE 6
126579,CARTON DE 6
126605,1
126734,PIECE
126739,PIECE
126785,BOITE DE 50
126868,CARTON DE 24
126891,CARTON DE 24
126922,PIECE
126947,PIECE
126961,PIECE
126962,PIECE
126965,PIECE
126966,PIECE
126994,CARTON DE 6
127002,PIECE
127003,PIECE
127004,PIECE
127012,PIECE
127019,CARTON DE 6
127034,PIECE
127035,PIECE
127036,PIECE
127037,PIECE
127041,PIECE
127144,CARTON DE 6
127150,CARTON DE 6
127151,PIECE
127152,PIECE
127153,PIECE
127154,PIECE
127155,BOITE DE 50
127156,BOITE DE 50
127157,PIECE
127159,PIECE
127160,PIECE
127161,PIECE
127164,BOITE DE 50
127166,CARTON DE 6
127181,PIECE
127182,PIECE
127183,PIECE
127184,PIECE
127241,1
127253,PIECE
127254,PIECE
127255,PIECE
127256,PIECE
127257,PIECE
127258,PIECE
127259,CARTON DE 6
127268,BOITE DE 12
127274,PIECE
127282,PIECE
127283,PIECE
127302,PIECE
127361,PIECE
127433,1
127438,CARTON DE 6
127482,PIECE
127487,1
127510,PIECE
127522,CARTON DE 500
127532,CARTON DE 6
127538,PIECE
127539,PIECE
127540,PIECE
127541,PIECE
127542,PIECE
127543,PIECE
127548,PIECE
127549,PIECE
127550,BOITE
127551,BOITE
127552,BOITE DE 50
127561,PIECE
127562,PIECE
127563,PIECE
127648,BOITE DE 25
127668,1
127669,PIECE
127670,PIECE
127671,PIECE
127672,PIECE
127716,1
127798,1
127817,1
127874,CARTON DE 12 PACKS
127908,CARTON DE 6
127921,CARTON DE 6
127941,PIECE
127976,1
127978,1
127985,1
127986,CARTON DE 12 PACKS
127992,CARTON DE 6
128021,1
128032,1
128059,SACHET DE 25
128114,BOITE DE 50
128131,CARTON DE 6
128134,PIECE
128135,PIECE
128136,PIECE
128137,PIECE
128138,PIECE
128139,PIECE
128140,PIECE
128141,PIECE
128142,PIECE
128143,PIECE
128147,CARTON DE 6
128158,CARTON DE 6
128254,1
128273,PIECE
128288,BOITE DE 50
128289,BOITE DE 40
128290,BOITE DE 50
128291,BOITE DE 25
128293,BOITE DE 40
128328,PIECE
128329,PIECE
128330,PIECE
128349,CARTON DE 24
128361,BOITE DE 25
128363,1
128365,1
128416,BOITE DE 50
128417,BOITE DE 40
128418,BOITE DE 50
128419,BOITE DE 25
128420,BOITE DE 40
128421,BOITE DE 25
128429,BOITE DE 50
128432,SACHET DE 100
128433,BOITE
128434,PIECE
128435,PIECE
128440,PIECE
128460,PIECE
128472,PIECE
128519,CARTON DE 6
128520,PIECE
128530,CARTON DE 500
128534,BOITE DE 50
128535,PIECE
128541,PIECE
128542,PIECE
128543,PIECE
128544,PIECE
128545,PIECE
128546,PIECE
128583,PIECE
128584,PIECE
128589,CARTON DE 6
128605,PIECE
128607,PIECE
128624,1
128634,PIECE
128635,PIECE
128636,PIECE
128637,PIECE
128638,PIECE
128639,PIECE
128640,PIECE
128675,PIECE
128681,CARTON DE 6
128700,CARTON DE 6
128714,CARTON DE 6
128723,CARTON DE 30
128724,CARTON DE 30
128725,CARTON DE 6
128763,1
128785,CARTON DE 6
128803,PIECE
128806,CARTON DE 6
128815,CARTON DE 6
128822,CARTON DE 6
128825,PIECE
128826,PIECE
128827,PIECE
128842,CARTON DE 6
128859,CARTON DE 6
128865,SACHET DE 80
128870,PIECE
128878,PIECE
128899,PIECE
128911,PIECE
128913,CARTON DE 30
128915,CARTON DE 6
128917,1
128937,CARTON DE 6
128943,SACHET DE 50
128944,SACHET DE 50
128945,SACHET DE 50
128946,SACHET DE 50
128947,SACHET DE 27
128948,SACHET DE 32
128949,SACHET DE 30
128950,SACHET DE 28
128951,SACHET DE 24
128952,SACHET DE 22
128953,SACHET DE 20
128954,SACHET DE 16
128972,CARTON DE 6
128983,CARTON DE 6
128995,SACHET DE 24
129020,PIECE
129021,PIECE
129022,PIECE
129023,PIECE
129024,PIECE
129025,PIECE
129026,PIECE
129027,PIECE
129028,PIECE
129029,PIECE
129030,PIECE
129031,PIECE
129032,PIECE
129033,BOITE
129034,SACHET DE 50
129035,SACHET DE 50
129036,BOITE
129037,SACHET DE 100
129038,BOITE
129039,PIECE
129040,BOITE DE 50
129079,CARTON DE 1000
129082,CARTON DE 1000
129083,CARTON DE 6
129089,CARTON DE 1000
129119,CARTON DE 1000
129143,PIECE
129144,SACHET DE 50
129145,SACHET DE 50
129146,PIECE
129204,SACHET DE 100
129205,PIECE
129206,BOITE DE 50
129207,BOITE DE 25
129208,BOITE DE 50
129209,SACHET DE 100
129210,SACHET DE 100
129211,SACHET DE 100
129212,SACHET DE 100
129213,SACHET DE 100
129214,SACHET DE 100
129215,SACHET DE 10
129216,SACHET DE 10
129217,SACHET DE 10
129218,SACHET DE 10
129219,SACHET DE 100
129220,SACHET DE 100
129221,SACHET DE 100
129222,SACHET DE 100
129239,CARTON DE 1000
129258,CARTON DE 24
129261,CARTON DE 1000
129263,CARTON DE 1000
129347,PIECE
129429,PIECE
129430,PIECE
129431,PIECE
129433,PIECE
129457,PIECE
129459,CARTON DE 6
129463,CARTON DE 1000
129488,PIECE
129541,PIECE
129595,PIECE
129596,PIECE
129603,PIECE
129616,CARTON DE 6
129620,SACHET DE 100
129621,SACHET DE 100
129623,SACHET DE 10
129624,SACHET DE 10
129625,SACHET DE 10
129626,PIECE
129627,SACHET DE 10
129628,PIECE
129629,PIECE
129630,PIECE
129631,SACHET DE 100
129633,SACHET DE 100
129634,BOITE DE 20
129635,BOITE DE 12
129637,PIECE
129644,CARTON DE 24
129655,CARTON DE 1000
129708,1
129709,PIECE
129710,CARTON DE 6
129715,1
129803,CARTON DE 24
129811,PIECE
129812,PIECE
129851,CARTON DE 6
129856,PIECE
129857,PIECE
129858,PIECE
129859,PIECE
129860,PIECE
129861,PIECE
129862,PIECE
129920,BOITE
129921,BOITE
129922,BOITE
129925,CARTON DE 6
129939,PIECE
129952,1
129975,1
129993,PIECE
129994,PIECE
130057,1
130120,CARTON DE 6
130158,CARTON DE 6
130184,PIECE
130219,CARTON DE 6
130311,PIECE
130331,PIECE
130332,PIECE
130378,PIECE
130391,CARTON DE 1000
130445,PIECE
130506,1
130540,PIECE
130541,PIECE
130542,PIECE
130601,CARTON DE 1000
130615,CARTON DE 1000
130659,PIECE
130663,CARTON DE 25
130664,CARTON DE 1000
130668,CARTON DE 6
130669,CARTON DE 20
130670,CARTON DE 20
130681,PIECE
130682,PIECE
130683,PIECE
130684,PIECE
130696,PIECE
130712,CARTON DE 6
130719,CARTON DE 1000
130725,PIECE
130726,PIECE
130727,PIECE
130728,PIECE
130784,CARTON DE 6
130798,CARTON DE 6
130801,1
130857,PIECE
130875,SACHET DE 10
130876,PIECE
130877,PIECE
130878,PIECE
130916,PIECE
130917,PIECE
130918,PIECE
130919,PIECE
130920,SACHET DE 100
130921,SACHET DE 100
130922,SACHET DE 100
130924,BOITE DE 100
130925,BOITE DE 100
130926,BOITE DE 100
130927,SACHET DE 10
130928,SACHET DE 10
130940,CARTON DE 6
130948,PIECE
130953,PIECE
130954,PIECE
130955,PIECE
130956,PIECE
130983,CARTON DE 24
131030,CARTON DE 1000
131031,PIECE
131065,1
131072,1
131075,CARTON DE 1000
131132,1
131135,PIECE
131136,PIECE
131137,PIECE
131138,PIECE
131139,PIECE
131140,PIECE
131141,PIECE
131142,PIECE
131145,PIECE
131146,PIECE
131147,PIECE
131148,PIECE
131149,PIECE
131150,PIECE
131151,PIECE
131152,PIECE
131155,PIECE
131156,PIECE
131157,PIECE
131158,PIECE
131159,PIECE
131160,PIECE
131169,PIECE
131170,PIECE
131171,PIECE
131172,PIECE
131173,PIECE
131174,PIECE
131175,PIECE
131176,PIECE
131177,PIECE
131178,PIECE
131179,PIECE
131180,PIECE
131181,PIECE
131182,PIECE
131183,PIECE
131184,PIECE
131250,CARTON DE 1000
131251,PIECE
131252,PIECE
131253,PIECE
131254,PIECE
131255,PIECE
131256,PIECE
131257,PIECE
131258,PIECE
131259,PIECE
131260,PIECE
131261,PIECE
131262,PIECE
131263,PIECE
131264,PIECE
131265,PIECE
131266,PIECE
131267,PIECE
131268,PIECE
131269,PIECE
131270,PIECE
131271,PIECE
131272,PIECE
131273,PIECE
131274,PIECE
131275,PIECE
131276,PIECE
131277,PIECE
131278,PIECE
131279,PIECE
131280,PIECE
131281,PIECE
131282,PIECE
131283,PIECE
131284,PIECE
131285,PIECE
131286,PIECE
131287,PIECE
131288,PIECE
131289,PIECE
131290,PIECE
131291,PIECE
131292,PIECE
131293,PIECE
131294,PIECE
131295,PIECE
131296,PIECE
131297,PIECE
131298,PIECE
131299,PIECE
131300,PIECE
131301,PIECE
131302,PIECE
131303,PIECE
131305,PIECE
131358,1
131414,CARTON DE 6
131418,PIECE
131446,BOITE DE 50
131447,BOITE DE 40
131448,BOITE DE 50
131449,BOITE DE 25
131450,BOITE DE 50
131451,BOITE DE 40
131452,BOITE DE 50
131454,BOITE DE 50
131455,BOITE DE 40
131456,BOITE DE 50
131457,BOITE DE 50
131458,BOITE DE 40
131460,BOITE DE 50
131461,BOITE DE 40
131462,BOITE DE 50
131463,BOITE DE 25
131464,BOITE DE 50
131465,BOITE DE 50
131466,BOITE DE 40
131467,BOITE DE 50
131468,BOITE DE 25
131469,BOITE DE 50
131470,BOITE DE 50
131471,BOITE DE 40
131472,BOITE DE 50
131475,BOITE DE 50
131477,BOITE DE 50
131478,BOITE DE 25
131479,BOITE DE 50
131480,BOITE DE 50
131481,BOITE DE 50
131562,CARTON DE 24
131573,PIECE
131642,CARTON DE 6
131694,SACHET DE 25
131699,1
131718,CARTON DE 6
131723,PIECE
131767,1
131793,CARTON DE 1000
131806,PIECE
131919,CARTON DE 6
131929,CARTON DE 1000
131945,1
131982,CARTON DE 6
131987,PIECE
132004,1
132027,PIECE
132044,PIECE
132045,PIECE
132046,PIECE
132047,PIECE
132048,PIECE
132092,1
132108,PIECE
132128,CARTON DE 6
132148,CARTON DE 1000
132176,PIECE
132177,PIECE
132212,CARTON DE 30
132227,BOITE DE 50
132228,BOITE DE 40
132229,BOITE DE 50
132230,BOITE DE 50
132262,CARTON DE 6
132303,PIECE
132315,CARTON DE 6
132322,CARTON DE 1000
132339,1
132341,CARTON DE 6
132414,BOITE DE 50
132415,BOITE DE 40
132416,BOITE DE 50
132419,BOITE DE 50
132420,BOITE DE 50
132421,BOITE DE 50
132422,BOITE DE 50
132423,BOITE DE 50
132424,BOITE DE 40
132425,BOITE DE 25
132426,BOITE DE 25
132427,BOITE DE 50
132428,BOITE DE 25
132456,CARTON DE 25
132471,1
132485,CARTON DE 1000
132491,PIECE
132505,CARTON DE 6
132509,CARTON DE 24
132534,CARTON DE 1000
132536,CARTON DE 25
132540,1
132542,PIECE
132556,CARTON DE 1000
132557,CARTON DE 6
132686,PIECE
132687,PIECE
132688,PIECE
132689,PIECE
132690,PIECE
132691,PIECE
132693,PIECE
132697,1
132709,1
132726,CARTON DE 1000
132733,BOITE DE 12
132754,PIECE
132776,PIECE
132796,CARTON DE 1000
132816,CARTON DE 6
132842,1
132844,CARTON DE 6
132853,CARTON DE 1000
132876,PIECE
132922,CARTON DE 1000
132935,CARTON DE 6
132957,CARTON DE 6
132961,PIECE
132962,CARTON DE 24
133016,CARTON DE 6
133026,PIECE
133036,CARTON DE 1000
133042,CARTON DE 24
133055,1
133063,1
133074,CARTON DE 1000
133075,CARTON DE 6
133077,CARTON DE 1000
133118,PIECE
133119,PIECE
133120,PIECE
133121,PIECE
133122,PIECE
133126,PIECE
133157,PIECE
133203,CARTON DE 6
133251,CARTON DE 1000
133263,CARTON DE 6
133266,CARTON DE 30
133285,PIECE
133287,PIECE
133288,PIECE
133289,PIECE
133290,PIECE
133298,PIECE
133299,PIECE
133300,PIECE
133301,PIECE
133302,PIECE
133303,PIECE
133304,PIECE
133308,PIECE
133327,PIECE
133336,CARTON DE 1000
133365,BOITE DE 50
133366,PIECE
133367,PIECE
133368,PIECE
133375,PIECE
133376,PIECE
133380,CARTON DE 6
133453,PIECE
133541,CARTON DE 6
133558,CARTON DE 6
133579,PIECE
133586,CARTON DE 6
133622,BOITE DE 50
133623,BOITE DE 50
133624,BOITE DE 40
133625,BOITE DE 40
133626,BOITE DE 50
133627,BOITE DE 50
133628,BOITE DE 25
133629,BOITE DE 50
133630,BOITE DE 50
133631,BOITE DE 50
133633,CARTON DE 1000
133660,CARTON DE 20
133661,CARTON DE 20
133707,CARTON DE 25
133763,CARTON DE 500
133781,BOITE DE 50
133782,BOITE DE 25
133783,PIECE
133784,PIECE
133818,CARTON DE 6
133868,PIECE
133949,BOITE
133950,BOITE
133987,CARTON DE 30
134022,CARTON DE 6
134030,PIECE
134033,PIECE
134034,PIECE
134099,PIECE
134100,PIECE
134101,PIECE
134102,PIECE
134110,CARTON DE 6
134124,CARTON DE 6
134125,PIECE
134126,PIECE
134139,PIECE
134140,PIECE
134174,CARTON DE 1000
134185,CARTON DE 1000
134186,CARTON DE 6
134188,PIECE
134189,PIECE
134190,PIECE
134263,CARTON DE 25
134269,1
134271,CARTON DE 1000
134272,CARTON DE 6
134302,1
134316,CARTON DE 6
134322,CARTON DE 1000
134326,PIECE
134372,CARTON DE 1000
134380,CARTON DE 25
134390,CARTON DE 500
134411,CARTON DE 6
134414,CARTON DE 1000
134422,PIECE
134429,PIECE
134514,PIECE
134524,PIECE
134525,PIECE
134526,PIECE
134535,1
134551,1
134576,PIECE
134577,PIECE
134580,PIECE
134596,CARTON DE 6
134641,CARTON DE 6
134681,PIECE
134684,CARTON DE 6
134731,CARTON DE 6
134739,PIECE
134740,PIECE
134765,PIECE
134767,CARTON DE 6
134784,1
134785,PIECE
134786,PIECE
134787,SACHET DE 100
134788,SACHET DE 10
134789,PIECE
134790,PIECE
134791,PIECE
134792,PIECE
134793,PIECE
134794,PIECE
134795,PIECE
134796,PIECE
134797,SACHET DE 20
134798,SACHET DE 100
134803,CARTON DE 6
134807,PIECE
134808,SACHET DE 10
134809,10
134810,SACHET DE 10
134811,SACHET DE 10
134812,PIECE
134813,SACHET DE 100
134832,SACHET DE 100
134833,SACHET DE 10
134834,SACHET DE 25
134835,SACHET DE 25
134836,SACHET DE 100
134837,SACHET DE 10
134838,SACHET DE 10
134839,PIECE
134840,PIECE
134841,PIECE
134842,PIECE
134843,PIECE
134844,PIECE
134845,PIECE
134846,PIECE
134847,PIECE
134848,PIECE
134849,PIECE
134850,PIECE
134851,SACHET DE 10
134852,SACHET DE 10
134853,SACHET DE 10
134854,BOITE DE 100
134855,SACHET DE 100
134856,SACHET DE 100
134857,PIECE
134858,PIECE
134859,PIECE
134860,PIECE
134861,SACHET DE 40
134867,CARTON DE 30
134873,10
134874,PIECE
134875,PIECE
134876,SACHET DE 10
134877,SACHET DE 10
134890,SACHET DE 25
134897,CARTON DE 6
134908,SACHET DE 25
134909,SACHET DE 100
134910,PIECE
134911,PIECE
134917,CARTON DE 6
134924,CARTON DE 12 PACKS
134926,SACHET DE 100
134927,SACHET DE 10
134928,SACHET DE 10
134929,SACHET DE 100
134930,PIECE
134931,PIECE
134945,CARTON DE 6
134963,SACHET DE 100
134964,PIECE
134965,PIECE
134966,SACHET DE 10
134967,PIECE
134968,PIECE
134970,CARTON DE 6
134973,BOITE DE 100
134974,PIECE
134975,PIECE
134980,CARTON DE 6
134981,PIECE
134982,PIECE
134983,PIECE
134984,PIECE
134998,PIECE
134999,CARTON DE 6
135001,1
135010,PIECE
135013,SACHET DE 100
135014,PIECE
135018,CARTON DE 6
135019,SACHET DE 40
135030,CARTON DE 1000
135044,PIECE
135045,PIECE
135046,PIECE
135047,PIECE
135092,PIECE
135099,CARTON DE 1000
135118,CARTON DE 1000
135126,PIECE
135132,BOITE
135238,CARTON DE 1000
135239,CARTON DE 6
135282,CARTON DE 6
135285,PIECE
135286,PIECE
135287,PIECE
135288,PIECE
135289,PIECE
135294,CARTON DE 6
135310,CARTON DE 6
135321,CARTON DE 6
135327,CARTON DE 6
135331,PIECE
135356,BOITE DE 40
135372,SACHET DE 100
135373,SACHET DE 50
135374,SACHET DE 100
135380,SACHET DE 50
135393,CARTON DE 6
135403,CARTON DE 24
135407,SACHET DE 50
135408,SACHET DE 100
135409,SACHET DE 50
135410,SACHET DE 100
135411,SACHET DE 100
135434,CARTON DE 6
135435,CARTON DE 6
135440,CARTON DE 6
135453,CARTON DE 6
135471,PIECE
135472,PIECE
135485,PIECE
135486,PIECE
135500,PIECE
135501,PIECE
135505,CARTON DE 1000
135508,PIECE
135509,PIECE
135510,PIECE
135511,PIECE
135513,PIECE
135514,PIECE
135515,PIECE
135516,PIECE
135517,PIECE
135518,PIECE
135523,CARTON DE 6
135537,CARTON DE 6
135551,BOITE DE 40
135552,SACHET DE 50
135558,SACHET DE 100
135587,CARTON DE 1000
135591,CARTON DE 24
135603,PIECE
135604,PIECE
135605,PIECE
135606,PIECE
135607,PIECE
135608,PIECE
135609,PIECE
135610,PIECE
135644,CARTON DE 6
135670,BOITE DE 40
135674,CARTON DE 1000
135686,CARTON DE 30
135716,CARTON DE 6
135723,PIECE
135724,PIECE
135725,PIECE
135726,PIECE
135737,1
135738,CARTON DE 6
135739,CARTON DE 30
135774,CARTON DE 25
135785,CARTON DE 500
135808,1
135812,1
135813,PIECE
135815,CARTON DE 1000
135847,CARTON DE 6
135871,CARTON DE 1000
135872,CARTON DE 6
135917,1
135962,CARTON DE 1000
135981,CARTON DE 6
135982,CARTON DE 1000
135983,BOITE DE 50
136000,PIECE
136001,PIECE
136002,PIECE
136003,PIECE
136004,PIECE
136005,PIECE
136006,PIECE
136007,PIECE
136030,BOITE DE 50
136031,BOITE DE 50
136032,BOITE DE 50
136043,BOITE DE 50
136044,BOITE DE 50
136045,BOITE DE 50
136075,CARTON DE 6
136079,CARTON DE 1000
136082,BOITE DE 50
136083,BOITE DE 50
136084,PIECE
136085,PIECE
136138,PIECE
136139,PIECE
136144,BOITE DE 50
136145,BOITE DE 50
136165,1
136168,PIECE
136169,PIECE
136188,1
136195,BOITE DE 25
136199,1
136235,CARTON DE 1000
136246,CARTON DE 30
136247,BOITE DE 50
136248,BOITE DE 50
136249,BOITE DE 50
136251,CARTON DE 6
136252,BOITE DE 50
136253,BOITE DE 50
136256,1
136259,BOITE DE 50
136262,CARTON DE 6
136264,PIECE
136280,CARTON DE 6
136281,CARTON DE 1000
136289,CARTON DE 12 PACKS
136301,CARTON DE 6
136344,CARTON DE 1000
136361,PIECE
136362,PIECE
136363,PIECE
136364,PIECE
136365,PIECE
136379,1
136385,PIECE
136386,PIECE
136387,PIECE
136401,CARTON DE 6
136406,CARTON DE 30
136419,CARTON DE 6
136430,CARTON DE 1000
136469,CARTON DE 6
136486,CARTON DE 6
136506,CARTON DE 6
136512,1
136537,CARTON DE 6
136542,PIECE
136566,CARTON DE 6
136610,PIECE
136611,PIECE
136615,CARTON DE 6
136685,CARTON DE 1000
136709,CARTON DE 20
136710,CARTON DE 20
136732,CARTON DE 1000
136748,CARTON DE 6
136763,CARTON DE 6
136780,CARTON DE 6
136831,CARTON DE 1000
136854,CARTON DE 24
136877,CARTON DE 30
136897,CARTON DE 24
136899,CARTON DE 6
136990,CARTON DE 6
137123,PIECE
137124,PIECE
137125,PIECE
137126,PIECE
137139,CARTON DE 6
137140,1
137160,1
137169,CARTON DE 24
137180,CARTON DE 25
137185,PIECE
137215,BOITE DE 50
137220,CARTON DE 30
137226,BOITE DE 50
137227,BOITE DE 40
137237,BOITE DE 50
137238,BOITE DE 40
137256,CARTON DE 6
137265,BOITE DE 50
137274,BOITE DE 50
137293,PIECE
137294,PIECE
137295,PIECE
137296,PIECE
137297,PIECE
137298,PIECE
137299,PIECE
137300,PIECE
137301,PIECE
137374,BOITE DE 50
137375,PIECE
137376,PIECE
137377,PIECE
137425,PIECE
137434,PIECE
137435,PIECE
137436,PIECE
137439,CARTON DE 6
137441,CARTON DE 1000
137470,1
137472,1
137490,PIECE
137498,PIECE
137506,CARTON DE 30
137524,CARTON DE 6
137539,PIECE
137582,CARTON DE 12 PACKS
137585,CARTON DE 6
137642,CARTON DE 6
137702,CARTON DE 6
137707,SACHET DE 100
137708,SACHET DE 100
137709,PIECE
137710,PIECE
137712,CARTON DE 6
137717,CARTON DE 6
137739,1
137754,PIECE
137756,PIECE
137757,PIECE
137770,PIECE
137785,CARTON DE 6
137796,PIECE
137825,SACHET DE 50
137831,CARTON DE 6
137832,BOITE
137833,BOITE
137834,BOITE
137835,CARTON DE 12 PACKS
137842,1
137863,CARTON DE 6
137914,CARTON DE 6
137934,CARTON DE 6
137936,CARTON DE 20
137937,CARTON DE 20
137953,1
137965,PIECE
137969,CARTON DE 30
138005,PIECE
138006,PIECE
138022,CARTON DE 6
138058,CARTON DE 6
138062,PIECE
138073,CARTON DE 6
138144,PIECE
138173,CARTON DE 6
138241,PIECE
138242,PIECE
138243,PIECE
138255,CARTON DE 6
138285,CARTON DE 6
138288,CARTON DE 6
138291,1
138310,CARTON DE 24
138382,1
138402,BOITE
138403,BOITE
138404,BOITE
138408,BOITE
138409,BOITE
138410,BOITE
138411,BOITE
138412,BOITE
138413,BOITE
138482,1
138486,1
138492,CARTON DE 6
138506,PIECE
138523,CARTON DE 1000
138536,CARTON DE 6
138551,CARTON DE 6
138590,PIECE
138591,SACHET DE 50
138594,CARTON DE 6
138604,PIECE
138640,PIECE
138675,CARTON DE 6
138682,CARTON DE 25
138685,PIECE
138686,PIECE
138698,CARTON DE 6
138700,CARTON DE 6
138760,CARTON DE 6
138869,PIECE
138888,PIECE
138954,1
138983,CARTON DE 6
139037,CARTON DE 6
139104,PIECE
139129,CARTON DE 6
139145,CARTON DE 6
139163,CARTON DE 30
139166,PIECE
139167,PIECE
139168,PIECE
139169,PIECE
139170,PIECE
139171,PIECE
139172,PIECE
139173,CARTON DE 6
139176,1
139238,PIECE
139239,PIECE
139245,CARTON DE 6
139249,CARTON DE 6
139261,CARTON DE 6
139280,PIECE
139281,PIECE
139283,PIECE
139284,CARTON DE 30
139293,CARTON DE 6
139294,CARTON DE 6
139303,CARTON DE 30
139309,CARTON DE 1000
139365,CARTON DE 6
139373,CARTON DE 1000
139424,CARTON DE 25
139435,1
139475,PIECE
139478,PIECE
139516,CARTON DE 30
139518,SACHET DE 20
139543,CARTON DE 25
139547,PIECE
139584,CARTON DE 6
139594,PIECE
139599,CARTON DE 6
139603,CARTON DE 6
139620,CARTON DE 6
139670,CARTON DE 6
139693,CARTON DE 6
139734,1
139776,CARTON DE 24
139811,CARTON DE 6
139845,PIECE
139871,1
139890,PIECE
139891,PIECE
139892,PIECE
139893,PIECE
139894,PIECE
139895,PIECE
139896,PIECE
139897,PIECE
139972,CARTON DE 40
140023,CARTON DE 1000
140037,PIECE
140068,CARTON DE 30
140069,CARTON DE 30
140094,BOITE DE 12
140111,CARTON DE 30
140131,PIECE
140132,BOITE
140133,BOITE
140134,BOITE
140135,BOITE
140151,PIECE
140152,SACHET DE 50
140153,PIECE
140154,PIECE
140155,PIECE
140158,PIECE
140159,PIECE
140166,CARTON DE 24
140214,CARTON DE 6
140220,SACHET DE 25
140221,PIECE
140222,PIECE
140231,CARTON DE 6
140235,PIECE
140306,BOITE
140307,BOITE
140308,BOITE
140309,BOITE
140310,BOITE DE 50
140311,BOITE DE 50
140312,BOITE DE 50
140313,BOITE DE 50
140356,CARTON DE 6
140366,PIECE
140448,CARTON DE 6
140453,1
140518,CARTON DE 24
140533,PIECE
140534,PIECE
140628,PIECE
140629,PIECE
140636,1
140659,CARTON DE 6
140679,CARTON DE 24
140696,CARTON DE 25
140737,CARTON DE 30
140740,CARTON DE 6
140754,CARTON DE 6
140755,SACHET DE 50
140756,SACHET DE 50
140757,PIECE
140758,PIECE
140760,CARTON DE 6
140808,1
140817,1
140872,PIECE
140873,PIECE
140899,PIECE
140900,PIECE
140914,CARTON DE 6
140941,PIECE
140986,1
140989,1
141006,PIECE
141007,PIECE
141051,CARTON DE 6
141069,PIECE
141071,PIECE
141073,PIECE
141074,PIECE
141132,1
141153,1
141219,1
141283,PIECE
141292,1
141293,PIECE
141294,PIECE
141295,PIECE
141296,PIECE
141297,PIECE
141298,PIECE
141299,SACHET DE 10
141300,PIECE
141301,PIECE
141302,SACHET DE 100
141323,1
141336,CARTON DE 1000
141360,50
141405,CARTON DE 6
141410,CARTON DE 6
141414,PIECE
141432,PIECE
141441,CARTON DE 1000
141446,CARTON DE 12 PACKS
141449,PIECE
141450,PIECE
141484,1
141500,CARTON DE 6
141535,1
141586,BOITE
141587,BOITE
141602,CARTON DE 30
141603,CARTON DE 30
141604,CARTON DE 30
141612,1
141619,BOITE DE 50
141620,BOITE
141642,CARTON DE 1000
141657,CARTON DE 25
141688,CARTON DE 6
141690,CARTON DE 1000
141728,1
141744,1
141765,CARTON DE 6
141776,CARTON DE 1000
141780,CARTON DE 6
141812,CARTON DE 30
141820,PIECE
141821,PIECE
141822,PIECE
141828,PIECE
141843,1
141880,1
141957,1
142010,CARTON DE 1000
142020,1
142034,CARTON DE 6
142089,CARTON DE 12 PACKS
142131,CARTON DE 1000
142158,1
142183,CARTON DE 1000
142213,1
142222,PIECE
142223,PIECE
142257,1
142262,CARTON DE 6
142348,1
142377,PIECE
142422,CARTON DE 1000
142423,CARTON DE 6
142429,CARTON DE 24
142430,CARTON DE 1000
142431,CARTON DE 6
142440,CARTON DE 6
142470,1
142488,PIECE
142489,PIECE
142490,PIECE
142492,PIECE
142503,PIECE
142531,PIECE
142532,PIECE
142533,PIECE
142534,PIECE
142535,PIECE
142536,PIECE
142537,PIECE
142538,PIECE
142539,PIECE
142540,BOITE
142541,PIECE
142542,PIECE
142543,PIECE
142551,1
142554,CARTON DE 6
142586,CARTON DE 6
142589,1
142625,CARTON DE 6
142654,CARTON DE 1000
142669,CARTON DE 30
142674,CARTON DE 1000
142694,1
142727,CARTON DE 6
142734,CARTON DE 6
142744,CARTON DE 6
142749,PIECE
142776,CARTON DE 20
142777,CARTON DE 20
142828,CARTON DE 6
142858,CARTON DE 6
142870,BOITE DE 12
142872,1
142900,CARTON DE 25
142905,CARTON DE 24
142925,CARTON DE 6
142939,CARTON DE 6
142954,CARTON DE 6
142991,CARTON DE 6
143007,PIECE
143009,PIECE
143010,PIECE
143011,PIECE
143013,PIECE
143025,CARTON DE 30
143065,CARTON DE 1000
143161,CARTON DE 24
143176,CARTON DE 1000
143197,CARTON DE 1000
143272,CARTON DE 6
143273,CARTON DE 6
143275,CARTON DE 6
143301,CARTON DE 6
143319,CARTON DE 6
143321,CARTON DE 6
143322,CARTON DE 6
143323,PIECE
143324,CARTON DE 6
143327,CARTON DE 6
143382,CARTON DE 6
143442,CARTON DE 25
143445,PIECE
143496,PIECE
143497,PIECE
143498,PIECE
143499,PIECE
143519,SACHET DE 25
143521,CARTON DE 1000
143523,CARTON DE 1000
143526,CARTON DE 1000
143529,CARTON DE 1000
143561,CARTON DE 1000
143607,CARTON DE 24
143630,CARTON DE 30
143634,CARTON DE 6
143635,CARTON DE 6
143638,CARTON DE 1000
143640,CARTON DE 6
143642,CARTON DE 1000
143657,CARTON DE 1000
143719,CARTON DE 6
143721,PIECE
143744,CARTON DE 6
143760,CARTON DE 6
143763,CARTON DE 30
143818,CARTON DE 1000
143829,CARTON DE 1000
143830,CARTON DE 6
143857,CARTON DE 6
143913,CARTON DE 6
143963,CARTON DE 1000
143964,PIECE
143965,PIECE
143966,PIECE
143967,PIECE
143968,PIECE
143986,PIECE
143994,CARTON DE 6
144038,1
144102,CARTON DE 1000
144105,PIECE
144112,CARTON DE 1000
144134,CARTON DE 6
144168,PIECE
144188,CARTON DE 1000
144221,CARTON DE 6
144222,CARTON DE 6
144255,PIECE
144269,CARTON DE 6
144279,PIECE
144280,PIECE
144286,PIECE
144295,CARTON DE 1000
144315,CARTON DE 1000
144336,CARTON DE 6
144355,CARTON DE 6
144365,CARTON DE 6
144366,CARTON DE 6
144367,CARTON DE 6
144368,CARTON DE 6
144369,CARTON DE 6
144373,PIECE
144392,CARTON DE 6
144397,CARTON DE 1000
144398,CARTON DE 6
144403,CARTON DE 6
144404,CARTON DE 6
144405,CARTON DE 6
144414,1
144415,CARTON DE 6
144419,CARTON DE 6
144438,PIECE
144439,PIECE
144486,CARTON DE 6
144497,CARTON DE 6
144519,CARTON DE 6
144525,CARTON DE 6
144530,1
144538,1
144552,CARTON DE 6
144553,CARTON DE 1000
144564,CARTON DE 1000
144577,PIECE
144593,CARTON DE 1000
144612,CARTON DE 6
144613,CARTON DE 6
144614,CARTON DE 6
144616,CARTON DE 6
144636,CARTON DE 6
144704,PIECE
144716,CARTON DE 6
144764,CARTON DE 1000
144778,CARTON DE 25
144781,1
144789,CARTON DE 6
144795,CARTON DE 1000
144817,CARTON DE 20
144819,CARTON DE 20
144830,PIECE
144832,PIECE
144860,CARTON DE 6
144862,PIECE
144886,CARTON DE 6
144895,CARTON DE 1000
144916,PIECE
144917,PIECE
144937,CARTON DE 6
144948,CARTON DE 6
144990,CARTON DE 1000
145017,CARTON DE 6
145025,CARTON DE 6
145036,CARTON DE 1000
145039,CARTON DE 24
145087,CARTON DE 6
145114,CARTON DE 6
145142,PIECE
145172,CARTON DE 6
145220,CARTON DE 25
145244,PIECE
145248,PIECE
145249,PIECE
145250,PIECE
145251,PIECE
145253,PIECE
145258,SACHET DE 50
145259,SACHET DE 50
145260,SACHET DE 50
145283,PIECE
145285,CARTON DE 30
145286,CARTON DE 30
145295,PIECE
145318,CARTON DE 1000
145325,CARTON DE 6
145340,CARTON DE 6
145341,CARTON DE 1000
145391,CARTON DE 1000
145434,CARTON DE 30
145438,CARTON DE 500
145480,CARTON DE 6
145483,CARTON DE 6
145485,CARTON DE 6
145486,CARTON DE 25
145496,PIECE
145533,1
145538,CARTON DE 6
145555,SACHET DE 5
145556,SACHET DE 5
145566,CARTON DE 25
145583,CARTON DE 6
145597,SACHET DE 25
145618,CARTON DE 6
145624,CARTON DE 6
145644,CARTON DE 6
145654,CARTON DE 6
145672,CARTON DE 6
145693,CARTON DE 6
145708,CARTON DE 6
145729,PIECE
145730,PIECE
145735,CARTON DE 1000
145736,CARTON DE 1000
145780,PIECE
145781,PIECE
145782,PIECE
145783,PIECE
145784,PIECE
145817,CARTON DE 1000
145819,CARTON DE 6
145820,CARTON DE 6
145827,CARTON DE 1000
145835,CARTON DE 6
145845,CARTON DE 6
145850,CARTON DE 1000
145880,CARTON DE 6
145882,CARTON DE 1000
145894,PIECE
145903,CARTON DE 6
145905,CARTON DE 6
145922,CARTON DE 1000
145943,CARTON DE 6
145951,CARTON DE 6
145952,CARTON DE 1000
145987,CARTON DE 30
145994,CARTON DE 6
146020,CARTON DE 1000
146044,CARTON DE 6
146052,BOITE
146053,BOITE
146054,BOITE
146055,SACHET DE 50
146056,PIECE
146062,CARTON DE 24
146064,1
146068,PIECE
146069,PIECE
146070,PIECE
146071,PIECE
146086,CARTON DE 1000
146111,SACHET DE 14
146112,SACHET DE 20
146113,SACHET DE 20
146114,SACHET DE 10
146115,SACHET DE 12
146116,SACHET DE 10
146117,SACHET DE 50
146119,CARTON DE 1000
146122,CARTON DE 6
146126,CARTON DE 6
146133,CARTON DE 6
146175,CARTON DE 1000
146217,CARTON DE 1000
146223,CARTON DE 24
146237,CARTON DE 1000
146255,CARTON DE 6
146260,CARTON DE 6
146284,CARTON DE 6
146315,CARTON DE 1000
146321,CARTON DE 6
146389,PIECE
146395,CARTON DE 6
146425,BOITE
146426,SACHET DE 40
146427,SACHET DE 10
146471,CARTON DE 6
146484,CARTON DE 1000
146492,CARTON DE 6
146499,PIECE
146530,PIECE
146538,CARTON DE 6
146555,CARTON DE 1000
146575,PIECE
146598,CARTON DE 1000
146599,CARTON DE 1000
146613,CARTON DE 1000
146614,CARTON DE 1000
146617,CARTON DE 1000
146619,SACHET DE 50
146620,PIECE
146623,CARTON DE 1000
146627,CARTON DE 1000
146629,CARTON DE 6
146630,CARTON DE 6
146647,CARTON DE 1000
146652,CARTON DE 6
146655,CARTON DE 6
146668,CARTON DE 1000
146677,CARTON DE 6
146678,1
146685,CARTON DE 6
146703,CARTON DE 6
146716,CARTON DE 1000
146734,SACHET DE 50
146735,BOITE
146736,BOITE
146746,CARTON DE 1000
146798,CARTON DE 1000
146820,CARTON DE 6
146835,CARTON DE 6
146841,PIECE
146842,PIECE
146843,PIECE
146844,PIECE
146845,PIECE
146860,CARTON DE 6
146898,CARTON DE 6
146912,CARTON DE 6
146958,PIECE
146959,PIECE
146960,PIECE
146961,PIECE
146970,CARTON DE 6
146972,CARTON DE 1000
146980,CARTON DE 6
146999,CARTON DE 1000
147001,CARTON DE 6
147003,1
147004,PIECE
147017,CARTON DE 1000
147043,CARTON DE 6
147081,CARTON DE 6
147121,CARTON DE 6
147127,CARTON DE 6
147145,PIECE
147146,PIECE
147147,PIECE
147148,PIECE
147149,PIECE
147150,PIECE
147151,PIECE
147152,PIECE
147153,PIECE
147154,PIECE
147155,PIECE
147156,PIECE
147157,PIECE
147158,PIECE
147159,PIECE
147160,PIECE
147162,PIECE
147163,PIECE
147164,PIECE
147165,PIECE
147172,CARTON DE 6
147179,CARTON DE 6
147186,CARTON DE 6
147189,CARTON DE 1000
147191,CARTON DE 6
147230,CARTON DE 6
147233,PIECE
147237,CARTON DE 6
147270,CARTON DE 1000
147293,CARTON DE 20
147294,CARTON DE 20
147304,CARTON DE 6
147305,CARTON DE 6
147313,CARTON DE 6
147319,CARTON DE 6
147369,CARTON DE 1000
147409,CARTON DE 6
147410,CARTON DE 1000
147436,CARTON DE 6
147439,CARTON DE 1000
147445,CARTON DE 6
147452,CARTON DE 6
147460,PIECE
147461,PIECE
147462,PIECE
147467,PIECE
147468,PIECE
147469,PIECE
147470,PIECE
147471,PIECE
147504,CARTON DE 6
147512,CARTON DE 1000
147516,CARTON DE 6
147535,CARTON DE 40
147576,SACHET DE 25
147613,CARTON DE 6
147615,1
147619,1
147650,CARTON DE 6
147657,CARTON DE 6
147668,CARTON DE 1000
147677,PIECE
147678,PIECE
147691,CARTON DE 6
147714,CARTON DE 1000
147718,CARTON DE 6
147721,CARTON DE 1000
147729,SACHET DE 10
147736,CARTON DE 6
147738,CARTON DE 6
147741,PIECE
147742,PIECE
147743,PIECE
147773,BOITE DE 50
147774,PIECE
147775,PIECE
147787,BOITE
147788,BOITE
147789,BOITE
147790,BOITE
147791,BOITE
147792,BOITE
147793,BOITE
147794,BOITE
147795,SACHET DE 10
147796,PIECE
147797,SACHET DE 100
147798,SACHET DE 50
147799,SACHET DE 100
147800,SACHET DE 100
147801,PIECE
147802,PIECE
147803,BOITE DE 100
147804,PIECE
147805,PIECE
147806,SACHET DE 10
147809,CARTON DE 1000
147823,1
147853,CARTON DE 6
147858,CARTON DE 6
147880,CARTON DE 1000
147927,PIECE
147951,PIECE
147952,PIECE
147960,CARTON DE 6
147961,CARTON DE 6
147976,1
147977,PIECE
148004,CARTON DE 6
148016,CARTON DE 6
148036,1
148052,CARTON DE 6
148079,CARTON DE 6
148102,SACHET DE 20
148112,PIECE
148124,CARTON DE 6
148166,CARTON DE 6
148167,CARTON DE 6
148168,CARTON DE 6
148170,CARTON DE 6
148171,CARTON DE 6
148174,CARTON DE 6
148196,CARTON DE 6
148216,CARTON DE 6
148222,CARTON DE 6
148231,PIECE
148232,PIECE
148233,PIECE
148234,PIECE
148235,PIECE
148236,PIECE
148237,PIECE
148238,PIECE
148239,PIECE
148256,CARTON DE 6
148274,1
148343,CARTON DE 6
148347,CARTON DE 6
148390,CARTON DE 6
148391,CARTON DE 6
148394,SACHET DE 10
148404,CARTON DE 6
148408,CARTON DE 6
148410,1
148423,CARTON DE 25
148430,CARTON DE 6
148458,PIECE
148459,PIECE
148462,PIECE
148463,PIECE
148465,PIECE
148521,CARTON DE 6
148524,CARTON DE 6
148529,PIECE
148534,1
148573,CARTON DE 6
148576,CARTON DE 6
148577,CARTON DE 1000
148584,CARTON DE 25
148587,CARTON DE 6
148588,PIECE
148608,CARTON DE 1000
148619,PIECE
148630,CARTON DE 1000
148653,CARTON DE 6
148667,1
148678,CARTON DE 6
148688,CARTON DE 1000
148699,CARTON DE 6
148705,CARTON DE 6
148707,CARTON DE 6
148751,CARTON DE 6
148758,CARTON DE 6
148769,CARTON DE 6
148775,1
148784,CARTON DE 6
148790,CARTON DE 6
148837,CARTON DE 6
148839,CARTON DE 1000
148843,CARTON DE 1000
148864,PIECE
148885,CARTON DE 6
148897,CARTON DE 1000
148915,CARTON DE 1000
148925,CARTON DE 1000
148932,CARTON DE 1000
148941,CARTON DE 1000
148942,CARTON DE 6
148950,CARTON DE 6
148965,CARTON DE 6
148971,PIECE
148972,PIECE
148973,PIECE
149010,CARTON DE 6
149013,BOITE
149014,BOITE
149015,BOITE
149016,BOITE
149017,BOITE
149018,BOITE
149019,PIECE
149021,CARTON DE 6
149044,PIECE
149045,PIECE
149046,PIECE
149047,PIECE
149048,PIECE
149049,PIECE
149050,PIECE
149051,PIECE
149052,PIECE
149053,PIECE
149054,PIECE
149055,PIECE
149056,PIECE
149057,PIECE
149058,PIECE
149067,CARTON DE 6
149071,CARTON DE 30
149079,CARTON DE 1000
149093,CARTON DE 6
149100,CARTON DE 6
149104,CARTON DE 6
149105,CARTON DE 6
149125,PIECE
149126,PIECE
149133,CARTON DE 1000
149137,CARTON DE 1000
149173,CARTON DE 1000
149174,CARTON DE 1000
149179,CARTON DE 1000
149182,PIECE
149227,PIECE
149228,PIECE
149256,CARTON DE 6
149274,CARTON DE 6
149285,CARTON DE 1000
149347,CARTON DE 1000
149348,CARTON DE 1000
149349,CARTON DE 1000
149350,CARTON DE 1000
149353,PIECE
149354,PIECE
149371,CARTON DE 6
149374,SACHET DE 10
149394,CARTON DE 6
149395,CARTON DE 6
149418,CARTON DE 6
149433,CARTON DE 6
149450,CARTON DE 1000
149453,CARTON DE 6
149456,1
149460,CARTON DE 1000
149473,CARTON DE 6
149480,CARTON DE 1000
149481,CARTON DE 6
149498,CARTON DE 6
149500,CARTON DE 1000
149540,CARTON DE 1000
149543,CARTON DE 1000
149548,CARTON DE 6
149552,CARTON DE 6
149562,BOITE DE 25
149564,CARTON DE 6
149565,CARTON DE 6
149567,CARTON DE 1000
149570,CARTON DE 6
149576,CARTON DE 1000
149578,CARTON DE 6
149587,CARTON DE 6
149598,CARTON DE 1000
149602,CARTON DE 6
149635,CARTON DE 40
149651,CARTON DE 6
149654,CARTON DE 1000
149686,CARTON DE 6
149716,PIECE
149717,PIECE
149721,CARTON DE 6
149738,SACHET DE 20
149739,SACHET DE 15
149740,SACHET DE 40
149741,SACHET DE 14
149742,SACHET DE 14
149743,SACHET DE 14
149744,SACHET DE 14
149745,SACHET DE 12
149750,CARTON DE 6
149766,1
149769,CARTON DE 6
149771,CARTON DE 1000
149777,CARTON DE 1000
149781,CARTON DE 500
149785,PIECE
149786,PIECE
149787,PIECE
149788,PIECE
149789,PIECE
149790,PIECE
149797,CARTON DE 6
149800,CARTON DE 1000
149804,CARTON DE 1000
149808,PIECE
149818,CARTON DE 6
149826,BOITE
149827,BOITE DE 50
149828,PIECE
149830,CARTON DE 1000
149853,CARTON DE 6
149872,CARTON DE 6
149878,BOITE
149879,BOITE
149880,BOITE
149903,CARTON DE 1000
149908,CARTON DE 6
149914,CARTON DE 6
149918,CARTON DE 1000
149929,CARTON DE 6
149931,CARTON DE 6
149959,CARTON DE 1000
149962,CARTON DE 25
149978,CARTON DE 6
149980,CARTON DE 6
150008,CARTON DE 6
150027,CARTON DE 6
150043,CARTON DE 1000
150045,CARTON DE 1000
150047,CARTON DE 1000
150058,CARTON DE 6
150068,CARTON DE 6
150077,CARTON DE 1000
150102,1
150106,CARTON DE 1000
150130,CARTON DE 1000
150140,PIECE
150141,CARTON DE 1000
150142,CARTON DE 6
150149,CARTON DE 6
150154,CARTON DE 6
150156,CARTON DE 6
150164,CARTON DE 6
150181,CARTON DE 6
150195,CARTON DE 6
150204,1
150205,CARTON DE 6
150215,SACHET DE 22
150217,CARTON DE 6
150219,CARTON DE 25
150224,CARTON DE 6
150233,CARTON DE 24
150243,CARTON DE 6
150252,CARTON DE 6
150255,CARTON DE 6
150256,CARTON DE 1000
150272,CARTON DE 6
150288,CARTON DE 6
150305,CARTON DE 6
150331,CARTON DE 6
150340,CARTON DE 6
150344,CARTON DE 6
150351,CARTON DE 1000
150352,CARTON DE 6
150371,CARTON DE 6
150388,PIECE
150390,CARTON DE 6
150392,CARTON DE 6
150396,SACHET DE 20
150397,SACHET DE 20
150398,SACHET DE 15
150399,SACHET DE 20
150400,SACHET DE 20
150401,SACHET DE 15
150402,SACHET DE 50
150403,PIECE
150409,CARTON DE 6
150421,CARTON DE 20
150422,CARTON DE 20
150427,CARTON DE 6
150429,CARTON DE 6
150460,CARTON DE 6
150461,CARTON DE 1000
150462,PIECE
150471,1
150488,CARTON DE 12 PACKS
150496,CARTON DE 6
150524,CARTON DE 6
150526,SACHET DE 15
150534,CARTON DE 6
150543,CARTON DE 6
150566,CARTON DE 6
150589,CARTON DE 6
150602,CARTON DE 1000
150638,CARTON DE 1000
150653,CARTON DE 6
150655,CARTON DE 6
150661,CARTON DE 6
150677,CARTON DE 6
150736,CARTON DE 6
150737,CARTON DE 1000
150753,CARTON DE 1000
150755,CARTON DE 6
150756,CARTON DE 6
150759,CARTON DE 6
150777,CARTON DE 6
150817,CARTON DE 6
150834,CARTON DE 6
150840,CARTON DE 1000
150876,PIECE
150900,SACHET DE 14
150907,CARTON DE 1000
150908,CARTON DE 6
150953,CARTON DE 1000
150983,1
150989,CARTON DE 1000
150991,PIECE
150992,PIECE
150993,PIECE
151004,CARTON DE 6
151021,1
151023,CARTON DE 1000
151028,CARTON DE 1000
151042,CARTON DE 6
151051,CARTON DE 6
151054,1
151066,CARTON DE 6
151077,CARTON DE 6
151090,CARTON DE 1000
151124,CARTON DE 25
151149,CARTON DE 6
151181,CARTON DE 1000
151239,PIECE
151251,CARTON DE 500
151253,CARTON DE 6
151265,CARTON DE 6
151289,CARTON DE 6
151291,CARTON DE 1000
151297,CARTON DE 6
151304,CARTON DE 6
151315,CARTON DE 6
151326,CARTON DE 1000
151345,CARTON DE 6
151372,CARTON DE 1000
151404,CARTON CONTAINER DE 300
151407,CARTON CONTAINER DE 96
151409,PIECE
151410,CARTON CONTAINER DE 80
151433,SACHET DE 50
151434,PIECE
151435,PIECE
151436,PIECE
151437,PIECE
151438,PIECE
151439,PIECE
151440,PIECE
151441,PIECE
151442,PIECE
151443,SACHET DE 12
151444,SACHET DE 10
151454,CARTON DE 6
151460,CARTON DE 6
151466,CARTON DE 6
151482,CARTON DE 6
151488,CARTON DE 6
151493,CARTON DE 1000
151494,1
151497,SACHET DE 14
151498,SACHET DE 20
151500,PIECE
151501,PIECE
151502,PIECE
151503,PIECE
151504,PIECE
151505,PIECE
151506,PIECE
151507,PIECE
151508,PIECE
151509,PIECE
151510,PIECE
151528,SACHET DE 100
151529,PIECE
151530,PIECE
151531,PIECE
151543,PIECE
151544,PIECE
151545,PIECE
151546,SACHET DE 50
151547,PIECE
151563,CARTON DE 6
151576,CARTON DE 6
151586,CARTON DE 6
151593,CARTON DE 6
151608,CARTON DE 6
151611,CARTON DE 6
151618,CARTON DE 6
151632,PIECE
151633,PIECE
151634,PIECE
151635,PIECE
151656,CARTON DE 1000
151664,CARTON DE 6
151665,CARTON DE 6
151667,PIECE
151669,CARTON DE 6
151677,CARTON DE 6
151703,BOITE
151709,CARTON DE 6
151710,CARTON DE 6
151738,CARTON DE 1000
151758,CARTON DE 6
151774,CARTON DE 1000
151790,CARTON DE 6
151824,CARTON DE 6
151826,CARTON DE 6
151843,CARTON DE 6
151844,CARTON DE 6
151845,CARTON DE 6
151849,SACHET DE 25
151850,SACHET DE 20
151851,SACHET DE 50
151852,CARTON DE 6
151885,CARTON DE 6
151906,CARTON DE 6
151934,1
151971,CARTON DE 6
151997,CARTON DE 1000
152002,SACHET DE 100
152055,PIECE
152066,CARTON DE 6
152075,CARTON DE 25
152094,CARTON DE 6
152140,PIECE
152195,CARTON DE 6
152201,CARTON DE 6
152202,CARTON DE 6
152204,CARTON DE 6
152216,CARTON DE 6
152224,CARTON DE 6
152238,1
152247,CARTON DE 6
152314,CARTON DE 6
152341,CARTON DE 6
152345,CARTON DE 24
152347,CARTON DE 6
152351,CARTON DE 1000
152356,CARTON DE 1000
152371,CARTON DE 1000
152380,CARTON DE 6
152382,CARTON DE 1000
152392,CARTON DE 6
152397,PIECE
152398,BOITE
152399,BOITE
152400,BOITE
152401,BOITE
152402,BOITE
152403,BOITE
152404,BOITE
152405,BOITE
152425,CARTON DE 6
152468,PIECE
152504,CARTON DE 1000
152508,CARTON DE 6
152512,CARTON DE 6
152516,CARTON DE 1000
152517,CARTON DE 1000
152535,CARTON DE 6
152544,CARTON DE 1000
152588,CARTON DE 6
152605,CARTON DE 6
152615,SACHET DE 10
152621,CARTON DE 1000
152622,PIECE
152623,PIECE
152624,PIECE
152630,1
152631,CARTON DE 6
152635,CARTON DE 6
152641,PIECE
152642,PIECE
152646,CARTON DE 6
152647,CARTON DE 1000
152652,CARTON DE 1000
152653,CARTON DE 1000
152655,CARTON DE 1000
152665,CARTON DE 1000
152666,CARTON DE 6
152668,CARTON DE 1000
152687,CARTON DE 6
152700,CARTON DE 6
152704,CARTON DE 6
152714,CARTON DE 6
152724,1
152725,CARTON DE 1000
152740,CARTON DE 6
152744,CARTON A DE 9
152750,CARTON DE 1000
152753,CARTON DE 6
152762,CARTON DE 6
152779,CARTON DE 1000
152783,CARTON DE 1000
152787,CARTON DE 6
152796,CARTON DE 6
152810,CARTON DE 6
152815,CARTON DE 6
152836,CARTON DE 1000
152837,CARTON DE 6
152865,CARTON DE 6
152868,CARTON DE 6
152873,CARTON DE 1000
152882,CARTON DE 6
152888,CARTON DE 1000
152896,CARTON DE 6
152918,PIECE
152925,CARTON DE 1000
152926,PIECE
152927,PIECE
152928,PIECE
152935,CARTON DE 1000
152947,CARTON DE 6
152984,CARTON DE 1000
152986,CARTON DE 6
152998,CARTON DE 1000
153001,CARTON DE 6
153013,CARTON DE 25
153043,CARTON DE 6
153057,CARTON D DE 30
153065,PIECE
153067,CARTON DE 6
153069,CARTON B DE 4
153080,CARTON DE 1000
153087,CARTON DE 6
153134,CARTON DE 6
153154,BOITE
153155,BOITE
153156,BOITE
153160,CARTON DE 25
153162,CARTON DE 6
153210,CARTON DE 6
153214,CARTON DE 6
153224,CARTON DE 6
153230,CARTON DE 6
153235,PIECE
153276,CARTON DE 1000
153279,CARTON DE 6
153302,CARTON DE 6
153315,CARTON CONTAINER DE 48
153316,CARTON DE 6
153322,CARTON DE 20
153324,CARTON DE 20
153336,CARTON DE 6
153338,CARTON DE 6
153340,CARTON DE 1000
153373,CARTON DE 1000
153383,CARTON DE 6
153409,CARTON DE 6
153419,CARTON DE 1000
153422,CARTON DE 6
153437,CARTON DE 1000
153472,CARTON DE 6
153502,CARTON DE 6
153513,FLOWPACK
153514,PIECE
153524,CARTON DE 6
153534,CARTON DE 30
153572,CARTON DE 1000
153609,CARTON DE 6
153620,CARTON DE 6
153624,CARTON DE 6
153625,CARTON DE 6
153630,1
153645,PIECE
153649,CARTON DE 6
153650,CARTON DE 6
153653,CARTON DE 6
153657,CARTON DE 6
153708,CARTON DE 6
153714,CARTON DE 6
153736,CARTON DE 6
153738,CARTON DE 30
153739,CARTON DE 30
153756,BOITE
153757,BOITE
153758,BOITE
153759,BOITE
153760,BOITE
153761,BOITE
153762,BOITE
153763,BOITE
153804,CARTON DE 1000
153806,CARTON DE 1000
153812,CARTON DE 6
153816,CARTON DE 6
153817,CARTON DE 6
153825,CARTON DE 6
153845,PIECE
153846,PIECE
153883,CARTON DE 6
153893,1
153894,PIECE
153909,PIECE
153921,CARTON DE 6
153935,CARTON DE 6
153937,CARTON DE 6
153960,CARTON DE 6
153961,CARTON DE 6
153962,CARTON DE 1000
153970,PIECE
153975,CARTON DE 6
153982,CARTON DE 6
153992,CARTON DE 6
154001,CARTON DE 6
154016,FLOWPACK
154036,CARTON DE 6
154041,CARTON DE 6
154056,PIECE
154057,PIECE
154065,CARTON DE 6
154085,CARTON DE 6
154092,CARTON DE 6
154095,CARTON DE 6
154110,PIECE
154161,CARTON DE 6
154174,PIECE
154200,CARTON DE 6
154201,CARTON DE 6
154203,CARTON DE 1000
154204,CARTON DE 6
154213,CARTON DE 6
154218,CARTON DE 1000
154219,CARTON DE 6
154273,PIECE
154276,CARTON DE 6
154311,CARTON DE 6
154314,CARTON DE 6
154372,CARTON DE 6
154377,CARTON DE 1000
154389,CARTON DE 6
154391,CARTON DE 1000
154425,CARTON DE 6
154451,PIECE
154452,PIECE
154453,PIECE
154454,PIECE
154468,CARTON DE 6
154489,CARTON DE 6
154497,CARTON DE 1000
154554,PIECE
154555,PIECE
154584,CARTON DE 6
154585,CARTON DE 6
154647,CARTON DE 6
154652,CARTON DE 1000
154669,CARTON DE 12 PACKS
154712,CARTON DE 1000
154717,CARTON DE 6
154720,CARTON DE 12 PACKS
154723,CARTON DE 6
154742,CARTON DE 1000
154751,PIECE
154752,PIECE
154757,CARTON DE 6
154779,PIECE
154780,PIECE
154781,PIECE
154782,PIECE
154783,PIECE
154784,PIECE
154785,PIECE
154786,PIECE
154787,PIECE
154788,PIECE
154789,PIECE
154790,PIECE
154791,PIECE
154792,PIECE
154793,PIECE
154794,CARTON DE 1000
154807,CARTON DE 6
154819,CARTON DE 1000
154829,CARTON DE 6
154867,CARTON DE 6
154890,CARTON DE 6
154894,CARTON DE 6
154901,CARTON DE 1000
154908,CARTON DE 6
154923,CARTON DE 1000
154931,CARTON DE 6
154970,CARTON DE 6
154992,CARTON DE 6
155010,CARTON DE 1000
155016,CARTON DE 1000
155017,CARTON DE 6
155020,CARTON D DE 30
155047,CARTON DE 20
155048,CARTON DE 20
155051,CARTON DE 6
155067,PIECE
155083,CARTON DE 6
155104,1
155105,CARTON DE 24
155145,CARTON DE 6
155157,1
155161,CARTON DE 1000
155182,PIECE
155183,PIECE
155184,PIECE
155185,PIECE
155186,PIECE
155187,PIECE
155192,PIECE
155194,CARTON DE 6
155204,CARTON DE 6
155207,CARTON DE 25
155215,10
155217,CARTON DE 6
155220,CARTON DE 6
155236,1
155237,CARTON DE 6
155238,PIECE
155239,PIECE
155241,CARTON DE 6
155258,1
155284,CARTON DE 1000
155310,CARTON DE 1000
155324,CARTON DE 6
155341,CARTON DE 1000
155342,CARTON DE 6
155345,CARTON DE 6
155355,CARTON DE 1000
155356,CARTON DE 6
155365,CARTON DE 1000
155395,CARTON DE 6
155404,CARTON DE 1000
155409,CARTON DE 6
155410,CARTON DE 1000
155434,CARTON DE 6
155438,CARTON DE 12 PACKS
155448,CARTON DE 6
155464,1
155478,CARTON DE 6
155505,CARTON DE 6
155514,CARTON DE 6
155521,CARTON DE 6
155532,1
155554,CARTON DE 6
155558,PIECE
155559,PIECE
155563,1
155627,PIECE
155628,CARTON B DE 4
155630,CARTON D DE 30
155772,PIECE
155773,PIECE
155775,CARTON DE 6
155779,CARTON DE 6
155790,CARTON DE 1000
155814,PIECE
155816,CARTON DE 6
155824,CARTON DE 6
155843,CARTON DE 1000
155853,CARTON DE 6
155855,CARTON DE 1000
155895,CARTON DE 6
155896,CARTON DE 1000
155903,CARTON DE 1000
155912,PIECE
155915,CARTON DE 1000
155936,CARTON DE 6
155943,CARTON DE 1000
155954,CARTON DE 6
155957,CARTON DE 6
155959,CARTON DE 6
155971,CARTON DE 6
155989,BOITE
155990,BOITE
155991,BOITE
155992,BOITE
156003,PIECE
156004,PIECE
156005,PIECE
156006,PIECE
156016,CARTON DE 6
156026,CARTON DE 6
156032,CARTON DE 6
156034,CARTON DE 6
156037,CARTON DE 6
156099,CARTON DE 1000
156104,SACHET DE 25
156108,CARTON DE 25
156123,PIECE
156127,CARTON DE 24
156137,CARTON DE 1000
156145,1
156174,1
156187,CARTON DE 20
156188,CARTON DE 20
156191,CARTON DE 6
156192,CARTON DE 6
156204,CARTON DE 6
156212,CARTON DE 6
156231,CARTON DE 6
156254,CARTON DE 1000
156269,1
156331,CARTON DE 30
156348,CARTON DE 24
156355,CARTON DE 6
156369,CARTON DE 1000
156388,CARTON DE 1000
156389,CARTON DE 6
156390,CARTON DE 6
156428,CARTON DE 6
156430,CARTON DE 1000
156434,CARTON DE 1000
156472,PIECE
156509,CARTON DE 1000
156523,CARTON DE 6
156535,CARTON DE 6
156541,CARTON DE 1000
156543,CARTON DE 6
156593,CARTON DE 6
156594,CARTON DE 6
156597,BOITE
156598,BOITE
156599,BOITE
156620,CARTON DE 6
156633,CARTON DE 6
156639,CARTON ORIGINE DE 12
156642,CARTON DE 6
156649,CARTON DE 6
156670,1
156671,PIECE
156673,CARTON DE 6
156685,CARTON DE 6
156691,CARTON DE 1000
156692,CARTON DE 6
156698,CARTON DE 6
156700,CARTON DE 6
156712,SACHET DE 100
156715,CARTON DE 1000
156717,CARTON DE 6
156732,CARTON DE 6
156735,CARTON DE 6
156744,CARTON DE 6
156746,CARTON DE 6
156770,CARTON DE 6
156776,CARTON DE 1000
156805,CARTON DE 6
156826,CARTON DE 6
156836,PIECE
156839,CARTON CONTAINER DE 60
156840,CARTON CONTAINER DE 60
156841,CARTON CONTAINER DE 60
156843,PIECE
156851,CARTON ORIGINE DE 12
156852,CARTON DE 1000
156854,CARTON DE 6
156870,CARTON DE 6
156896,CARTON DE 1000
156897,PIECE
156898,PIECE
156899,SACHET DE 50
156927,CARTON DE 6
156932,CARTON DE 6
156943,CARTON DE 6
156946,CARTON DE 6
156952,CARTON DE 6
156972,CARTON DE 1000
156987,CARTON DE 1000
157011,1
157017,BOITE
157058,CARTON DE 6
157073,CARTON DE 6
157090,CARTON DE 6
157127,SACHET DE 25
157128,CARTON DE 6
157170,CARTON DE 6
157172,CARTON DE 6
157183,CARTON DE 24
157223,1
157226,CARTON DE 1000
157227,CARTON DE 1000
157258,CARTON DE 6
157264,CARTON DE 6
157290,CARTON DE 6
157291,1
157294,CARTON DE 6
157295,CARTON DE 6
157307,1
157319,CARTON DE 6
157344,PIECE
157345,PIECE
157346,PIECE
157347,PIECE
157348,PIECE
157355,CARTON DE 1000
157360,CARTON DE 6
157415,1
157416,CARTON DE 6
157417,CARTON DE 1000
157423,CARTON DE 6
157429,PIECE
157431,CARTON DE 1000
157433,1
157466,CARTON DE 6
157476,PIECE
157492,CARTON DE 6
157497,CARTON DE 6
157511,BOITE
157513,CARTON DE 6
157517,CARTON DE 30
157528,PIECE
157529,PIECE
157530,PIECE
157531,PIECE
157532,PIECE
157533,PIECE
157550,CARTON DE 6
157561,CARTON DE 1000
157562,CARTON DE 6
157564,PIECE
157565,PIECE
157584,CARTON DE 6
157589,CARTON DE 6
157604,CARTON DE 12 PACKS
157606,PIECE
157607,PIECE
157616,CARTON DE 1000
157618,CARTON DE 25
157630,1
157631,CARTON DE 6
157643,1
157649,CARTON DE 1000
157656,PIECE
157657,SACHET DE 50
157663,CARTON DE 1000
157664,CARTON DE 6
157665,1
157666,CARTON DE 1000
157674,1
157677,1
157680,CARTON DE 6
157685,1
157720,CARTON DE 6
157721,CARTON DE 6
157739,CARTON DE 6
157742,CARTON DE 1000
157792,CARTON DE 6
157796,CARTON DE 1000
157810,CARTON DE 1000
157815,CARTON DE 6
157828,PIECE
157837,CARTON DE 1000
157841,CARTON DE 6
157858,CARTON DE 6
157868,CARTON DE 1000
157887,CARTON DE 6
157889,CARTON DE 1000
157891,CARTON DE 6
157893,CARTON DE 20
157901,CARTON DE 6
157904,CARTON DE 6
157922,CARTON DE 6
157963,CARTON DE 6
157975,CARTON DE 1000
157992,CARTON DE 6
157999,CARTON DE 6
158011,1
158063,CARTON DE 6
158064,PIECE
158074,CARTON DE 6
158077,CARTON DE 1000
158112,CARTON DE 1000
158114,CARTON DE 6
158141,CARTON DE 6
158142,CARTON DE 1000
158151,CARTON DE 6
158152,CARTON DE 1000
158162,CARTON DE 1000
158180,CARTON DE 6
158187,CARTON DE 6
158190,CARTON DE 1000
158210,CARTON DE 6
158232,CARTON DE 1000
158249,CARTON DE 1000
158270,1
158279,CARTON DE 1000
158290,CARTON DE 6
158295,PIECE
158298,CARTON DE 1000
158316,CARTON DE 1000
158317,CARTON DE 6
158324,CARTON DE 1000
158335,CARTON DE 6
158353,CARTON DE 1000
158365,1
158367,PIECE
158373,PIECE
158379,PIECE
158380,CARTON DE 1000
158400,CARTON DE 6
158403,CARTON DE 1000
158404,CARTON DE 6
158411,CARTON A DE 9
158434,1
158454,CARTON DE 6
158462,CARTON DE 6
158476,CARTON DE 6
158484,1
158495,CARTON DE 24
158522,CARTON DE 6
158530,1
158541,CARTON DE 6
158549,SACHET DE 25
158560,CARTON DE 1000
158596,CARTON DE 6
158598,CARTON DE 6
158600,CARTON DE 1000
158663,CARTON DE 6
158676,CARTON DE 30
158695,CARTON DE 6
158714,CARTON DE 20
158716,PIECE
158717,PIECE
158730,CARTON DE 25
158759,PIECE
158760,PIECE
158788,CARTON DE 6
158797,CARTON DE 1000
158806,CARTON DE 6
158809,CARTON DE 6
158825,CARTON A DE 50
158826,CARTON DE 1000
158857,1
158884,CARTON DE 6
158910,PIECE
158911,PIECE
158912,PIECE
158922,1
158938,CARTON DE 6
158977,CARTON DE 6
158994,CARTON DE 25
159000,1
159002,BOITE
159003,PIECE
159004,PIECE
159014,CARTON DE 1000
159016,CARTON DE 6
159017,PIECE
159022,CARTON DE 6
159047,CARTON DE 1000
159054,CARTON DE 6
159061,CARTON DE 6
159087,CARTON DE 6
159091,CARTON DE 6
159100,PIECE
159101,PIECE
159102,PIECE
159103,PIECE
159104,PIECE
159105,PIECE
159146,CARTON DE 6
159155,CARTON DE 6
159160,CARTON DE 6
159176,CARTON DE 6
159181,CARTON DE 6
159190,PIECE
159191,PIECE
159192,PIECE
159193,PIECE
159194,PIECE
159195,PIECE
159228,CARTON DE 6
159233,CARTON DE 6
159246,CARTON DE 6
159281,CARTON DE 6
159283,CARTON DE 1000
159288,CARTON DE 6
159302,CARTON DE 1000
159328,CARTON DE 6
159346,CARTON DE 1000
159347,PIECE
159348,PIECE
159349,CARTON DE 24
159355,CARTON DE 1000
159362,CARTON DE 6
159364,CARTON DE 500
159372,CARTON DE 1000
159373,CARTON DE 6
159413,PIECE
159414,PIECE
159415,PIECE
159421,CARTON DE 6
159422,PIECE
159423,PIECE
159424,PIECE
159427,PIECE
159428,PIECE
159433,CARTON DE 6
159435,CARTON DE 6
159463,CARTON DE 6
159464,CARTON DE 6
159476,CARTON DE 6
159479,CARTON DE 6
159501,PIECE
159502,CARTON DE 6
159503,CARTON DE 6
159512,CARTON DE 6
159515,CARTON DE 6
159540,CARTON DE 6
159548,PIECE
159557,CARTON DE 6
159559,CARTON DE 40
159568,CARTON DE 25
159581,CARTON DE 6
159586,CARTON DE 6
159618,CARTON DE 6
159629,1
159631,CARTON DE 25
159642,CARTON DE 6
159662,CARTON DE 1000
159689,PIECE
159690,PIECE
159697,CARTON DE 6
159711,CARTON DE 6
159721,CARTON B DE 4
159726,CARTON DE 6
159761,CARTON DE 1000
159763,CARTON DE 6
159765,CARTON DE 6
159776,CARTON DE 6
159781,CARTON DE 1000
159784,CARTON DE 6
159785,CARTON DE 1000
159792,CARTON DE 6
159807,1
159826,CARTON DE 1000
159830,CARTON DE 6
159832,CARTON DE 6
159834,CARTON DE 6
159838,CARTON DE 6
159870,CARTON DE 6
159877,CARTON DE 6
159905,CARTON DE 1000
159910,CARTON DE 6
159912,CARTON DE 6
159959,CARTON DE 1000
159960,CARTON DE 1000
159972,CARTON DE 6
159981,CARTON DE 6
159987,PIECE
159988,PIECE
159989,PIECE
159990,PIECE
159993,CARTON DE 6
160005,CARTON DE 6
160009,CARTON DE 6
160013,CARTON DE 6
160022,CARTON DE 1000
160031,CARTON DE 6
160037,CARTON DE 6
160046,CARTON DE 1000
160056,CARTON DE 6
160059,CARTON CONTAINER DE 60
160075,CARTON DE 1000
160081,PIECE
160083,PIECE
160084,PIECE
160085,PIECE
160093,CARTON DE 1000
160100,CARTON DE 6
160105,CARTON DE 6
160111,BOITE
160112,BOITE
160113,BOITE
160114,BOITE
160115,BOITE DE 50
160116,BOITE DE 25
160117,BOITE DE 25
160118,PIECE
160119,PIECE
160121,CARTON DE 6
160141,CARTON DE 6
160144,CARTON DE 1000
160152,CARTON DE 6
160188,1
160196,CARTON DE 6
160210,CARTON DE 1000
160215,1
160226,BOITE DE 50
160227,BOITE DE 25
160229,CARTON DE 6
160232,CARTON DE 6
160244,CARTON DE 6
160251,CARTON DE 6
160259,CARTON DE 1000
160293,CARTON DE 1000
160296,CARTON DE 6
160297,CARTON DE 6
160298,CARTON DE 1000
160305,CARTON DE 1000
160320,CARTON DE 1000
160324,PIECE
160373,CARTON DE 6
160388,CARTON DE 1000
160391,CARTON DE 6
160392,CARTON DE 6
160393,PIECE
160394,PIECE
160399,PIECE
160400,PIECE
160417,CARTON DE 1000
160421,CARTON DE 6
160423,CARTON ORIGINE DE 12
160434,CARTON DE 12 PACKS
160435,CARTON DE 6
160437,CARTON A DE 40
160441,CARTON DE 6
160443,CARTON DE 1000
160463,CARTON DE 6
160470,PIECE
160482,CARTON DE 6
160504,CARTON DE 6
160505,CARTON DE 6
160517,CARTON DE 1000
160521,CARTON DE 1000
160534,PIECE
160535,PIECE
160536,CARTON DE 1000
160580,CARTON DE 25
160600,CARTON DE 1000
160601,CARTON DE 6
160674,CARTON DE 6
160688,CARTON DE 1000
160691,CARTON DE 6
160714,PIECE
160716,CARTON DE 6
160718,CARTON DE 6
160719,CARTON DE 6
160732,CARTON DE 1000
160742,CARTON DE 6
160769,CARTON DE 1000
160779,PIECE
160780,PIECE
160781,PIECE
160782,PIECE
160785,PIECE
160786,PIECE
160787,SACHET DE 50
160804,CARTON DE 6
160817,CARTON DE 6
160819,CARTON DE 6
160826,CARTON DE 6
160837,CARTON DE 6
160845,CARTON DE 1000
160886,CARTON DE 6
160898,CARTON DE 6
160949,CARTON DE 6
161003,CARTON DE 1000
161015,CARTON DE 1000
161032,CARTON DE 1000
161034,CARTON DE 6
161035,CARTON DE 1000
161048,CARTON DE 6
161049,PIECE
161051,PIECE
161052,FLOWPACK
161053,BOITE
161054,BOITE
161055,PIECE
161061,PIECE
161062,PIECE
161063,PIECE
161065,PIECE
161067,PIECE
161077,PIECE
161078,PIECE
161079,PIECE
161080,PIECE
161081,PIECE
161082,PIECE
161091,CARTON DE 6
161095,CARTON DE 1000
161096,CARTON DE 6
161098,PIECE
161110,CARTON DE 1000
161116,CARTON DE 1000
161130,CARTON DE 6
161147,CARTON DE 1000
161148,CARTON DE 1000
161156,1
161178,CARTON DE 6
161207,1
161216,PIECE
161217,PIECE
161218,PIECE
161219,PIECE
161220,PIECE
161221,SACHET DE 50
161222,PIECE
161223,PIECE
161224,PIECE
161225,PIECE
161226,PIECE
161232,SACHET DE 50
161244,CARTON DE 6
161253,1
161254,CARTON DE 1000
161267,CARTON DE 6
161279,SACHET DE 50
161280,SACHET DE 50
161281,SACHET DE 100
161338,CARTON DE 1000
161351,CARTON DE 6
161393,CARTON ORIGINE DE 12
161397,CARTON DE 6
161398,CARTON DE 6
161401,CARTON DE 1000
161413,PIECE
161426,CARTON DE 6
161427,CARTON DE 6
161429,CARTON DE 6
161434,CARTON DE 1000
161441,CARTON DE 6
161442,CARTON DE 6
161443,CARTON DE 6
161463,PIECE
161464,PIECE
161465,PIECE
161466,PIECE
161467,PIECE
161468,PIECE
161496,CARTON DE 24
161507,CARTON DE 6
161508,CARTON DE 1000
161509,CARTON DE 30
161510,CARTON DE 30
161515,CARTON DE 6
161522,CARTON DE 1000
161531,CARTON DE 1000
161540,CARTON DE 6
161544,CARTON DE 1000
161549,CARTON DE 6
161550,PIECE
161551,PIECE
161586,CARTON DE 1000
161588,CARTON DE 1000
161589,CARTON DE 6
161609,CARTON DE 6
161616,CARTON DE 1000
161621,CARTON DE 6
161625,PIECE
161626,PIECE
161627,PIECE
161628,CARTON DE 6
161632,PIECE
161636,CARTON DE 6
161641,1
161644,CARTON DE 6
161649,CARTON DE 6
161655,CARTON DE 12 PACKS
161666,CARTON DE 6
161673,CARTON DE 1000
161678,CARTON DE 6
161685,PIECE
161686,PIECE
161687,PIECE
161688,SACHET DE 50
161708,CARTON B DE 4
161719,CARTON DE 6
161733,CARTON DE 6
161747,CARTON DE 1000
161764,CARTON DE 25
161774,CARTON DE 6
161776,CARTON DE 6
161778,CARTON DE 6
161782,BOITE
161783,BOITE
161784,BOITE
161785,BOITE
161786,BOITE DE 50
161787,BOITE DE 50
161788,BOITE DE 25
161789,PIECE
161795,CARTON DE 1000
161825,CARTON DE 6
161827,CARTON DE 20
161828,CARTON DE 20
161833,CARTON DE 1000
161839,CARTON DE 6
161845,CARTON DE 6
161864,BOITE
161865,BOITE
161867,CARTON DE 1000
161874,PIECE
161875,BOITE
161876,BOITE
161877,BOITE
161879,CARTON DE 6
161892,CARTON DE 1000
161901,CARTON DE 6
161909,CARTON DE 6
161911,CARTON DE 6
161922,CARTON DE 1000
161967,PIECE
161971,CARTON DE 6
161973,CARTON DE 6
161974,CARTON DE 6
161985,CARTON DE 6
161991,CARTON DE 1000
161998,CARTON DE 1000
161999,CARTON DE 6
162008,CARTON DE 1000
162014,CARTON DE 1000
162015,CARTON DE 1000
162016,CARTON DE 1000
162017,CARTON DE 1000
162023,CARTON DE 1000
162029,CARTON DE 1000
162030,CARTON DE 1000
162032,CARTON DE 6
162039,CARTON DE 6
162041,CARTON DE 1000
162073,CARTON DE 6
162083,CARTON DE 1000
162084,CARTON DE 1000
162086,CARTON DE 1000
162090,CARTON DE 1000
162100,CARTON DE 6
162103,CARTON DE 1000
162105,CARTON DE 24
162123,CARTON DE 6
162132,CARTON DE 1000
162140,CARTON DE 6
162142,CARTON DE 6
162146,CARTON DE 6
162153,CARTON DE 6
162158,CARTON DE 6
162163,CARTON DE 1000
162172,CARTON DE 1000
162173,CARTON DE 6
162188,CARTON DE 1000
162217,CARTON DE 6
162222,CARTON DE 1000
162223,CARTON DE 6
162275,CARTON DE 1000
162278,CARTON DE 6
162286,CARTON DE 1000
162293,CARTON DE 30
162327,CARTON DE 6
162334,PIECE
162348,1
162364,CARTON DE 6
162395,1
162411,CARTON DE 6
162415,CARTON DE 1000
162416,PIECE
162417,PIECE
162418,PIECE
162419,PIECE
162420,PIECE
162421,PIECE
162426,CARTON DE 24
162431,CARTON DE 1000
162434,CARTON DE 1000
162439,CARTON DE 6
162466,PIECE
162469,CARTON DE 1000
162470,CARTON DE 6
162482,PIECE
162483,PIECE
162485,CARTON DE 6
162486,PIECE
162509,CARTON DE 6
162510,CARTON DE 1000
162511,CARTON DE 1000
162513,CARTON DE 1000
162520,SACHET DE 50
162524,CARTON A DE 9
162525,BOITE
162555,PIECE
162573,CARTON DE 6
162598,CARTON DE 6
162599,PIECE
162626,CARTON DE 6
162630,CARTON DE 6
162638,CARTON DE 1000
162647,1
162652,CARTON DE 6
162654,CARTON DE 6
162657,PIECE
162658,PIECE
162659,SACHET DE 50
162667,CARTON DE 1000
162673,1
162686,CARTON DE 6
162689,PIECE
162690,PIECE
162691,PIECE
162692,PIECE
162693,PIECE
162694,PIECE
162695,PIECE
162696,PIECE
162697,PIECE
162698,PIECE
162699,PIECE
162700,PIECE
162701,SACHET DE 50
162702,PIECE
162703,BOITE
162705,CARTON DE 6
162727,PIECE
162728,PIECE
162729,PIECE
162730,PIECE
162731,PIECE
162732,PIECE
162733,PIECE
162734,FLOWPACK
162735,PIECE
162736,PIECE
162737,PIECE
162742,CARTON DE 6
162750,CARTON DE 6
162753,CARTON DE 6
162770,CARTON DE 6
162777,CARTON DE 6
162781,1
162790,SACHET DE 25
162791,25
162792,25
162793,25
162807,1
162813,CARTON DE 6
162823,PIECE
162824,CARTON DE 6
162827,CARTON DE 6
162836,CARTON DE 6
162841,CARTON DE 1000
162845,CARTON DE 6
162849,CARTON DE 6
162850,CARTON DE 1000
162853,CARTON DE 6
162855,CARTON DE 1000
162865,CARTON DE 6
162935,CARTON DE 1000
162946,CARTON DE 6
162958,PIECE
162959,PIECE
162960,PIECE
162961,PIECE
162962,PIECE
162963,PIECE
162964,PIECE
162965,PIECE
162966,PIECE
162967,PIECE
162968,PIECE
162969,PIECE
162970,PIECE
162971,PIECE
162975,PIECE
162987,CARTON DE 1000
162994,CARTON DE 1000
162995,CARTON DE 6
163001,CARTON DE 6
163010,CARTON DE 1000
163011,CARTON DE 6
163012,CARTON DE 1000
163044,SACHET DE 20
163053,CARTON DE 6
163063,PIECE
163064,PIECE
163065,PIECE
163066,PIECE
163067,PIECE
163068,PIECE
163069,PIECE
163080,CARTON DE 6
163088,CARTON DE 6
163093,CARTON DE 1000
163094,PIECE
163114,CARTON DE 1000
163134,CARTON DE 24
163138,CARTON DE 1000
163142,CARTON DE 1000
163144,CARTON DE 6
163148,CARTON DE 1000
163161,CARTON DE 6
163167,CARTON DE 6
163174,CARTON DE 1000
163203,PIECE
163222,CARTON DE 1000
163230,CARTON DE 6
163245,CARTON DE 6
163271,CARTON DE 25
163274,CARTON DE 1000
163277,PIECE
163285,CARTON DE 6
163289,CARTON DE 20
163318,CARTON DE 6
163336,CARTON DE 1000
163343,CARTON DE 6
163347,CARTON DE 1000
163387,CARTON DE 25
163417,CARTON DE 1000
163420,CARTON DE 6
163428,PIECE
163429,PIECE
163430,PIECE
163438,CARTON DE 6
163443,CARTON DE 1000
163448,CARTON DE 1000
163552,CARTON DE 1000
163563,BOITE
163564,PIECE
163565,PIECE
163566,PIECE
163583,CARTON DE 1000
163627,CARTON DE 1000
163636,CARTON DE 1000
163654,PIECE
163670,CARTON DE 6
163671,1
163675,FLOWPACK
163690,CARTON DE 1000
163691,CARTON DE 6
163695,CARTON DE 6
163704,1
163719,CARTON DE 1000
163723,CARTON DE 6
163747,1
163754,1
163765,PIECE
163777,CARTON A DE 30
163778,PIECE
163779,PIECE
163780,PIECE
163781,PIECE
163782,PIECE
163783,PIECE
163784,PIECE
163785,PIECE
163786,PIECE
163787,PIECE
163788,PIECE
163789,PIECE
163790,PIECE
163791,PIECE
163796,CARTON DE 6
163811,CARTON DE 1000
163822,CARTON DE 6
163837,CARTON DE 1000
163856,SACHET DE 50
163857,PIECE
163875,CARTON DE 20
163876,CARTON DE 20
163879,PIECE
163889,CARTON DE 6
163905,CARTON DE 6
163932,CARTON DE 30
163954,CARTON D DE 30
163967,1
163968,SACHET DE 10
163969,SACHET DE 10
163970,SACHET DE 10
163971,SACHET DE 100
163974,SACHET DE 10
163975,PIECE
163976,PIECE
163977,PIECE
163978,PIECE
163979,PIECE
163980,PIECE
163981,PIECE
163982,PIECE
163983,PIECE
163984,PIECE
163985,PIECE
163986,PIECE
163987,PIECE
163988,PIECE
163999,CARTON DE 6
164000,CARTON DE 1000
164012,CARTON DE 1000
164028,CARTON CONTAINER DE 96
164029,CARTON DE 1000
164030,CARTON DE 1000
164033,PIECE
164036,PIECE
164037,PIECE
164038,PIECE
164039,PIECE
164040,PIECE
164042,1
164050,CARTON DE 1000
164062,PIECE
164076,1
164092,CARTON DE 1000
164094,CARTON DE 6
164114,CARTON DE 1000
164115,CARTON DE 6
164117,1
164124,CARTON DE 24
164165,CARTON DE 1000
164168,CARTON DE 24
164176,PIECE
164177,PIECE
164211,CARTON DE 1000
164239,CARTON DE 1000
164272,1
164277,CARTON DE 1000
164312,PIECE
164313,CARTON DE 1000
164315,CARTON DE 1000
164321,PIECE
164325,CARTON DE 6
164344,CARTON DE 6
164351,1
164360,CARTON DE 1000
164365,CARTON DE 6
164366,CARTON DE 1000
164425,CARTON DE 1000
164431,CARTON DE 6
164438,CARTON DE 6
164439,CARTON DE 1000
164477,CARTON DE 1000
164509,SACHET DE 100
164510,SACHET DE 100
164511,SACHET DE 100
164512,SACHET DE 100
164513,SACHET DE 100
164514,BOITE DE 100
164515,SACHET DE 25
164522,BOITE DE 100
164523,SACHET DE 25
164532,BOITE DE 100
164533,SACHET DE 25
164540,CARTON DE 25
164561,CARTON DE 6
164567,PIECE
164568,PIECE
164569,PIECE
164570,PIECE
164571,PIECE
164572,PIECE
164594,CARTON DE 20
164597,CARTON DE 20
164600,1
164605,CARTON DE 500
164620,1
164627,PIECE
164628,PIECE
164629,CARTON DE 1000
164632,CARTON DE 6
164639,CARTON DE 1000
164649,CARTON DE 6
164656,1
164667,CARTON DE 1000
164672,CARTON DE 6
164674,CARTON DE 6
164675,CARTON DE 6
164677,CARTON DE 6
164679,CARTON DE 6
164680,CARTON DE 6
164681,CARTON DE 6
164689,CARTON DE 6
164690,CARTON DE 6
164691,CARTON DE 6
164692,CARTON DE 6
164693,CARTON DE 6
164694,CARTON DE 6
164695,CARTON DE 6
164696,CARTON DE 6
164697,CARTON DE 6
164698,CARTON DE 6
164699,CARTON DE 6
164700,CARTON DE 6
164701,CARTON DE 6
164702,CARTON DE 6
164703,CARTON DE 6
164705,CARTON DE 6
164706,CARTON DE 6
164710,CARTON DE 6
164713,CARTON DE 6
164714,CARTON DE 1000
164720,CARTON DE 6
164721,CARTON DE 6
164722,CARTON DE 6
164723,CARTON DE 6
164730,CARTON DE 6
164731,CARTON DE 6
164733,CARTON DE 6
164734,CARTON DE 6
164743,CARTON DE 6
164744,CARTON DE 6
164747,CARTON DE 6
164748,CARTON DE 6
164749,CARTON DE 6
164754,SACHET DE 20
164755,SACHET DE 20
164756,PIECE
164757,PIECE
164761,CARTON DE 1000
164784,1
164791,CARTON DE 6
164792,CARTON DE 6
164796,CARTON DE 1000
164797,CARTON DE 6
164827,CARTON DE 6
164846,CARTON DE 1000
164856,CARTON DE 1000
164857,CARTON DE 1000
164859,1
164876,1
164899,SACHET DE 100
164900,SACHET DE 100
164901,PIECE
164902,PIECE
164903,PIECE
164904,PIECE
164905,PIECE
164914,PIECE
164931,SACHET DE 10
164955,CARTON DE 1000
164962,CARTON DE 6
164975,CARTON DE 1000
164982,CARTON DE 1000
164983,1
164996,CARTON DE 6
165004,CARTON DE 6
165012,CARTON DE 6
165015,CARTON DE 6
165045,CARTON DE 1000
165048,CARTON DE 6
165073,CARTON DE 30
165075,CARTON DE 1000
165077,PIECE
165098,CARTON DE 12 PACKS
165099,PIECE
165100,PIECE
165117,1
165142,CARTON DE 1000
165150,CARTON DE 6
165154,CARTON DE 6
165155,PIECE
165156,PIECE
165157,PIECE
165158,PIECE
165159,PIECE
165174,CARTON DE 1000
165175,1
165183,CARTON DE 1000
165185,CARTON DE 6
165199,CARTON DE 1000
165200,BOITE
165201,BOITE
165202,BOITE
165203,BOITE
165204,PIECE
165205,SACHET DE 100
165206,SACHET DE 100
165208,DISQUE DE 48
165209,SACHET DE 100
165217,CARTON DE 1000
165218,CARTON DE 1000
165221,SACHET DE 100
165227,CARTON DE 6
165239,CARTON DE 1000
165243,PIECE
165254,CARTON DE 1000
165255,CARTON DE 6
165269,CARTON DE 24
165276,CARTON DE 1000
165279,CARTON DE 6
165280,1
165284,SACHET DE 50
165285,SACHET DE 50
165295,1
165302,CARTON DE 6
165307,CARTON DE 12 PACKS
165329,BOITE
165330,BOITE
165339,CARTON DE 6
165344,CARTON DE 6
165346,CARTON DE 6
165349,CARTON DE 6
165361,PIECE
165368,1
165373,PIECE
165374,PIECE
165377,CARTON DE 6
165378,CARTON DE 1000
165380,CARTON DE 1000
165381,CARTON DE 1000
165383,SACHET DE 50
165384,BOITE
165400,1
165401,CARTON DE 1000
165433,1
165437,PIECE
165438,PIECE
165440,CARTON DE 1000
165445,CARTON DE 6
165454,CARTON DE 1000
165465,CARTON DE 1000
165470,CARTON DE 6
165474,CARTON DE 1000
165477,CARTON DE 6
165480,1
165494,PIECE
165495,PIECE
165503,1
165506,CARTON DE 6
165522,CARTON DE 1000
165537,PIECE
165538,CARTON DE 1000
165540,CARTON DE 1000
165553,CARTON DE 1000
165573,CARTON DE 1000
165574,CARTON DE 6
165576,CARTON DE 1000
165616,PIECE
165630,CARTON DE 6
165631,CARTON DE 1000
165632,CARTON DE 6
165634,CARTON DE 6
165642,CARTON DE 6
165646,CARTON DE 6
165649,CARTON DE 6
165650,CARTON DE 6
165652,CARTON DE 6
165653,CARTON DE 6
165656,CARTON DE 6
165659,CARTON DE 6
165671,CARTON DE 6
165672,CARTON DE 6
165674,CARTON DE 6
165675,CARTON DE 6
165676,CARTON DE 6
165680,CARTON DE 6
165682,CARTON DE 6
165684,CARTON DE 6
165698,1
165699,CARTON DE 6
165709,CARTON DE 1000
165712,CARTON DE 1000
165719,CARTON DE 1000
165725,CARTON DE 1000
165727,CARTON DE 25
165732,1
165733,CARTON DE 1000
165739,CARTON DE 1000
165740,CARTON DE 1000
165750,CARTON DE 1000
165757,CARTON DE 1000
165771,CARTON DE 1000
165772,CARTON DE 6
165778,CARTON DE 6
165780,CARTON DE 25
165785,CARTON DE 6
165816,CARTON DE 1000
165825,CARTON DE 6
165831,CARTON DE 6
165834,CARTON DE 1000
165842,CARTON DE 6
165875,CARTON DE 6
165880,1
165884,CARTON DE 6
165888,CARTON DE 1000
165905,CARTON DE 6
165919,PIECE
165920,PIECE
165921,PIECE
165922,PIECE
165928,CARTON DE 6
165931,CARTON DE 1000
165934,CARTON DE 1000
165935,1
165945,CARTON DE 6
165953,CARTON DE 6
165956,CARTON DE 6
165957,CARTON DE 6
165959,CARTON DE 6
165977,CARTON DE 1000
165998,CARTON DE 6
166005,CARTON DE 1000
166006,CARTON DE 6
166021,PIECE
166022,PIECE
166026,PIECE
166039,CARTON DE 6
166042,PIECE
166043,PIECE
166044,PIECE
166045,PIECE
166046,PIECE
166047,PIECE
166048,PIECE
166049,PIECE
166050,PIECE
166051,PIECE
166052,PIECE
166058,PIECE
166059,PIECE
166060,PIECE
166061,PIECE
166062,PIECE
166063,PIECE
166064,BOITE
166065,BOITE
166066,PIECE
166076,CARTON DE 6
166120,PIECE
166121,PIECE
166122,PIECE
166123,PIECE
166127,CARTON DE 1000
166129,SACHET DE 100
166130,PIECE
166131,PIECE
166132,PIECE
166136,CARTON DE 6
166143,1
166144,SACHET DE 60
166146,CARTON DE 1000
166149,1
166152,CARTON DE 6
166154,CARTON DE 6
166157,CARTON DE 40
166167,CARTON DE 1000
166174,CARTON DE 6
166180,CARTON DE 1000
166186,CARTON DE 1000
166194,CARTON DE 1000
166197,CARTON DE 6
166199,CARTON DE 1000
166239,CARTON DE 6
166245,CARTON DE 6
166248,CARTON DE 6
166255,CARTON DE 1000
166259,CARTON B DE 4
166263,SACHET DE 100
166291,CARTON DE 6
166293,CARTON DE 6
166311,CARTON DE 1000
166345,SACHET DE 100
166348,CARTON DE 6
166349,CARTON DE 6
166370,CARTON DE 1000
166371,CARTON DE 6
166402,CARTON DE 1000
166454,CARTON DE 1000
166461,CARTON DE 6
166476,CARTON DE 1000
166497,CARTON DE 6
166508,1
166516,CARTON DE 6
166542,CARTON DE 1000
166546,1
166548,CARTON DE 6
166550,CARTON DE 30
166551,CARTON DE 6
166559,1
166588,CARTON DE 1000
166606,CARTON DE 1000
166618,SACHET DE 100
166619,BOITE
166620,BOITE
166621,BOITE
166622,BOITE
166623,SACHET DE 10
166624,SACHET DE 10
166625,SACHET DE 100
166626,CARTON DE 6
166650,1
166659,CARTON DE 6
166683,1
166716,CARTON DE 6
166722,1
166723,PIECE
166724,SACHET DE 100
166725,SACHET DE 100
166726,BOITE
166727,BOITE
166728,BOITE
166729,BOITE
166749,CARTON DE 6
166751,CARTON DE 1000
166764,CARTON DE 6
166765,CARTON DE 6
166778,CARTON DE 6
166795,CARTON DE 6
166796,CARTON DE 1000
166800,1
166805,CARTON DE 1000
166826,CARTON DE 12 PACKS
166830,CARTON DE 6
166834,CARTON DE 1000
166835,CARTON DE 6
166840,CARTON DE 6
166844,CARTON DE 6
166850,PIECE
166851,PIECE
166852,PIECE
166853,PIECE
166854,PIECE
166866,CARTON DE 1000
166867,CARTON DE 1000
166873,CARTON DE 6
166874,CARTON DE 1000
166878,PIECE
166879,PIECE
166880,PIECE
166881,PIECE
166882,PIECE
166883,PIECE
166887,CARTON DE 6
166890,CARTON DE 6
166894,CARTON DE 1000
166895,1
166901,FLOWPACK
166902,PIECE
166904,CARTON DE 6
166941,CARTON DE 6
166952,CARTON DE 1000
166955,CARTON DE 6
166963,CARTON DE 1000
166974,CARTON DE 6
166977,CARTON DE 1000
166991,CARTON DE 6
167015,CARTON DE 6
167017,CARTON DE 1000
167034,CARTON DE 1000
167039,CARTON DE 1000
167054,CARTON DE 1000
167056,CARTON DE 500
167062,CARTON DE 1000
167068,CARTON DE 6
167102,CARTON DE 6
167108,CARTON DE 1000
167118,CARTON DE 1000
167120,CARTON DE 6
167125,CARTON DE 1000
167133,CARTON CONTAINER DE 96
167134,CARTON CONTAINER DE 48
167137,CARTON CONTAINER DE 60
167171,CARTON DE 6
167173,CARTON DE 1000
167176,CARTON DE 6
167185,CARTON DE 25
167220,CARTON DE 6
167222,CARTON DE 6
167223,CARTON DE 6
167228,CARTON DE 6
167229,CARTON DE 6
167233,CARTON DE 6
167243,CARTON DE 6
167254,1
167263,CARTON DE 6
167289,CARTON DE 6
167293,CARTON DE 6
167302,CARTON DE 1000
167334,CARTON DE 6
167349,CARTON DE 1000
167350,BOITE
167351,BOITE
167352,BOITE
167353,BOITE
167394,BOITE DE 12
167396,1
167434,CARTON DE 1000
167443,CARTON DE 6
167450,CARTON DE 6
167459,CARTON DE 1000
167473,CARTON DE 6
167477,10
167478,PIECE
167479,PIECE
167480,PIECE
167481,PIECE
167482,PIECE
167483,PIECE
167484,PIECE
167485,PIECE
167486,PIECE
167487,PIECE
167488,PIECE
167489,PIECE
167490,PIECE
167491,PIECE
167492,PIECE
167493,PIECE
167494,PIECE
167495,PIECE
167496,PIECE
167497,PIECE
167498,PIECE
167499,PIECE
167500,PIECE
167501,PIECE
167502,PIECE
167503,PIECE
167504,PIECE
167505,PIECE
167506,PIECE
167507,PIECE
167508,PIECE
167509,PIECE
167510,PIECE
167533,CARTON DE 6
167559,CARTON DE 6
167586,CARTON DE 6
167604,CARTON DE 1000
167618,CARTON DE 1000
167620,CARTON DE 6
167655,PIECE
167664,CARTON DE 6
167671,CARTON DE 6
167687,PIECE
167688,PIECE
167697,CARTON DE 6
167699,CARTON DE 6
167705,CARTON DE 6
167709,CARTON DE 6
167729,CARTON DE 1000
167740,CARTON DE 6
167747,CARTON DE 6
167794,CARTON DE 6
167801,1
167848,CARTON DE 6
167860,CARTON DE 1000
167862,CARTON DE 6
167872,CARTON DE 1000
167874,1
167880,PIECE
167881,PIECE
167882,BOITE
167883,BOITE
167884,BOITE
167885,PIECE
167886,PIECE
167887,PIECE
167888,PIECE
167889,SACHET DE 50
167890,PIECE
167891,PIECE
167892,PIECE
167893,PIECE
167894,PIECE
167895,FLOWPACK
167896,BOITE
167897,CARTON DE 6
167928,CARTON DE 6
167951,CARTON DE 1000
167955,CARTON CONTAINER DE 60
167956,CARTON CONTAINER DE 80
167974,CARTON DE 6
167976,1
167982,CARTON DE 6
167991,CARTON DE 6
168004,PIECE
168013,CARTON DE 6
168014,CARTON DE 1000
168031,CARTON DE 6
168038,CARTON DE 6
168039,CARTON DE 6
168041,1
168042,CARTON DE 6
168053,CARTON DE 6
168069,CARTON DE 6
168076,CARTON DE 6
168095,CARTON DE 1000
168098,1
168100,CARTON DE 6
168101,CARTON DE 6
168108,CARTON DE 24
168110,1
168128,CARTON DE 6
168142,CARTON DE 6
168188,CARTON DE 6
168204,CARTON DE 1000
168208,CARTON DE 24
168212,CARTON DE 6
168223,CARTON DE 6
168226,CARTON B DE 4
168238,CARTON DE 6
168241,CARTON D DE 30
168243,CARTON DE 1000
168245,CARTON ORIGINE DE 4
168248,CARTON ORIGINE DE 12
168252,CARTON ORIGINE DE 4
168263,CARTON DE 6
168279,CARTON DE 6
168284,CARTON DE 6
168313,CARTON DE 30
168321,CARTON DE 6
168336,CARTON A DE 30
168359,CARTON DE 500
168365,1
168402,CARTON DE 6
168403,CARTON DE 6
168406,PIECE
168407,FLOWPACK
168422,CARTON CONTAINER DE 300
168424,CARTON CONTAINER DE 96
168437,1
168446,CARTON DE 6
168451,CARTON DE 6
168457,CARTON DE 1000
168463,CARTON DE 30
168483,CARTON DE 1000
168488,CARTON DE 6
168512,CARTON DE 6
168524,CARTON DE 1000
168525,CARTON DE 6
168526,CARTON DE 6
168536,CARTON DE 6
168540,CARTON DE 6
168543,CARTON DE 6
168549,1
168556,CARTON DE 6
168558,CARTON DE 1000
168570,CARTON DE 1000
168572,CARTON DE 6
168574,CARTON DE 1000
168586,CARTON DE 6
168587,CARTON DE 6
168610,CARTON DE 6
168612,CARTON DE 6
168619,CARTON DE 6
168626,CARTON DE 6
168628,CARTON DE 6
168644,CARTON DE 6
168648,CARTON DE 1000
168652,CARTON DE 1000
168656,CARTON DE 1000
168665,CARTON DE 6
168670,1
168671,CARTON DE 6
168689,CARTON DE 6
168705,CARTON DE 1000
168706,1
168720,PIECE
168723,CARTON DE 6
168736,CARTON DE 6
168738,CARTON DE 6
168739,CARTON DE 6
168744,CARTON DE 6
168763,CARTON DE 1000
168770,CARTON DE 6
168774,1
168779,CARTON DE 6
168781,1
168798,PIECE
168799,PIECE
168800,SACHET DE 50
168801,PIECE
168802,PIECE
168806,1
168810,CARTON DE 1000
168822,PIECE
168823,PIECE
168825,CARTON DE 6
168845,CARTON DE 6
168847,CARTON DE 6
168853,CARTON DE 25
168890,CARTON DE 1000
168930,PIECE
168938,1
168951,CARTON DE 6
168961,CARTON DE 6
168973,CARTON DE 6
168976,BOITE
168977,BOITE
168978,BOITE
168979,BOITE
168980,FLOWPACK
168981,PIECE
168982,PIECE
168983,SACHET DE 10
168984,BOITE DE 25
168985,PIECE
168986,PIECE
168987,SACHET DE 50
168988,SACHET DE 100
168989,PIECE
168990,PIECE
168991,PIECE
168992,PIECE
168993,PIECE
168994,PIECE
168995,PIECE
168996,PIECE
168997,PIECE
168998,PIECE
168999,PIECE
169000,PIECE
169001,PIECE
169002,PIECE
169003,PIECE
169004,PIECE
169005,PIECE
169006,CARTON DE 6
169037,CARTON DE 1000
169058,1
169074,CARTON DE 6
169089,CARTON DE 1000
169096,CARTON DE 1000
169102,1
169128,PIECE
169129,PIECE
169132,1
169135,CARTON DE 6
169140,CARTON DE 6
169170,CARTON DE 6
169185,CARTON DE 6
169187,CARTON DE 30
169189,1
169190,CARTON DE 6
169191,CARTON DE 6
169203,CARTON DE 30
169208,CARTON DE 6
169209,CARTON DE 30
169215,PIECE
169219,1
169232,CARTON DE 6
169233,1
169242,1
169254,1
169273,CARTON DE 6
169304,CARTON DE 25
169314,CARTON DE 500
169325,PIECE
169334,CARTON DE 1000
169346,CARTON DE 24
169350,CARTON DE 1000
169354,1
169355,CARTON DE 6
169357,CARTON DE 1000
169384,SACHET DE 100
169385,SACHET DE 100
169391,CARTON DE 6
169395,CARTON DE 500
169397,CARTON DE 6
169409,1
169413,CARTON DE 6
169420,CARTON DE 25
169422,CARTON DE 6
169437,CARTON DE 6
169447,CARTON DE 6
169454,1
169459,1
169474,1
169475,CARTON DE 6
169479,CARTON DE 1000
169481,CARTON DE 1000
169485,CARTON DE 6
169490,CARTON DE 6
169515,CARTON DE 1000
169518,CARTON DE 6
169528,1
169544,CARTON DE 6
169552,CARTON DE 6
169575,CARTON DE 6
169590,CARTON DE 6
169597,CARTON DE 6
169598,PIECE
169599,PIECE
169600,SACHET DE 50
169601,PIECE
169602,PIECE
169615,1
169671,CARTON DE 6
169677,1
169714,CARTON DE 1000
169716,CARTON DE 6
169720,1
169758,CARTON DE 6
169794,CARTON DE 6
169796,CARTON DE 1000
169801,CARTON DE 1000
169806,PIECE
169809,CARTON DE 1000
169821,CARTON DE 6
169822,CARTON DE 1000
169825,1
169827,CARTON DE 1000
169829,CARTON DE 6
169840,PIECE
169841,PIECE
169842,PIECE
169843,PIECE
169844,PIECE
169845,PIECE
169859,CARTON DE 24
169863,CARTON DE 1000
169871,CARTON A DE 40
169874,CARTON DE 6
169879,CARTON DE 6
169887,CARTON DE 6
169889,CARTON DE 6
169903,1
169907,CARTON DE 6
169914,CARTON DE 6
169922,CARTON DE 1000
169929,CARTON DE 6
169943,CARTON DE 1000
169961,CARTON A DE 9
169985,1
169996,CARTON DE 6
170002,CARTON DE 1000
170003,CARTON DE 24
170009,1
170041,PIECE
170042,PIECE
170043,PIECE
170044,CARTON DE 1000
170068,CARTON DE 6
170074,CARTON DE 6
170094,CARTON DE 1000
170118,CARTON DE 1000
170121,CARTON DE 6
170136,CARTON DE 6
170152,SACHET DE 50
170155,CARTON DE 6
170157,CARTON DE 6
170166,CARTON DE 25
170178,PIECE
170179,PIECE
170181,CARTON DE 20
170182,CARTON DE 20
170192,CARTON DE 1000
170204,CARTON DE 6
170207,CARTON DE 6
170209,CARTON DE 1000
170218,CARTON DE 1000
170219,CARTON DE 6
170256,CARTON DE 1000
170262,CARTON DE 6
170264,1
170270,PIECE
170271,PIECE
170276,1
170278,1
170279,PIECE
170280,PIECE
170281,PIECE
170282,BOITE DE 25
170289,PIECE
170290,PIECE
170291,PIECE
170292,PIECE
170293,BOITE
170298,PIECE
170319,BOITE DE 50
170320,BOITE
170323,1
170324,BOITE DE 25
170325,BOITE
170326,BOITE
170327,PIECE
170328,BOITE
170337,CARTON A DE 40
170339,BOITE
170340,SACHET DE 50
170341,PIECE
170342,SACHET DE 50
170354,CARTON DE 6
170357,CARTON DE 6
170389,CARTON DE 6
170391,CARTON DE 6
170424,1
170430,CARTON DE 6
170445,CARTON DE 1000
170470,CARTON DE 6
170502,CARTON DE 1000
170533,CARTON DE 1000
170535,CARTON DE 6
170559,1
170560,CARTON DE 6
170576,CARTON DE 1000
170590,CARTON DE 6
170604,CARTON DE 6
170618,CARTON DE 1000
170625,CARTON DE 6
170629,CARTON DE 6
170630,CARTON DE 6
170657,CARTON DE 6
170659,CARTON DE 1000
170660,1
170666,CARTON DE 6
170667,CARTON DE 1000
170669,CARTON DE 6
170720,CARTON DE 1000
170733,CARTON DE 6
170761,CARTON DE 1000
170772,CARTON DE 500
170801,CARTON DE 12 PACKS
170807,CARTON DE 6
170830,CARTON DE 6
170839,BOITE
170840,BOITE
170841,BOITE
170842,PIECE
170853,CARTON DE 24
170854,1
170870,CARTON DE 6
170887,CARTON DE 6
170889,CARTON DE 6
170892,CARTON DE 6
170930,CARTON DE 6
170950,CARTON DE 6
170960,CARTON DE 1000
170967,1
170969,CARTON DE 6
170978,CARTON DE 6
170985,CARTON DE 6
170995,BOITE
170996,BOITE
170997,BOITE
171005,CARTON DE 6
171050,1
171052,1
171093,CARTON DE 24
171098,CARTON DE 6
171103,PIECE
171104,PIECE
171105,PIECE
171106,PIECE
171107,PIECE
171112,CARTON DE 6
171115,CARTON DE 6
171118,CARTON DE 6
171126,CARTON DE 6
171147,1
171148,PIECE
171149,PIECE
171150,PIECE
171151,PIECE
171155,CARTON DE 6
171158,CARTON DE 6
171161,CARTON DE 6
171178,CARTON DE 1000
171202,CARTON DE 6
171224,1
171228,CARTON DE 6
171237,CARTON DE 1000
171239,CARTON DE 6
171244,1
171252,CARTON DE 6
171296,1
171300,CARTON DE 24
171306,CARTON DE 6
171310,CARTON DE 6
171317,CARTON DE 6
171323,PIECE
171324,PIECE
171359,CARTON DE 6
171378,CARTON DE 6
171382,CARTON DE 1000
171386,1
171390,CARTON DE 1000
171401,PIECE
171409,CARTON DE 1000
171427,1
171432,CARTON DE 6
171445,CARTON DE 6
171450,CARTON DE 6
171456,CARTON DE 1000
171460,CARTON DE 6
171461,CARTON DE 6
171464,1
171476,CARTON DE 6
171494,1
171495,1
171496,CARTON DE 6
171516,CARTON DE 6
171520,PIECE
171521,PIECE
171533,CARTON B DE 4
171534,CARTON D DE 30
171539,CARTON DE 1000
171550,CARTON DE 1000
171560,PIECE
171588,PIECE
171589,CARTON DE 1000
171600,CARTON DE 6
171604,CARTON DE 6
171610,CARTON DE 1000
171616,PIECE
171617,PIECE
171618,PIECE
171625,CARTON DE 1000
171626,CARTON DE 6
171633,CARTON DE 6
171726,CARTON DE 6
171728,CARTON DE 1000
171735,CARTON DE 1000
171737,1
171811,CARTON DE 6
171812,CARTON DE 6
171816,1
171822,CARTON DE 1000
171832,CARTON DE 1000
171835,CARTON DE 6
171878,CARTON DE 6
171885,CARTON DE 6
171895,CARTON DE 6
171920,CARTON DE 6
171923,1
171936,CARTON DE 6
171937,1
171939,1
171945,CARTON DE 6
171948,CARTON DE 6
171956,CARTON DE 6
171965,PIECE
172008,PIECE
172021,1
172033,CARTON DE 1000
172039,CARTON DE 1000
172054,CARTON DE 6
172066,PIECE
172079,CARTON DE 1000
172082,1
172084,BOITE DE 12
172086,1
172087,CARTON DE 1000
172088,CARTON DE 6
172097,CARTON DE 1000
172098,CARTON DE 1000
172106,CARTON DE 6
172109,1
172112,CARTON DE 6
172114,1
172116,1
172118,PIECE
172126,CARTON DE 6
172128,1
172129,CARTON DE 1000
172134,CARTON DE 6
172135,1
172139,1
172140,CARTON DE 1000
172150,CARTON DE 6
172154,CARTON DE 6
172157,CARTON DE 1000
172169,1
172172,CARTON B DE 4
172183,CARTON DE 6
172185,CARTON DE 6
172201,CARTON DE 6
172209,1
172210,CARTON DE 1000
172211,1
172213,CARTON DE 6
172219,CARTON DE 24
172229,1
172230,CARTON DE 6
172242,CARTON DE 6
172253,CARTON DE 6
172261,CARTON DE 1000
172360,CARTON DE 6
172365,CARTON DE 6
172367,CARTON DE 1000
172369,CARTON DE 6
172370,1
172382,BOITE
172383,BOITE
172384,BOITE
172385,BOITE
172386,BOITE
172387,BOITE
172388,BOITE
172389,BOITE
172390,BOITE
172391,BOITE
172392,BOITE
172393,BOITE
172394,BOITE
172395,BOITE
172396,BOITE
172397,BOITE
172398,CARTON DE 1000
172400,BOITE
172401,BOITE
172402,BOITE
172403,BOITE
172404,BOITE
172405,BOITE
172406,BOITE
172407,BOITE
172410,BOITE
172411,BOITE
172412,BOITE
172413,BOITE
172414,BOITE
172415,BOITE
172416,BOITE
172417,BOITE
172444,1
172450,CARTON DE 6
172456,1
172486,CARTON DE 1000
172501,PIECE
172502,CARTON DE 1000
172518,CARTON DE 1000
172520,1
172534,BOITE
172545,1
172549,CARTON DE 6
172550,CARTON DE 1000
172555,CARTON DE 1000
172556,1
172571,CARTON DE 1000
172580,CARTON DE 6
172582,1
172601,CARTON DE 6
172610,CARTON DE 1000
172621,CARTON DE 1000
172632,1
172633,CARTON DE 6
172636,CARTON DE 6
172639,CARTON DE 6
172643,CARTON DE 6
172656,1
172670,PIECE
172671,PIECE
172674,1
172676,CARTON DE 1000
172684,CARTON DE 6
172697,CARTON DE 6
172699,CARTON DE 1000
172727,CARTON DE 6
172734,CARTON DE 6
172747,CARTON DE 6
172757,CARTON DE 1000
172798,CARTON DE 6
172802,CARTON DE 6
172810,BOITE
172811,BOITE
172819,PIECE
172830,CARTON DE 1000
172832,CARTON DE 6
172837,CARTON DE 6
172840,1
172842,CARTON DE 6
172844,CARTON DE 6
172848,1
172858,1
172884,CARTON DE 6
172893,1
172897,CARTON DE 1000
172910,CARTON DE 6
172917,CARTON DE 6
172923,PIECE
172930,CARTON DE 6
172931,PIECE
172936,PIECE
172938,PIECE
172939,PIECE
172940,PIECE
172941,PIECE
172942,PIECE
172973,PIECE
172974,PIECE
172982,CARTON DE 1000
172988,CARTON DE 1000
172997,1
173000,CARTON DE 1000
173001,1
173023,1
173040,CARTON DE 6
173041,CARTON DE 1000
173044,CARTON DE 1000
173057,CARTON DE 6
173084,PIECE
173085,PIECE
173086,CARTON DE 1000
173088,1
173095,CARTON DE 6
173098,SACHET DE 5
173099,SACHET DE 5
173108,PIECE
173109,PIECE
173124,CARTON DE 6
173133,CARTON DE 12 PACKS
173138,CARTON DE 1000
173163,1
173171,1
173183,BOITE
173184,BOITE
173185,BOITE
173186,BOITE
173188,CARTON DE 1000
173219,CARTON DE 6
173230,CARTON DE 6
173232,CARTON DE 6
173248,1
173270,CARTON DE 6
173290,CARTON DE 1000
173294,CARTON DE 6
173297,1
173300,PIECE
173301,PIECE
173302,PIECE
173303,PIECE
173304,PIECE
173320,CARTON DE 6
173322,CARTON DE 1000
173351,CARTON DE 6
173378,CARTON DE 1000
173388,CARTON DE 1000
173390,CARTON DE 6
173407,CARTON DE 6
173408,CARTON DE 1000
173433,1
173453,CARTON DE 6
173459,1
173482,CARTON DE 20
173484,CARTON DE 20
173504,1
173511,CARTON DE 24
173512,CARTON DE 1000
173518,CARTON DE 6
173523,1
173540,CARTON DE 6
173542,1
173563,CARTON DE 6
173565,CARTON DE 6
173566,CARTON DE 6
173571,CARTON DE 6
173573,CARTON DE 6
173591,CARTON DE 6
173611,CARTON DE 500
173647,PIECE
173648,SACHET DE 50
173662,CARTON DE 1000
173663,CARTON DE 6
173668,1
173674,PIECE
173685,CARTON DE 1000
173691,1
173696,CARTON DE 1000
173707,CARTON DE 6
173709,CARTON DE 6
173712,CARTON DE 6
173726,1
173733,CARTON DE 6
173744,CARTON DE 6
173751,CARTON DE 6
173760,SACHET DE 50
173773,CARTON DE 6
173779,CARTON DE 6
173787,CARTON DE 1000
173799,CARTON DE 6
173805,1
173817,CARTON DE 6
173827,PIECE
173842,CARTON DE 1000
173843,CARTON DE 6
173866,CARTON DE 6
173871,CARTON DE 24
173873,1
173874,CARTON DE 6
173878,SACHET DE 50
173899,CARTON DE 6
173910,CARTON DE 6
173914,CARTON DE 6
173933,CARTON DE 1000
173939,CARTON DE 6
173941,CARTON DE 1000
173942,CARTON DE 6
173956,CARTON DE 1000
173964,1
173965,CARTON DE 6
173972,CARTON DE 6
173978,CARTON DE 1000
174003,CARTON DE 6
174014,CARTON DE 1000
174015,CARTON DE 1000
174021,CARTON DE 6
174027,CARTON DE 6
174029,CARTON DE 6
174034,CARTON DE 6
174049,1
174051,CARTON DE 6
174054,PIECE
174062,CARTON DE 1000
174068,CARTON DE 6
174078,1
174105,CARTON DE 6
174112,CARTON DE 6
174120,CARTON DE 6
174122,CARTON DE 1000
174124,CARTON DE 12 PACKS
174132,1
174139,CARTON DE 25
174164,CARTON DE 1000
174170,CARTON DE 6
174175,CARTON DE 6
174186,CARTON DE 6
174190,CARTON CONTAINER DE 96
174191,CARTON CONTAINER DE 48
174204,CARTON DE 12 PACKS
174207,CARTON DE 6
174221,CARTON DE 1000
174223,1
174244,CARTON DE 6
174248,1
174254,1
174262,1
174271,1
174297,PIECE
174328,SACHET DE 100
174333,CARTON DE 1000
174337,CARTON DE 1000
174341,CARTON DE 1000
174359,CARTON DE 25
174369,CARTON DE 1000
174386,1
174437,CARTON DE 6
174438,CARTON DE 6
174439,CARTON DE 6
174440,CARTON DE 6
174441,CARTON DE 6
174442,CARTON DE 6
174443,CARTON DE 6
174447,CARTON DE 6
174451,CARTON DE 6
174456,CARTON DE 6
174463,CARTON B DE 4
174495,1
174500,CARTON DE 6
174549,CARTON DE 6
174559,CARTON DE 1000
174560,CARTON DE 6
174562,1
174578,CARTON DE 6
174583,CARTON DE 1000
174598,CARTON DE 20
174599,CARTON DE 20
174609,1
174619,CARTON DE 6
174635,1
174638,1
174646,CARTON DE 6
174660,CARTON DE 1000
174662,CARTON DE 1000
174663,CARTON DE 1000
174695,CARTON DE 6
174722,CARTON DE 6
174744,1
174754,PIECE
174764,CARTON DE 6
174767,CARTON DE 1000
174773,CARTON DE 6
174797,PIECE
174798,PIECE
174799,PIECE
174800,PIECE
174801,PIECE
174802,PIECE
174803,PIECE
174804,PIECE
174805,PIECE
174806,PIECE
174807,PIECE
174808,PIECE
174809,PIECE
174810,PIECE
174811,PIECE
174812,PIECE
174813,PIECE
174814,PIECE
174815,PIECE
174816,SACHET DE 100
174817,PIECE
174818,SACHET DE 50
174819,PIECE
174820,PIECE
174821,PIECE
174822,PIECE
174823,PIECE
174824,PIECE
174825,PIECE
174826,PIECE
174827,PIECE
174828,PIECE
174829,PIECE
174830,PIECE
174831,PIECE
174832,SACHET DE 50
174833,SACHET DE 50
174834,PIECE
174835,PIECE
174836,PIECE
174837,PIECE
174838,PIECE
174839,PIECE
174840,PIECE
174851,CARTON DE 1000
174854,CARTON DE 6
174862,1
174865,CARTON DE 1000
174866,CARTON DE 6
174867,1
174868,CARTON DE 6
174869,CARTON DE 1000
174871,CARTON DE 1000
174876,CARTON DE 6
174879,PIECE
174883,CARTON DE 1000
174898,CARTON DE 1000
174924,1
174928,1
174936,CARTON DE 6
174952,CARTON DE 6
174953,CARTON DE 6
174961,CARTON DE 6
174966,1
174968,CARTON DE 6
174972,SACHET DE 100
174973,SACHET DE 100
174978,CARTON DE 1000
174987,1
174989,CARTON DE 1000
174992,BOITE DE 50
174993,BOITE DE 50
174994,BOITE DE 50
174995,BOITE DE 50
174996,BOITE DE 50
175000,1
175006,1
175038,CARTON DE 1000
175058,CARTON DE 6
175066,CARTON DE 6
175082,CARTON DE 6
175085,1
175086,CARTON DE 6
175092,1
175093,CARTON DE 1000
175096,CARTON DE 1000
175112,CARTON DE 6
175113,CARTON DE 6
175114,CARTON DE 6
175138,CARTON DE 1000
175144,CARTON DE 1000
175150,CARTON DE 6
175160,CARTON DE 6
175163,CARTON DE 1000
175174,CARTON DE 6
175189,1
175197,CARTON DE 6
175221,CARTON DE 1000
175244,CARTON DE 1000
175245,CARTON DE 6
175251,1
175252,CARTON DE 1000
175278,CARTON DE 1000
175283,PIECE
175284,PIECE
175285,PIECE
175287,CARTON DE 1000
175290,CARTON DE 6
175313,CARTON DE 6
175340,CARTON DE 6
175347,1
175373,CARTON DE 1000
175374,CARTON DE 6
175383,1
175389,CARTON DE 6
175396,CARTON DE 6
175399,CARTON DE 6
175400,CARTON DE 1000
175401,CARTON DE 6
175411,CARTON DE 6
175415,CARTON DE 6
175427,CARTON DE 1000
175435,1
175444,1
175452,CARTON DE 1000
175453,CARTON DE 1000
175454,CARTON DE 6
175455,CARTON DE 1000
175463,PIECE
175468,CARTON DE 6
175472,CARTON DE 6
175485,CARTON DE 6
175486,CARTON DE 6
175498,1
175501,CARTON DE 24
175533,1
175538,CARTON DE 6
175541,CARTON DE 1000
175553,CARTON DE 24
175567,1
175571,1
175577,CARTON DE 1000
175579,CARTON DE 6
175594,CARTON DE 6
175609,CARTON DE 1000
175610,CARTON DE 6
175625,PIECE
175626,PIECE
175627,PIECE
175628,CARTON DE 1000
175630,CARTON DE 1000
175637,CARTON DE 1000
175642,CARTON DE 1000
175644,1
175649,CARTON DE 6
175651,1
175652,CARTON DE 1000
175653,CARTON DE 1000
175677,1
175680,1
175726,PIECE
175727,PIECE
175728,PIECE
175730,1
175744,CARTON DE 6
175746,CARTON DE 1000
175750,1
175752,CARTON DE 25
175753,CARTON DE 1000
175763,CARTON DE 25
175768,PIECE
175769,PIECE
175770,PIECE
175773,CARTON DE 1000
175791,PIECE
175816,CARTON DE 1000
175820,CARTON DE 6
175827,1
175829,CARTON DE 1000
175838,CARTON DE 6
175842,CARTON DE 6
175858,CARTON DE 6
175866,CARTON DE 6
175876,CARTON DE 6
175891,CARTON DE 1000
175894,CARTON DE 6
175900,CARTON DE 6
175906,CARTON DE 24
175929,PIECE
175961,CARTON DE 25
175965,CARTON DE 6
175973,CARTON DE 6
175974,CARTON DE 6
175981,1
176026,1
176056,CARTON DE 1000
176079,PIECE
176080,PIECE
176089,CARTON DE 6
176091,CARTON DE 6
176095,CARTON DE 6
176104,CARTON DE 1000
176115,CARTON DE 6
176120,CARTON DE 1000
176122,PIECE
176133,1
176173,CARTON DE 1000
176186,1
176206,1
176223,CARTON DE 1000
176224,1
176225,CARTON DE 6
176307,CARTON DE 1000
176316,CARTON DE 25
176323,CARTON DE 1000
176325,CARTON DE 25
176327,CARTON DE 6
176337,CARTON DE 1000
176374,CARTON DE 6
176395,CARTON DE 1000
176396,CARTON DE 6
176424,CARTON DE 1000
176447,CARTON DE 6
176458,CARTON DE 1000
176459,CARTON DE 6
176460,CARTON DE 6
176485,CARTON DE 6
176486,CARTON DE 1000
176487,1
176488,PIECE
176489,CARTON DE 12 PACKS
176492,1
176494,CARTON DE 6
176500,1
176503,CARTON DE 6
176517,CARTON DE 1000
176527,CARTON DE 1000
176530,CARTON DE 1000
176537,CARTON DE 1000
176542,CARTON DE 6
176552,CARTON DE 1000
176580,CARTON DE 1000
176587,CARTON DE 6
176590,1
176593,CARTON DE 6
176599,CARTON DE 6
176605,CARTON DE 24
176616,CARTON DE 6
176618,CARTON DE 6
176631,CARTON DE 6
176643,CARTON DE 1000
176644,CARTON DE 1000
176645,CARTON DE 6
176646,CARTON DE 1000
176661,CARTON DE 1000
176663,CARTON DE 6
176673,CARTON CONTAINER DE 60
176678,1
176685,CARTON DE 6
176688,1
176689,CARTON DE 6
176690,CARTON A DE 40
176695,CARTON DE 6
176697,CARTON DE 1000
176701,1
176702,CARTON DE 1000
176711,CARTON DE 1000
176712,1
176715,CARTON DE 1000
176717,CARTON DE 1000
176718,1
176728,CARTON DE 6
176729,CARTON DE 6
176737,CARTON DE 1000
176747,1
176758,PIECE
176759,CARTON DE 24
176765,1
176766,CARTON DE 6
176771,CARTON DE 1000
176772,CARTON DE 1000
176781,1
176790,CARTON DE 1000
176792,CARTON DE 6
176803,CARTON DE 1000
176822,CARTON DE 12 PACKS
176833,CARTON DE 6
176835,CARTON DE 6
176838,CARTON DE 6
176842,CARTON DE 6
176850,1
176899,CARTON DE 24
176901,CARTON DE 6
176903,CARTON DE 6
176910,CARTON DE 6
176927,1
176952,1
176960,CARTON DE 1000
176961,1
176962,CARTON DE 6
176964,CARTON DE 6
176966,CARTON DE 6
176968,CARTON DE 6
176984,CARTON DE 6
176996,CARTON DE 6
177037,CARTON DE 6
177045,1
177059,1
177067,CARTON B DE 4
177071,CARTON DE 6
177076,CARTON DE 6
177084,CARTON DE 1000
177085,CARTON DE 1000
177086,CARTON DE 6
177119,CARTON DE 1000
177121,CARTON DE 1000
177127,CARTON DE 1000
177128,1
177132,1
177138,1
177139,CARTON DE 1000
177142,CARTON DE 1000
177152,CARTON DE 1000
177158,CARTON DE 6
177159,CARTON DE 6
177163,1
177164,1
177166,CARTON DE 1000
177168,PIECE
177182,1
177186,CARTON DE 1000
177198,CARTON DE 1000
177203,1
177210,CARTON DE 6
177219,CARTON DE 6
177222,CARTON DE 1000
177223,CARTON DE 1000
177232,CARTON DE 1000
177235,CARTON DE 6
177242,CARTON DE 1000
177259,CARTON DE 6
177260,CARTON DE 1000
177265,CARTON DE 6
177269,CARTON DE 6
177270,CARTON DE 6
177283,CARTON DE 6
177289,CARTON DE 1000
177309,1
177317,CARTON DE 6
177323,CARTON DE 6
177327,CARTON DE 6
177339,CARTON DE 6
177344,CARTON DE 1000
177348,1
177351,CARTON DE 1000
177368,CARTON DE 6
177392,CARTON DE 6
177397,1
177404,1
177413,1
177414,CARTON DE 1000
177438,CARTON DE 1000
177454,CARTON DE 1000
177464,CARTON DE 6
177482,1
177487,CARTON DE 6
177489,CARTON DE 1000
177493,CARTON DE 6
177495,1
177502,CARTON DE 6
177506,CARTON DE 1000
177525,CARTON DE 6
177527,CARTON DE 1000
177557,1
177571,CARTON DE 1000
177573,CARTON DE 6
177585,CARTON DE 1000
177593,CARTON DE 6
177597,CARTON DE 6
177603,CARTON DE 1000
177605,CARTON DE 6
177618,CARTON DE 6
177625,1
177636,CARTON DE 6
177654,CARTON DE 6
177659,CARTON DE 1000
177673,CARTON DE 1000
177683,1
177687,1
177689,CARTON DE 1000
177692,CARTON DE 1000
177698,CARTON DE 6
177700,1
177702,CARTON DE 6
177704,CARTON DE 1000
177705,1
177757,CARTON DE 1000
177765,1
177769,CARTON DE 1000
177770,CARTON DE 1000
177792,CARTON DE 1000
177828,CARTON DE 6
177846,CARTON DE 1000
177863,CARTON DE 6
177866,CARTON DE 1000
177881,CARTON CONTAINER DE 60
177882,CARTON CONTAINER DE 60
177898,CARTON DE 6
177899,CARTON DE 6
177902,1
177938,CARTON DE 6
177943,BOITE DE 50
177944,BOITE DE 50
177945,BOITE DE 50
177946,BOITE DE 50
177947,BOITE DE 25
177948,PIECE
177949,PIECE
177950,CARTON DE 1000
177952,CARTON DE 6
177956,1
177965,1
177967,1
177999,CARTON DE 1000
178007,CARTON DE 1000
178025,1
178037,1
178042,CARTON DE 6
178045,CARTON DE 1000
178046,CARTON DE 6
178084,CARTON DE 6
178091,SACHET DE 100
178092,FLOWPACK
178093,CARTON DE 6
178099,1
178111,CARTON DE 1000
178131,1
178132,1
178140,CARTON DE 1000
178168,CARTON DE 1000
178177,1
178184,CARTON DE 6
178192,CARTON DE 6
178201,1
178204,CARTON DE 6
178210,CARTON DE 1000
178220,1
178223,CARTON DE 6
178233,CARTON DE 6
178244,CARTON DE 6
178251,1
178268,CARTON B DE 4
178270,CARTON ORIGINE DE 12
178277,PIECE
178278,PIECE
178297,CARTON DE 25
178328,1
178332,CARTON DE 1000
178340,CARTON DE 20
178343,1
178354,CARTON DE 6
178355,CARTON DE 1000
178361,CARTON DE 1000
178377,1
178384,CARTON DE 6
178397,CARTON DE 1000
178399,CARTON DE 6
178400,PIECE
178401,PIECE
178425,1
178427,PIECE
178455,CARTON DE 6
178469,CARTON DE 6
178470,CARTON DE 6
178492,PIECE
178497,CARTON DE 6
178506,CARTON DE 6
178508,CARTON DE 6
178531,1
178537,CARTON DE 6
178539,CARTON DE 6
178551,1
178555,CARTON DE 6
178559,PIECE
178560,PIECE
178561,PIECE
178562,PIECE
178563,PIECE
178564,PIECE
178565,PIECE
178566,PIECE
178568,PIECE
178569,PIECE
178570,PIECE
178571,PIECE
178584,PIECE
178585,PIECE
178586,PIECE
178587,PIECE
178588,PIECE
178589,PIECE
178590,PIECE
178591,PIECE
178592,PIECE
178593,PIECE
178594,PIECE
178604,CARTON DE 6
178606,CARTON DE 1000
178613,CARTON DE 6
178615,CARTON DE 24
178616,1
178619,1
178620,CARTON DE 1000
178625,CARTON DE 6
178628,CARTON DE 1000
178633,1
178634,CARTON DE 1000
178636,CARTON DE 6
178641,CARTON DE 6
178646,CARTON DE 6
178663,CARTON DE 1000
178664,CARTON DE 1000
178678,CARTON DE 6
178682,CARTON DE 6
178687,1
178693,CARTON DE 6
178699,CARTON DE 1000
178708,CARTON DE 1000
178709,1
178710,1
178752,1
178759,CARTON DE 6
178776,CARTON DE 1000
178819,CARTON DE 6
178832,CARTON DE 6
178840,CARTON DE 6
178847,1
178851,CARTON DE 1000
178853,PIECE
178869,CARTON DE 1000
178876,CARTON DE 1000
178878,CARTON DE 25
178887,CARTON DE 1000
178900,CARTON DE 6
178903,1
178925,CARTON DE 1000
178928,1
178941,CARTON DE 1000
178948,CARTON DE 6
178949,CARTON DE 6
178954,1
178955,CARTON DE 1000
178962,CARTON DE 1000
178964,1
178984,CARTON DE 6
179001,1
179023,CARTON DE 6
179029,1
179038,CARTON DE 500
179060,CARTON DE 6
179062,CARTON DE 6
179085,1
179088,CARTON DE 1000
179089,CARTON DE 1000
179090,1
179098,PIECE
179099,PIECE
179100,PIECE
179101,PIECE
179102,PIECE
179103,PIECE
179104,PIECE
179106,PIECE
179107,PIECE
179108,PIECE
179109,PIECE
179110,PIECE
179111,PIECE
179112,PIECE
179113,PIECE
179122,CARTON DE 24
179130,CARTON DE 6
179132,CARTON DE 1000
179134,CARTON DE 6
179139,CARTON DE 6
179157,PIECE
179164,CARTON DE 6
179172,CARTON DE 1000
179177,CARTON DE 6
179181,CARTON DE 1000
179196,CARTON DE 6
179212,1
179241,PIECE
179242,PIECE
179243,PIECE
179244,PIECE
179245,CARTON DE 6
179251,CARTON DE 6
179267,PIECE
179269,CARTON DE 6
179279,PIECE
179280,PIECE
179281,PIECE
179282,PIECE
179283,PIECE
179284,BOITE
179285,BOITE
179286,BOITE
179287,BOITE
179288,BOITE
179289,SACHET DE 50
179294,CARTON DE 1000
179307,1
179308,CARTON DE 1000
179312,PIECE
179315,CARTON DE 1000
179331,CARTON DE 1000
179334,CARTON DE 6
179345,CARTON DE 1000
179351,CARTON DE 6
179356,CARTON DE 6
179377,CARTON DE 1000
179378,1
179382,CARTON DE 6
179403,CARTON DE 6
179425,CARTON DE 1000
179426,CARTON DE 6
179434,1
179435,1
179439,PIECE
179440,PIECE
179441,PIECE
179442,CARTON DE 1000
179447,CARTON DE 1000
179455,1
179457,PIECE
179459,PIECE
179460,PIECE
179461,PIECE
179464,CARTON DE 6
179465,CARTON DE 1000
179480,CARTON DE 6
179485,1
179491,CARTON DE 6
179492,CARTON DE 1000
179530,CARTON DE 1000
179534,CARTON DE 6
179536,1
179539,1
179553,CARTON DE 6
179562,CARTON DE 6
179571,CARTON DE 1000
179572,CARTON DE 6
179574,1
179579,CARTON DE 1000
179585,CARTON DE 1000
179586,CARTON DE 6
179592,BOITE
179593,BOITE
179594,BOITE
179642,CARTON DE 1000
179658,CARTON DE 1000
179673,1
179676,CARTON DE 1000
179678,1
179707,CARTON DE 6
179711,CARTON DE 1000
179713,CARTON DE 25
179717,PIECE
179718,PIECE
179719,CARTON DE 1000
179753,CARTON DE 6
179771,CARTON DE 6
179775,1
179777,CARTON DE 6
179786,1
179787,CARTON DE 6
179788,CARTON DE 1000
179797,CARTON DE 1000
179799,CARTON DE 6
179802,CARTON DE 6
179806,CARTON DE 6
179813,CARTON DE 6
179816,CARTON DE 1000
179818,CARTON DE 6
179821,CARTON CONTAINER DE 96
179825,CARTON DE 6
179832,CARTON DE 6
179841,CARTON DE 6
179847,CARTON DE 6
179851,CARTON B DE 4
179861,CARTON DE 1000
179876,CARTON DE 6
179882,CARTON DE 6
179891,CARTON DE 6
179897,1
179908,CARTON DE 6
179910,CARTON DE 6
179941,CARTON DE 1000
179943,CARTON DE 6
179944,PIECE
179945,PIECE
179946,PIECE
179958,CARTON A DE 40
179996,CARTON DE 1000
179997,1
180027,CARTON DE 6
180050,CARTON DE 6
180057,CARTON CONTAINER DE 80
180058,CARTON DE 1000
180060,1
180069,CARTON DE 1000
180084,CARTON DE 6
180090,CARTON DE 1000
180103,1
180110,CARTON DE 1000
180193,1
180194,1
180203,CARTON DE 6
180216,CARTON DE 1000
180234,CARTON DE 6
180243,CARTON DE 6
180257,CARTON DE 1000
180268,CARTON DE 6
180270,CARTON DE 6
180277,CARTON DE 1000
180293,CARTON DE 6
180299,1
180337,CARTON DE 1000
180354,CARTON DE 1000
180356,CARTON DE 1000
180366,1
180367,PIECE
180369,CARTON CONTAINER DE 300
180371,CARTON CONTAINER DE 48
180379,CARTON CONTAINER DE 60
180380,CARTON CONTAINER DE 60
180381,CARTON CONTAINER DE 60
180387,1
180411,CARTON DE 1000
180431,CARTON ORIGINE DE 12
180447,CARTON DE 6
180450,1
180486,1
180504,CARTON DE 6
180512,CARTON DE 1000
180521,CARTON DE 6
180522,CARTON DE 6
180532,CARTON DE 24
180538,BOITE DE 12
180540,1
180564,CARTON DE 1000
180567,CARTON DE 1000
180582,1
180590,CARTON DE 1000
180591,CARTON DE 6
180602,CARTON DE 6
180633,CARTON DE 6
180642,1
180666,CARTON DE 6
180686,CARTON DE 6
180697,CARTON DE 6
180711,1
180712,CARTON DE 1000
180728,1
180749,CARTON DE 1000
180755,CARTON DE 6
180756,CARTON DE 6
180759,CARTON DE 6
180766,CARTON DE 6
180767,CARTON DE 1000
180778,CARTON DE 6
180793,PIECE
180794,PIECE
180809,CARTON DE 1000
180831,CARTON DE 1000
180837,CARTON DE 1000
180838,CARTON DE 1000
180839,CARTON DE 1000
180840,CARTON DE 1000
180851,PIECE
180852,SACHET DE 20
180853,SACHET DE 20
180869,CARTON DE 1000
180871,CARTON DE 6
180874,1
180877,1
180884,CARTON DE 6
180887,1
180891,CARTON DE 6
180896,CARTON DE 6
180899,CARTON DE 1000
180901,CARTON DE 6
180903,CARTON DE 1000
180904,1
180906,CARTON DE 6
180907,1
180938,PIECE
180945,CARTON DE 6
180946,CARTON DE 1000
180958,CARTON DE 6
180961,CARTON DE 1000
180962,1
180970,CARTON DE 6
180971,CARTON DE 6
180972,CARTON DE 1000
180973,1
180983,CARTON DE 6
180991,CARTON DE 6
180996,CARTON DE 6
181000,CARTON DE 6
181004,1
181018,CARTON DE 6
181028,CARTON DE 1000
181031,CARTON DE 6
181032,BOITE DE 50
181036,CARTON DE 24
181037,CARTON DE 6
181043,CARTON DE 20
181044,CARTON DE 20
181048,CARTON DE 6
181053,CARTON DE 6
181055,CARTON DE 6
181056,CARTON DE 6
181080,CARTON DE 6
181089,PIECE
181090,PIECE
181091,1
181103,PIECE
181108,CARTON DE 1000
181124,CARTON DE 25
181142,PIECE
181150,CARTON DE 1000
181158,CARTON DE 6
181165,CARTON DE 6
181166,CARTON DE 1000
181168,CARTON DE 1000
181170,CARTON DE 1000
181173,PIECE
181174,PIECE
181175,PIECE
181176,PIECE
181177,SACHET DE 25
181179,BOITE DE 50
181180,BOITE DE 50
181181,BOITE DE 40
181183,PIECE
181184,PIECE
181185,SACHET DE 50
181186,PIECE
181187,PIECE
181188,PIECE
181201,CARTON DE 6
181205,1
181208,1
181209,CARTON DE 1000
181237,CARTON DE 6
181246,CARTON DE 500
181252,CARTON DE 6
181255,CARTON DE 1000
181263,CARTON DE 6
181268,CARTON DE 1000
181269,CARTON DE 1000
181270,1
181274,1
181282,CARTON DE 6
181292,CARTON DE 6
181296,1
181309,CARTON DE 6
181327,1
181339,1
181340,CARTON DE 6
181343,CARTON DE 1000
181348,CARTON DE 6
181351,CARTON DE 40
181374,CARTON A DE 30
181389,CARTON DE 1000
181393,CARTON DE 6
181404,CARTON DE 6
181409,PIECE
181419,1
181420,CARTON DE 1000
181421,CARTON DE 6
181429,CARTON DE 1000
181430,CARTON DE 6
181432,CARTON DE 6
181435,1
181441,CARTON DE 6
181455,CARTON DE 1000
181462,1
181480,CARTON DE 1000
181516,CARTON DE 1000
181524,CARTON DE 1000
181528,CARTON DE 1000
181543,CARTON DE 1000
181562,CARTON DE 6
181563,CARTON DE 6
181570,CARTON DE 1000
181571,1
181577,PIECE
181578,PIECE
181579,PIECE
181580,PIECE
181581,PIECE
181582,PIECE
181583,PIECE
181584,PIECE
181601,CARTON DE 12 PACKS
181603,1
181605,PIECE
181606,PIECE
181607,1
181618,CARTON DE 6
181638,CARTON DE 1000
181658,1
181664,CARTON DE 1000
181675,BOITE DE 50
181683,CARTON DE 6
181687,CARTON DE 6
181705,CARTON DE 1000
181712,CARTON DE 6
181729,1
181752,CARTON DE 6
181755,1
181756,CARTON DE 6
181759,1
181762,1
181764,1
181766,CARTON DE 6
181785,CARTON DE 1000
181793,1
181809,CARTON DE 1000
181810,PIECE
181811,PIECE
181812,PIECE
181813,PIECE
181814,PIECE
181815,PIECE
181831,CARTON DE 6
181846,CARTON DE 6
181880,CARTON DE 6
181904,CARTON DE 6
181919,CARTON DE 6
181920,CARTON DE 6
181936,CARTON DE 6
181942,CARTON DE 6
181952,CARTON DE 6
181971,CARTON DE 6
181972,CARTON DE 1000
181979,CARTON DE 1000
181983,CARTON DE 1000
181986,BOITE DE 12
182002,PIECE
182003,PIECE
182004,PIECE
182005,PIECE
182006,PIECE
182007,PIECE
182008,PIECE
182009,PIECE
182010,PIECE
182011,PIECE
182014,CARTON DE 6
182019,CARTON DE 6
182055,CARTON DE 6
182056,CARTON DE 1000
182057,CARTON DE 6
182069,PIECE
182072,1
182076,CARTON DE 6
182085,CARTON DE 1000
182087,1
182089,CARTON DE 6
182140,CARTON DE 6
182146,CARTON DE 6
182159,CARTON DE 6
182166,CARTON DE 12 PACKS
182169,1
182188,CARTON DE 1000
182190,CARTON DE 6
182192,1
182201,CARTON DE 1000
182208,CARTON DE 6
182209,CARTON DE 6
182211,CARTON DE 1000
182212,PIECE
182213,PIECE
182214,PIECE
182215,PIECE
182240,CARTON DE 6
182253,BOITE
182254,BOITE
182255,BOITE
182256,BOITE
182257,PIECE
182282,BOITE DE 100
182298,1
182301,CARTON DE 6
182303,CARTON DE 1000
182321,CARTON DE 6
182325,CARTON DE 6
182336,CARTON DE 6
182337,CARTON DE 1000
182340,CARTON DE 1000
182358,CARTON DE 1000
182359,1
182361,PIECE
182363,CARTON DE 6
182367,CARTON DE 6
182368,CARTON DE 1000
182410,CARTON DE 25
182411,CARTON DE 24
182420,CARTON DE 1000
182422,CARTON DE 25
182446,CARTON DE 6
182449,1
182470,CARTON DE 6
182476,CARTON DE 6
182489,CARTON DE 1000
182490,1
182499,CARTON DE 1000
182506,PIECE
182534,1
182540,CARTON DE 6
182546,1
182547,CARTON DE 1000
182549,1
182621,CARTON DE 1000
182634,CARTON DE 12 PACKS
182640,CARTON DE 6
182642,CARTON A DE 50
182646,CARTON DE 6
182660,CARTON DE 1000
182665,CARTON DE 1000
182681,CARTON DE 1000
182689,CARTON DE 1000
182701,1
182711,CARTON DE 6
182719,CARTON DE 6
182724,1
182726,CARTON DE 1000
182732,CARTON DE 1000
182740,CARTON DE 1000
182757,CARTON DE 6
182759,CARTON DE 6
182765,BOITE DE 25
182770,CARTON DE 25
182783,1
182796,CARTON DE 1000
182830,CARTON DE 6
182832,CARTON DE 1000
182843,CARTON DE 1000
182848,CARTON DE 1000
182850,1
182871,CARTON DE 500
182884,CARTON DE 6
182885,CARTON DE 1000
182901,CARTON DE 6
182912,CARTON DE 1000
182915,CARTON DE 1000
182920,CARTON DE 6
182930,CARTON DE 1000
182943,CARTON DE 1000
182964,PIECE
182965,PIECE
182966,PIECE
182967,PIECE
182968,PIECE
182969,PIECE
182970,PIECE
182980,1
182983,1
182994,1
183007,1
183012,CARTON DE 1000
183014,1
183038,SACHET DE 22
183061,CARTON DE 20
183062,CARTON DE 20
183064,1
183067,CARTON DE 6
183071,CARTON DE 6
183095,1
183117,1
183120,CARTON DE 6
183123,CARTON DE 6
183125,CARTON A DE 50
183140,CARTON DE 1000
183141,CARTON DE 1000
183144,CARTON ORIGINE DE 12
183152,CARTON DE 1000
183216,CARTON DE 1000
183228,CARTON DE 24
183242,CARTON DE 6
183251,CARTON DE 1000
183252,CARTON DE 6
183270,CARTON DE 1000
183275,CARTON DE 6
183278,CARTON DE 1000
183283,1
183284,CARTON DE 1000
183286,CARTON DE 6
183312,PIECE
183313,PIECE
183314,PIECE
183315,PIECE
183316,PIECE
183317,PIECE
183337,1
183339,CARTON DE 6
183340,CARTON DE 6
183343,CARTON DE 6
183350,CARTON DE 6
183351,CARTON DE 1000
183361,CARTON DE 1000
183367,1
183388,CARTON DE 6
183395,PIECE
183399,CARTON DE 6
183411,CARTON DE 6
183419,CARTON DE 6
183422,CARTON DE 1000
183429,PIECE
183435,CARTON DE 6
183443,CARTON DE 1000
183445,CARTON DE 1000
183459,CARTON DE 6
183465,CARTON DE 1000
183468,CARTON DE 6
183471,CARTON DE 6
183482,CARTON DE 1000
183484,SACHET DE 50
183485,PIECE
183487,1
183488,CARTON DE 1000
183501,SACHET DE 50
183512,CARTON DE 6
183523,CARTON DE 6
183574,CARTON DE 1000
183588,CARTON DE 1000
183589,CARTON DE 1000
183593,CARTON DE 6
183599,1
183607,CARTON A DE 40
183619,CARTON DE 6
183627,CARTON DE 1000
183648,BOITE DE 100
183672,CARTON DE 6
183674,CARTON DE 6
183685,CARTON DE 6
183693,CARTON DE 6
183696,1
183698,CARTON DE 6
183713,CARTON DE 6
183720,CARTON DE 1000
183723,1
183724,CARTON DE 6
183741,1
183755,CARTON DE 1000
183769,CARTON DE 12 PACKS
183770,PIECE
183778,CARTON DE 1000
183782,CARTON DE 6
183788,BOITE
183795,1
183806,CARTON DE 6
183809,CARTON DE 6
183817,CARTON DE 1000
183827,CARTON DE 1000
183831,1
183834,1
183843,CARTON DE 6
183847,CARTON DE 6
183853,CARTON DE 1000
183866,BOITE DE 50
183867,BOITE DE 40
183868,BOITE DE 25
183869,BOITE DE 50
183870,BOITE DE 50
183871,BOITE DE 50
183872,BOITE DE 30
183876,CARTON DE 1000
183878,PIECE
183883,CARTON DE 6
183884,SACHET DE 50
183885,50
183889,SACHET DE 50
183890,50
183892,SACHET DE 50
183893,50
183899,1
183902,CARTON DE 1000
183906,CARTON DE 1000
183907,CARTON DE 6
183928,CARTON CONTAINER DE 60
183930,PIECE
183936,BOITE DE 100
183941,CARTON DE 1000
183952,CARTON DE 1000
183953,1
183957,PIECE
183958,PIECE
183959,PIECE
183960,PIECE
183961,PIECE
183962,PIECE
183963,PIECE
183964,PIECE
183965,PIECE
183966,PIECE
183973,CARTON DE 6
183980,CARTON DE 6
183991,CARTON DE 6
184004,PIECE
184008,BOITE DE 300
184013,1
184014,CARTON DE 1000
184034,CARTON DE 6
184046,CARTON DE 6
184049,CARTON DE 6
184058,CARTON DE 1000
184067,CARTON DE 6
184068,CARTON DE 1000
184076,CARTON DE 1000
184086,1
184113,CARTON DE 6
184119,PIECE
184120,PIECE
184121,PIECE
184122,SACHET DE 25
184123,PIECE
184124,PIECE
184125,PIECE
184127,CARTON DE 1000
184133,SACHET DE 25
184134,SACHET DE 25
184135,PIECE
184136,CARTON DE 6
184138,PIECE
184142,CARTON DE 1000
184146,PIECE
184147,PIECE
184150,CARTON DE 1000
184153,CARTON DE 1000
184165,CARTON DE 6
184174,BOITE DE 100
184184,CARTON DE 6
184190,CARTON DE 1000
184201,PIECE
184204,CARTON DE 6
184210,CARTON DE 6
184212,CARTON DE 6
184213,CARTON DE 6
184215,PIECE
184216,SACHET DE 20
184217,SACHET DE 20
184218,SACHET DE 20
184219,PIECE
184220,SACHET DE 10
184221,PIECE
184222,PIECE
184223,PIECE
184224,SACHET DE 20
184225,SACHET DE 20
184226,PIECE
184227,CARTON DE 24
184245,CARTON DE 6
184261,CARTON DE 1000
184265,1
184266,CARTON DE 6
184267,CARTON DE 6
184287,CARTON DE 6
184289,CARTON DE 1000
184295,CARTON DE 1000
184296,CARTON DE 6
184306,PIECE
184307,PIECE
184308,PIECE
184319,CARTON DE 6
184347,CARTON DE 6
184348,CARTON DE 1000
184349,CARTON DE 6
184350,1
184377,CARTON DE 1000
184383,CARTON DE 1000
184395,CARTON DE 6
184406,CARTON DE 1000
184424,CARTON DE 6
184441,CARTON DE 12 PACKS
184444,CARTON DE 6
184448,CARTON DE 1000
184479,CARTON DE 6
184490,1
184510,1
184513,CARTON DE 6
184514,CARTON DE 1000
184515,CARTON DE 1000
184524,CARTON DE 20
184525,CARTON DE 20
184528,PIECE
184529,PIECE
184532,CARTON DE 1000
184543,1
184574,CARTON DE 1000
184585,SACHET DE 32
184586,PIECE
184587,PIECE
184603,CARTON DE 6
184623,1
184624,CARTON DE 6
184633,BOITE DE 40
184634,CARTON DE 1000
184650,CARTON DE 1000
184686,CARTON DE 12 PACKS
184687,CARTON DE 1000
184689,CARTON ORIGINE DE 12
184690,CARTON D DE 30
184691,CARTON ORIGINE DE 4
184692,CARTON DE 1000
184693,PIECE
184699,CARTON DE 1000
184701,CARTON DE 25
184716,CARTON DE 6
184745,CARTON DE 1000
184761,1
184767,CARTON DE 1000
184775,CARTON DE 6
184776,CARTON DE 1000
184780,CARTON DE 6
184805,CARTON DE 1000
184809,CARTON CONTAINER DE 96
184812,CARTON D DE 30
184820,CARTON DE 6
184825,CARTON DE 6
184836,CARTON DE 6
184843,CARTON DE 1000
184844,CARTON DE 1000
184856,CARTON DE 1000
184864,CARTON DE 1000
184869,CARTON DE 1000
184878,CARTON DE 6
184882,CARTON DE 6
184891,1
184908,CARTON DE 1000
184924,1
184942,1
184998,PIECE
185005,CARTON DE 1000
185016,CARTON DE 1000
185032,BOITE DE 50
185033,BOITE DE 40
185054,CARTON DE 1000
185070,CARTON DE 1000
185072,CARTON DE 6
185075,CARTON DE 6
185076,CARTON DE 6
185078,CARTON DE 1000
185082,1
185083,1
185087,CARTON DE 6
185092,CARTON DE 1000
185104,1
185107,CARTON DE 6
185115,CARTON DE 1000
185118,CARTON DE 25
185130,CARTON DE 1000
185132,CARTON DE 6
185148,CARTON DE 6
185173,CARTON DE 1000
185181,CARTON DE 6
185190,CARTON DE 6
185231,CARTON DE 6
185235,CARTON DE 1000
185240,SACHET DE 100
185241,SACHET DE 20
185245,PIECE
185249,1
185276,CARTON DE 6
185277,CARTON DE 1000
185284,CARTON DE 6
185288,CARTON DE 1000
185289,1
185296,CARTON DE 6
185302,CARTON DE 1000
185304,CARTON DE 1000
185318,CARTON DE 1000
185319,CARTON DE 1000
185352,CARTON DE 6
185365,CARTON DE 6
185366,CARTON DE 1000
185369,1
185374,1
185379,CARTON DE 1000
185385,PIECE
185388,CARTON DE 1000
185389,1
185393,1
185399,CARTON DE 6
185400,SACHET DE 40
185401,CARTON DE 6
185421,CARTON DE 6
185434,CARTON DE 500
185441,BOITE
185448,CARTON DE 6
185474,CARTON DE 1000
185475,1
185486,1
185491,CARTON DE 6
185495,CARTON DE 1000
185499,CARTON DE 6
185506,CARTON DE 1000
185507,CARTON DE 1000
185529,CARTON DE 1000
185534,CARTON DE 6
185561,CARTON DE 6
185562,CARTON DE 6
185574,CARTON DE 6
185590,CARTON DE 1000
185591,CARTON DE 1000
185593,CARTON DE 6
185614,CARTON DE 6
185642,CARTON DE 6
185643,CARTON DE 6
185665,CARTON DE 6
185672,CARTON DE 6
185693,1
185705,CARTON DE 6
185721,CARTON DE 6
185732,CARTON DE 6
185749,CARTON DE 1000
185754,1
185756,1
185757,1
185758,1
185775,1
185789,CARTON DE 6
185804,1
185813,1
185818,CARTON DE 1000
185822,CARTON DE 6
185828,1
185829,CARTON DE 6
185833,CARTON DE 1000
185837,CARTON DE 1000
185839,PIECE
185840,PIECE
185847,CARTON DE 6
185851,CARTON DE 1000
185866,1
185873,1
185881,CARTON DE 1000
185883,CARTON DE 1000
185938,CARTON DE 24
185953,CARTON DE 6
185956,CARTON DE 1000
185958,CARTON DE 6
185965,CARTON DE 1000
185968,1
185976,1
185983,1
186006,1
186013,CARTON DE 1000
186015,CARTON DE 6
186018,1
186019,CARTON DE 6
186029,CARTON DE 6
186036,CARTON DE 6
186051,1
186062,1
186091,CARTON DE 25
186095,CARTON DE 6
186096,CARTON DE 1000
186097,CARTON DE 1000
186098,PIECE
186099,PIECE
186100,PIECE
186101,PIECE
186102,PIECE
186107,CARTON DE 6
186118,1
186119,CARTON DE 6
186120,CARTON DE 6
186125,BOITE
186126,PIECE
186127,PIECE
186132,CARTON DE 6
186137,CARTON ORIGINE DE 4
186138,CARTON ORIGINE DE 4
186139,CARTON B DE 4
186166,CARTON DE 6
186167,CARTON DE 6
186170,BOITE DE 100
186189,CARTON DE 6
186199,1
186205,CARTON DE 1000
186215,CARTON DE 6
186224,CARTON DE 1000
186234,PIECE
186250,CARTON DE 6
186260,CARTON DE 6
186273,1
186295,PIECE
186316,PIECE
186317,PIECE
186318,PIECE
186319,PIECE
186327,CARTON DE 1000
186350,CARTON DE 6
186355,CARTON DE 6
186357,1
186360,BOITE DE 100
186361,CARTON DE 6
186370,1
186378,1
186383,CARTON DE 1000
186384,CARTON DE 6
186419,CARTON DE 6
186434,CARTON DE 1000
186435,1
186437,CARTON DE 40
186441,PIECE
186442,PIECE
186443,PIECE
186444,PIECE
186445,CARTON DE 1000
186456,CARTON DE 6
186458,CARTON DE 6
186464,1
186472,CARTON DE 1000
186487,CARTON DE 6
186489,CARTON DE 1000
186494,1
186504,1
186508,BOITE
186509,BOITE
186510,BOITE
186511,SACHET
186512,BOITE
186513,BOITE
186514,BOITE
186519,CARTON ORIGINE DE 12
186543,CARTON DE 6
186546,CARTON DE 1000
186555,CARTON DE 6
186559,1
186562,1
186566,1
186569,1
186594,CARTON DE 25
186599,SACHET DE 50
186600,SACHET DE 50
186601,PIECE
186602,PIECE
186603,PIECE
186606,CARTON DE 1000
186609,1
186623,CARTON DE 6
186635,BOITE
186636,BOITE
186637,BOITE DE 50
186638,BOITE DE 50
186639,CARTON DE 1000
186649,CARTON DE 6
186674,CARTON DE 1000
186690,CARTON DE 1000
186708,CARTON DE 1000
186709,CARTON D DE 30
186720,CARTON DE 1000
186728,CARTON CONTAINER DE 96
186732,CARTON DE 6
186734,CARTON DE 6
186739,CARTON DE 1000
186768,CARTON DE 1000
186775,CARTON DE 1000
186776,1
186777,CARTON DE 6
186788,CARTON DE 6
186792,CARTON DE 1000
186795,BOITE DE 100
186834,CARTON DE 6
186843,CARTON A DE 40
186858,CARTON DE 6
186869,CARTON DE 1000
186870,1
186875,1
186879,CARTON DE 6
186882,1
186888,BOITE DE 100
186903,CARTON DE 6
186912,CARTON DE 1000
186917,CARTON DE 1000
186920,CARTON DE 6
186922,CARTON DE 6
186930,CARTON DE 6
186938,CARTON DE 1000
186941,CARTON DE 1000
186954,CARTON DE 1000
186955,CARTON DE 6
186957,1
186965,CARTON DE 6
186984,CARTON DE 6
186998,1
187003,1
187004,CARTON DE 6
187008,CARTON DE 1000
187012,CARTON DE 6
187015,CARTON DE 1000
187032,CARTON DE 25
187037,CARTON DE 6
187055,CARTON DE 6
187067,CARTON DE 1000
187068,CARTON DE 1000
187071,CARTON DE 6
187080,CARTON DE 6
187086,CARTON DE 1000
187088,CARTON DE 6
187116,1
187120,1
187128,CARTON DE 6
187131,CARTON DE 6
187132,CARTON DE 6
187137,1
187172,CARTON DE 1000
187173,CARTON DE 1000
187174,1
187176,CARTON DE 6
187178,PIECE
187179,CARTON DE 1000
187191,CARTON DE 6
187206,1
187208,1
187237,CARTON DE 1000
187260,1
187263,1
187264,CARTON DE 1000
187266,CARTON DE 6
187267,1
187271,CARTON DE 1000
187272,CARTON DE 6
187280,1
187298,1
187302,CARTON DE 1000
187308,1
187314,CARTON DE 6
187333,CARTON DE 6
187338,1
187340,CARTON DE 1000
187348,CARTON DE 6
187358,PIECE
187359,CARTON DE 1000
187362,CARTON DE 1000
187363,CARTON DE 6
187372,CARTON DE 1000
187377,CARTON DE 6
187378,CARTON DE 1000
187388,CARTON DE 6
187401,CARTON DE 6
187408,CARTON DE 6
187420,1
187445,CARTON DE 6
187446,CARTON ORIGINE DE 4
187450,1
187467,1
187473,CARTON DE 6
187475,PIECE
187476,CARTON DE 6
187494,CARTON DE 6
187495,CARTON DE 6
187498,CARTON DE 1000
187500,1
187514,CARTON DE 1000
187520,CARTON DE 6
187524,1
187556,CARTON DE 1000
187559,CARTON DE 6
187590,CARTON DE 6
187597,CARTON DE 6
187619,CARTON DE 1000
187624,CARTON DE 1000
187636,PIECE
187652,CARTON DE 6
187672,SACHET DE 10
187675,1
187677,CARTON DE 1000
187682,CARTON DE 6
187685,BOITE DE 100
187690,CARTON DE 1000
187704,CARTON DE 6
187707,CARTON DE 6
187714,CARTON DE 6
187718,1
187730,1
187753,CARTON DE 6
187776,1
187788,1
187799,CARTON DE 6
187806,CARTON DE 1000
187807,PIECE
187812,1
187819,CARTON DE 6
187823,CARTON DE 20
187826,CARTON DE 20
187846,CARTON DE 1000
187848,CARTON DE 6
187852,CARTON DE 1000
187858,1
187868,1
187877,1
187882,CARTON DE 1000
187886,CARTON DE 6
187895,PIECE
187915,CARTON DE 1000
187919,CARTON DE 1000
187931,CARTON DE 6
187939,CARTON DE 1000
187941,CARTON DE 24
187960,1
187962,CARTON DE 6
187972,CARTON DE 1000
187986,CARTON DE 6
187989,CARTON DE 6
188005,CARTON DE 6
188012,CARTON DE 1000
188027,BOITE DE 100
188043,CARTON DE 6
188044,CARTON DE 1000
188057,PIECE
188058,SACHET DE 20
188059,SACHET DE 20
188060,SACHET DE 20
188063,CARTON DE 6
188078,CARTON DE 1000
188090,CARTON DE 6
188094,1
188102,CARTON DE 6
188107,CARTON DE 6
188126,CARTON DE 1000
188131,CARTON DE 6
188163,1
188193,1
188202,CARTON DE 1000
188204,CARTON DE 6
188205,CARTON DE 1000
188210,1
188214,CARTON DE 1000
188234,CARTON DE 1000
188263,CARTON DE 1000
188296,CARTON DE 6
188304,CARTON DE 6
188313,1
188315,CARTON DE 6
188316,BOITE DE 100
188320,CARTON DE 6
188322,CARTON DE 1500
188340,CARTON A DE 9
188355,CARTON DE 1000
188359,CARTON DE 24
188371,1
188380,CARTON DE 1000
188382,CARTON DE 6
188384,CARTON DE 1000
188387,CARTON DE 1000
188390,1
188401,1
188408,CARTON DE 6
188411,1
188414,CARTON DE 6
188415,CARTON DE 1000
188423,CARTON DE 6
188431,BOITE DE 50
188457,CARTON DE 6
188480,PIECE
188481,PIECE
188483,CARTON DE 6
188538,PIECE
188548,CARTON DE 6
188554,PIECE
188555,PIECE
188586,CARTON DE 6
188587,CARTON DE 6
188591,CARTON DE 6
188592,CARTON DE 1000
188597,CARTON DE 1000
188606,CARTON DE 6
188612,CARTON DE 24
188613,1
188623,CARTON DE 1000
188632,CARTON DE 6
188643,CARTON DE 1000
188651,CARTON DE 1000
188655,CARTON DE 1000
188685,CARTON DE 1000
188690,CARTON DE 1000
188698,PIECE
188709,CARTON DE 6
188711,CARTON DE 1000
188732,CARTON DE 6
188739,CARTON DE 1000
188748,CARTON DE 1000
188749,CARTON DE 6
188750,1
188761,CARTON DE 1000
188768,CARTON DE 1000
188770,1
188778,1
188782,CARTON DE 6
188785,CARTON DE 1000
188799,CARTON DE 1000
188806,CARTON DE 1000
188815,1
188817,CARTON DE 25
188825,1
188850,CARTON DE 6
188853,CARTON DE 6
188862,1
188863,1
188867,1
188879,CARTON DE 6
188882,CARTON DE 6
188888,CARTON DE 6
188896,1
188904,CARTON DE 1000
188906,1
188922,CARTON DE 6
188923,CARTON DE 6
188927,CARTON DE 6
188943,CARTON DE 6
188945,1
188965,CARTON DE 6
188970,CARTON DE 6
188984,1
188985,CARTON DE 1000
188994,CARTON DE 1000
188998,CARTON DE 1500
189005,BOITE DE 100
189019,CARTON DE 1000
189020,1
189027,PIECE
189033,CARTON DE 6
189035,1
189036,CARTON DE 1000
189039,1
189043,1
189071,1
189072,CARTON DE 6
189082,CARTON DE 6
189083,CARTON DE 1000
189108,CARTON ORIGINE DE 12
189114,CARTON DE 1000
189122,1
189176,PIECE
189181,CARTON DE 6
189195,1
189207,CARTON DE 6
189214,CARTON DE 6
189220,CARTON DE 1000
189229,CARTON DE 6
189253,CARTON DE 6
189255,CARTON DE 1000
189256,1
189263,CARTON DE 1000
189278,CARTON DE 6
189286,CARTON DE 1500
189287,CARTON DE 1000
189292,1
189300,PIECE
189327,BOITE
189328,BOITE
189329,BOITE
189330,BOITE
189331,BOITE
189334,BOITE
189335,BOITE
189336,BOITE
189337,BOITE
189340,CARTON DE 1000
189342,CARTON DE 6
189349,CARTON DE 6
189372,1
189373,CARTON DE 1000
189393,CARTON DE 6
189410,CARTON DE 1000
189411,CARTON DE 6
189421,CARTON DE 6
189422,CARTON DE 1000
189423,CARTON DE 1500
189425,CARTON DE 1000
189430,1
189474,CARTON DE 6
189475,CARTON DE 1000
189485,CARTON DE 6
189499,1
189501,CARTON DE 1000
189512,CARTON DE 6
189519,1
189522,1
189524,CARTON DE 1000
189525,1
189526,CARTON DE 6
189534,CARTON DE 6
189537,CARTON DE 1000
189540,CARTON DE 6
189558,CARTON DE 6
189565,CARTON DE 6
189574,CARTON DE 6
189585,1
189591,CARTON DE 6
189595,CARTON DE 1000
189599,CARTON DE 6
189608,CARTON DE 6
189610,CARTON DE 1000
189630,CARTON DE 1000
189643,CARTON DE 6
189644,CARTON DE 1000
189659,SACHET DE 12
189664,CARTON DE 1000
189667,CARTON DE 1000
189673,1
189678,CARTON A DE 40
189683,CARTON DE 6
189685,CARTON DE 1000
189713,CARTON DE 6
189742,CARTON DE 6
189747,CARTON DE 1000
189766,CARTON DE 6
189768,SACHET DE 10
189788,CARTON ORIGINE DE 4
189789,CARTON ORIGINE DE 4
189796,CARTON DE 1000
189801,CARTON DE 1000
189802,CARTON DE 1000
189809,CARTON DE 6
189810,CARTON DE 1000
189818,CARTON DE 1000
189837,1
189845,CARTON DE 1000
189846,1
189885,CARTON DE 1000
189894,CARTON DE 6
189919,CARTON DE 1000
189930,CARTON DE 1000
189955,1
189960,CARTON DE 1000
189980,1
190010,CARTON DE 6
190012,CARTON DE 1000
190019,CARTON DE 1000
190023,BOITE DE 12
190024,1
190025,CARTON DE 1000
190027,1
190030,1
190043,CARTON DE 1000
190045,CARTON DE 6
190049,CARTON DE 1000
190055,1
190056,CARTON DE 1000
190059,CARTON DE 1000
190061,BOITE DE 100
190076,CARTON DE 6
190093,CARTON DE 1000
190102,CARTON DE 6
190116,CARTON DE 6
190119,CARTON DE 6
190122,1
190135,CARTON DE 20
190137,CARTON DE 20
190147,SACHET DE 100
190149,CARTON DE 1000
190153,CARTON DE 25
190189,CARTON DE 6
190200,PIECE
190221,CARTON DE 6
190224,CARTON DE 6
190237,CARTON DE 6
190260,1
190262,CARTON DE 6
190267,1
190281,CARTON DE 1000
190283,CARTON DE 1000
190290,CARTON DE 6
190292,CARTON A DE 40
190298,PIECE
190300,1
190316,CARTON DE 1000
190317,CARTON DE 6
190335,1
190336,CARTON DE 6
190337,CARTON DE 6
190370,SACHET DE 20
190371,SACHET DE 20
190372,SACHET DE 14
190385,CARTON DE 6
190397,CARTON DE 1000
190404,CARTON DE 6
190415,CARTON DE 6
190417,CARTON DE 6
190444,1
190468,CARTON DE 6
190478,CARTON DE 1000
190480,CARTON DE 500
190488,CARTON DE 6
190555,CARTON DE 12 PACKS
190586,CARTON DE 6
190595,CARTON DE 1000
190659,CARTON DE 1000
190684,CARTON DE 1000
190717,1
190722,1
190731,1
190734,CARTON DE 1000
190743,1
190776,CARTON DE 1000
190781,CARTON DE 1000
190798,CARTON DE 1000
190799,CARTON DE 6
190800,CARTON DE 1000
190821,CARTON DE 6
190846,CARTON DE 6
190861,CARTON DE 1000
190866,CARTON DE 6
190878,BOITE DE 100
190880,CARTON DE 1000
190881,CARTON DE 1500
190888,1
190892,CARTON DE 1000
190896,CARTON DE 1000
190901,1
190911,CARTON DE 1000
190915,CARTON DE 1000
190931,BOITE DE 300
190941,1
190945,PIECE
190946,PIECE
190947,PIECE
190948,PIECE
190949,PIECE
190986,BOITE DE 100
190987,BOITE DE 300
190988,BOITE
190989,BOITE
190990,BOITE
190991,PIECE
191004,CARTON DE 1000
191006,1
191009,CARTON DE 1000
191018,CARTON DE 1000
191031,1
191032,CARTON DE 1000
191033,1
191040,CARTON DE 1000
191062,CARTON DE 1000
191103,CARTON DE 1000
191104,CARTON DE 1500
191105,CARTON DE 6
191124,CARTON DE 1000
191128,CARTON DE 6
191135,CARTON DE 1000
191144,BOITE DE 100
191148,CARTON DE 1000
191205,1
191249,1
191283,CARTON DE 1000
191284,1
191293,CARTON DE 6
191298,CARTON DE 6
191306,CARTON DE 1000
191309,1
191320,CARTON DE 6
191324,CARTON DE 1000
191330,1
191342,1
191343,CARTON DE 1500
191358,1
191369,CARTON DE 6
191400,PIECE
191429,CARTON DE 6
191432,CARTON DE 6
191453,CARTON DE 6
191475,CARTON DE 6
191480,1
191481,CARTON DE 6
191483,1
191485,CARTON DE 6
191495,1
191498,CARTON DE 6
191500,CARTON DE 6
191510,CARTON DE 6
191533,1
191545,1
191546,CARTON DE 1000
191548,1
191588,CARTON DE 6
191601,CARTON DE 1000
191603,1
191607,CARTON DE 6
191609,CARTON DE 1000
191629,CARTON DE 6
191632,CARTON DE 6
191634,CARTON DE 1000
191651,CARTON DE 6
191663,CARTON DE 1500
191670,CARTON DE 1000
191684,1
191688,1
191694,CARTON DE 1000
191696,CARTON DE 6
191697,CARTON DE 1000
191703,CARTON DE 6
191714,1
191715,CARTON DE 1000
191726,1
191727,CARTON DE 1000
191733,CARTON DE 1000
191741,CARTON DE 6
191745,CARTON DE 1000
191746,1
191766,1
191767,CARTON ORIGINE DE 4
191769,CARTON DE 1000
191771,1
191798,CARTON DE 6
191806,CARTON DE 6
191821,1
191849,CARTON DE 6
191857,CARTON DE 1000
191859,CARTON DE 6
191862,CARTON DE 1000
191863,CARTON DE 1000
191878,PIECE
191879,PIECE
191883,CARTON DE 1000
191884,1
191895,CARTON DE 6
191913,CARTON DE 1000
191924,CARTON DE 1000
191925,1
191928,1
191935,BOITE
191940,CARTON DE 6
191942,CARTON DE 6
191959,CARTON DE 6
191965,CARTON DE 6
191971,1
191991,CARTON DE 6
192026,1
192028,1
192032,CARTON DE 6
192035,CARTON DE 6
192042,BOITE DE 100
192046,CARTON DE 1000
192054,1
192082,CARTON DE 1000
192083,1
192103,CARTON DE 1000
192113,1
192118,CARTON DE 6
192120,CARTON DE 1000
192122,CARTON DE 1000
192149,CARTON DE 6
192153,BOITE
192154,PIECE
192156,CARTON DE 1000
192165,PIECE
192166,PIECE
192167,PIECE
192168,PIECE
192169,PIECE
192170,PIECE
192171,PIECE
192172,1
192173,CARTON DE 6
192176,1
192177,CARTON DE 1000
192180,CARTON DE 6
192191,CARTON DE 6
192211,CARTON DE 6
192247,1
192248,PIECE
192249,SACHET DE 50
192254,CARTON DE 6
192262,CARTON DE 6
192268,CARTON DE 6
192275,CARTON DE 1000
192291,CARTON DE 6
192296,CARTON DE 24
192299,CARTON DE 1000
192306,CARTON DE 6
192309,CARTON DE 1000
192310,CARTON DE 1000
192317,1
192322,1
192331,CARTON DE 1000
192337,CARTON DE 6
192350,CARTON DE 6
192352,1
192359,1
192364,CARTON DE 1000
192419,CARTON DE 1000
192424,CARTON DE 6
192430,PIECE
192432,CARTON DE 1000
192437,CARTON DE 1000
192438,PIECE
192447,CARTON DE 1000
192448,1
192455,CARTON DE 6
192456,CARTON DE 6
192461,CARTON DE 1000
192469,CARTON DE 1000
192491,CARTON B DE 4
192504,CARTON DE 1000
192505,CARTON DE 1000
192506,1
192516,BOITE DE 100
192529,1
192548,PIECE
192560,1
192570,CARTON DE 6
192578,CARTON DE 6
192594,CARTON DE 6
192595,1
192603,CARTON DE 1000
192609,CARTON DE 25
192613,CARTON A DE 40
192615,CARTON DE 20
192616,CARTON DE 20
192634,CARTON DE 6
192635,CARTON ORIGINE DE 4
192649,1
192652,CARTON DE 1000
192653,1
192667,BOITE DE 100
192678,1
192683,CARTON DE 6
192693,CARTON DE 6
192694,BOITE DE 100
192698,CARTON DE 6
192700,1
192701,1
192713,BOITE
192737,CARTON DE 1000
192743,CARTON DE 6
192744,CARTON DE 1000
192747,CARTON DE 1000
192748,1
192766,1
192773,CARTON DE 1000
192775,CARTON DE 6
192780,1
192787,CARTON DE 6
192792,CARTON DE 1000
192815,CARTON DE 6
192830,CARTON DE 6
192867,1
192878,CARTON DE 6
192885,CARTON DE 1000
192886,1
192887,1
192888,BOITE DE 50
192897,CARTON DE 6
192906,CARTON DE 1000
192912,CARTON DE 6
192918,1
192928,CARTON DE 6
192953,CARTON DE 6
192970,CARTON DE 6
192975,1
192976,CARTON DE 1000
192977,CARTON DE 1000
193019,CARTON DE 1000
193023,BOITE DE 300
193027,BOITE DE 100
193053,CARTON DE 6
193057,CARTON DE 1000
193074,CARTON DE 1000
193077,CARTON DE 1000
193081,CARTON DE 1000
193084,CARTON DE 1000
193088,CARTON DE 1000
193096,CARTON DE 1000
193106,SACHET DE 50
193107,FLOWPACK
193108,PIECE
193117,FLOWPACK
193118,SACHET DE 100
193126,CARTON DE 6
193136,CARTON DE 1000
193150,CARTON DE 1000
193151,1
193175,CARTON DE 6
193178,CARTON DE 1000
193183,CARTON DE 6
193213,PIECE
193214,CARTON DE 1000
193227,PIECE
193231,CARTON DE 1000
193232,1
193235,CARTON DE 1000
193239,PIECE
193240,SACHET DE 100
193241,BOITE
193242,BOITE
193243,BOITE
193246,CARTON DE 6
193250,CARTON DE 6
193253,1
193258,CARTON DE 6
193263,CARTON DE 1000
193273,CARTON DE 6
193292,CARTON DE 6
193293,SACHET DE 14
193294,SACHET DE 14
193295,SACHET DE 14
193296,SACHET DE 14
193297,PIECE
193298,PIECE
193299,SACHET DE 20
193300,SACHET DE 20
193301,PIECE
193302,PIECE
193303,PIECE
193304,PIECE
193305,PIECE
193306,PIECE
193307,PIECE
193308,PIECE
193309,SACHET DE 100
193311,CARTON DE 1000
193316,CARTON DE 6
193321,CARTON DE 6
193325,PIECE
193326,SACHET DE 50
193338,1
193344,CARTON DE 6
193347,CARTON DE 1000
193360,CARTON DE 1000
193362,CARTON DE 25
193366,BOITE DE 100
193372,BOITE DE 100
193399,CARTON DE 1000
193400,1
193403,CARTON DE 1000
193404,1
193413,CARTON ORIGINE DE 4
193416,1
193419,CARTON DE 1000
193431,CARTON DE 1000
193432,CARTON DE 1000
193438,CARTON DE 1000
193448,CARTON DE 1000
193454,1
193462,PIECE
193463,PIECE
193464,PIECE
193465,PIECE
193466,PIECE
193467,PIECE
193468,PIECE
193469,PIECE
193470,PIECE
193471,PIECE
193472,PIECE
193473,PIECE
193474,SACHET DE 100
193475,PIECE
193476,PIECE
193477,SACHET DE 50
193494,CARTON DE 1000
193502,CARTON DE 6
193514,CARTON DE 1000
193515,CARTON DE 1500
193518,CARTON DE 6
193521,1
193565,PIECE
193566,CARTON DE 1000
193573,CARTON DE 1000
193576,CARTON DE 1000
193601,CARTON DE 6
193602,CARTON DE 6
193617,PIECE
193618,PIECE
193619,PIECE
193620,PIECE
193629,CARTON DE 1000
193637,CARTON DE 1000
193639,BOITE DE 100
193651,CARTON DE 6
193665,1
193671,CARTON DE 6
193682,CARTON DE 1000
193685,1
193692,CARTON DE 1000
193696,1
193702,PIECE
193703,CARTON DE 6
193707,BOITE DE 300
193721,CARTON DE 1000
193722,1
193727,CARTON DE 24
193744,CARTON DE 6
193751,CARTON DE 1000
193752,1
193791,CARTON DE 6
193792,CARTON DE 6
193804,FLOWPACK
193805,CARTON DE 6
193820,PIECE
193821,PIECE
193822,PIECE
193823,PIECE
193824,PIECE
193825,PIECE
193826,PIECE
193827,PIECE
193828,PIECE
193829,PIECE
193830,PIECE
193831,PIECE
193832,PIECE
193834,BOITE
193835,BOITE
193836,BOITE
193838,CARTON DE 6
193858,1
193867,CARTON DE 6
193872,1
193873,SACHET
193874,CARTON DE 1000
193875,1
193878,CARTON DE 1000
193882,1
193883,PIECE
193886,CARTON DE 1000
193890,1
193893,CARTON DE 6
193897,CARTON DE 1000
193917,CARTON DE 40
193922,CARTON DE 6
193930,CARTON DE 6
193934,CARTON DE 1000
193935,SACHET DE 20
193937,CARTON DE 6
193944,1
193945,PIECE
193946,PIECE
193947,BOITE
193948,BOITE
193949,PIECE
193950,PIECE
193960,CARTON DE 6
193975,CARTON DE 6
193976,CARTON DE 1000
193977,1
193985,BOITE DE 300
194003,CARTON DE 1000
194004,1
194007,CARTON DE 1000
194014,CARTON DE 6
194030,CARTON DE 1000
194048,CARTON DE 1000
194049,CARTON DE 1000
194061,CARTON DE 1000
194063,CARTON DE 1000
194071,CARTON DE 1000
194072,1
194077,CARTON DE 6
194085,CARTON DE 6
194090,CARTON DE 6
194097,CARTON DE 1000
194108,1
194111,1
194114,CARTON DE 1000
194115,CARTON DE 1000
194128,1
194169,CARTON DE 6
194191,CARTON DE 6
194223,BOITE DE 100
194224,BOITE DE 300
194225,CARTON DE 1000
194229,CARTON DE 1000
194233,CARTON DE 6
194239,CARTON DE 1000
194241,1
194247,CARTON DE 6
194252,1
194253,CARTON DE 6
194254,CARTON DE 1000
194258,CARTON DE 1000
194260,CARTON DE 1000
194261,1
194270,CARTON DE 1000
194278,CARTON DE 6
194285,1
194286,CARTON DE 1000
194287,1
194289,CARTON DE 1000
194302,CARTON A DE 40
194305,CARTON DE 6
194307,1
194315,CARTON DE 1500
194316,CARTON DE 1000
194325,CARTON DE 1000
194328,CARTON DE 6
194331,CARTON DE 1000
194357,CARTON DE 1000
194359,1
194362,CARTON DE 1000
194375,CARTON DE 6
194378,CARTON DE 6
194420,CARTON DE 6
194422,CARTON DE 6
194429,CARTON DE 1000
194435,PIECE
194448,CARTON DE 6
194463,CARTON DE 1000
194470,CARTON DE 1000
194489,1
194490,CARTON DE 6
194491,CARTON DE 6
194492,CARTON DE 6
194500,CARTON DE 1000
194501,CARTON DE 6
194502,1
194507,CARTON DE 1000
194509,CARTON DE 25
194532,CARTON DE 1000
194536,1
194542,BOITE DE 300
194552,CARTON DE 6
194558,CARTON DE 1000
194559,CARTON DE 1000
194569,CARTON DE 6
194601,CARTON DE 6
194605,1
194612,CARTON DE 1000
194629,CARTON DE 1000
194633,PIECE
194635,CARTON DE 1000
194636,CARTON DE 1000
194659,CARTON DE 1000
194660,1
194664,CARTON DE 6
194686,CARTON DE 6
194696,CARTON DE 1000
194720,1
194727,PIECE
194728,PIECE
194729,CARTON DE 1000
194732,CARTON DE 6
194738,CARTON DE 1000
194754,CARTON DE 6
194778,CARTON DE 6
194779,1
194806,CARTON DE 6
194815,CARTON DE 1000
194819,PIECE
194820,PIECE
194832,CARTON DE 1000
194833,1
194834,CARTON DE 1000
194835,CARTON DE 1000
194841,CARTON DE 6
194852,CARTON DE 6
194857,CARTON DE 6
194869,CARTON DE 1000
194879,1
194900,PIECE
194901,PIECE
194902,PIECE
194907,1
194911,PIECE
194912,PIECE
194920,CARTON DE 1000
194930,CARTON DE 1000
194939,CARTON DE 1000
194949,CARTON DE 6
194952,CARTON DE 1000
194954,CARTON DE 6
194968,CARTON DE 6
194973,1
194981,SACHET DE 5
194993,CARTON DE 6
195002,PIECE
195004,CARTON DE 24
195051,CARTON DE 1000
195052,CARTON DE 1000
195079,CARTON DE 1000
195080,1
195102,CARTON DE 6
195127,CARTON DE 6
195129,CARTON DE 6
195142,1
195166,1
195190,CARTON DE 1000
195209,CARTON DE 6
195228,CARTON DE 6
195240,CARTON DE 1000
195247,CARTON DE 1500
195250,CARTON DE 6
195257,CARTON DE 6
195259,CARTON DE 6
195263,CARTON DE 6
195272,1
195279,CARTON DE 6
195289,1
195293,CARTON DE 1000
195306,CARTON A DE 9
195309,BOITE DE 100
195310,BOITE DE 300
195311,CARTON DE 6
195324,CARTON DE 6
195334,1
195336,1
195372,CARTON DE 6
195377,1
195389,1
195393,1
195400,CARTON DE 6
195417,CARTON DE 6
195429,CARTON DE 6
195435,CARTON DE 6
195441,CARTON DE 6
195448,BOITE DE 12
195450,CARTON DE 500
195498,CARTON DE 6
195504,CARTON DE 6
195514,1
195521,SACHET DE 30
195550,PIECE
195554,CARTON DE 1500
195571,1
195573,CARTON DE 6
195577,CARTON DE 6
195592,CARTON DE 25
195626,1
195628,1
195630,CARTON DE 6
195666,CARTON DE 6
195672,CARTON DE 6
195679,1
195681,CARTON DE 25
195690,CARTON DE 6
195703,CARTON B DE 4
195709,1
195711,1
195723,CARTON DE 6
195726,1
195731,1
195744,CARTON DE 6
195761,PIECE
195775,CARTON DE 6
195808,CARTON DE 6
195810,1
195812,1
195819,CARTON DE 6
195836,PIECE
195841,CARTON DE 6
195848,CARTON DE 6
195859,PIECE
195860,PIECE
195861,BOITE DE 50
195862,BOITE DE 40
195863,BOITE DE 25
195864,BOITE DE 50
195865,PIECE
195866,PIECE
195869,PIECE
195870,PIECE
195871,PIECE
195872,PIECE
195873,PIECE
195874,PIECE
195875,BOITE
195876,BOITE
195877,PIECE
195878,PIECE
195879,PIECE
195880,PIECE
195881,PIECE
195882,PIECE
195892,CARTON DE 6
195902,CARTON DE 25
195926,1
195969,1
195995,CARTON DE 6
195998,1
196008,CARTON DE 6
196038,CARTON DE 6
196066,1
196098,CARTON DE 6
196109,CARTON DE 6
196124,CARTON DE 6
196153,1
196161,PIECE
196162,PIECE
196163,PIECE
196164,PIECE
196165,PIECE
196180,1
196185,1
196200,BOITE DE 100
196213,SACHET DE 50
196214,SACHET DE 50
196215,SACHET DE 50
196216,SACHET DE 50
196217,SACHET DE 50
196218,SACHET DE 50
196219,SACHET DE 50
196234,PIECE
196235,PIECE
196236,PIECE
196237,PIECE
196238,PIECE
196239,PIECE
196240,PIECE
196245,CARTON DE 6
196250,CARTON DE 6
196253,CARTON DE 1500
196256,CARTON DE 6
196261,BOITE DE 300
196266,CARTON DE 6
196272,1
196291,CARTON ORIGINE DE 4
196292,CARTON ORIGINE DE 4
196293,BOITE DE 100
196294,BOITE DE 300
196299,SACHET DE 50
196314,1
196316,1
196329,CARTON DE 6
196348,CARTON DE 6
196357,PIECE
196358,PIECE
196359,PIECE
196375,CARTON DE 12 PACKS
196377,CARTON DE 6
196381,1
196395,CARTON DE 6
196422,CARTON DE 6
196433,CARTON DE 6
196455,PIECE
196467,1
196475,1
196495,1
196522,BOITE DE 300
196523,BOITE DE 100
196531,1
196549,CARTON DE 1000
196590,PIECE
196611,CARTON DE 6
196635,CARTON DE 6
196660,CARTON DE 6
196697,1
196731,1
196734,CARTON DE 6
196746,1
196747,PIECE
196749,CARTON DE 1500
196762,PIECE
196763,PIECE
196764,PIECE
196765,PIECE
196778,BOITE
196779,BOITE
196780,BOITE
196781,BOITE
196782,1
196791,CARTON DE 6
196795,CARTON DE 25
196804,1
196808,1
196810,1
196837,BOITE DE 100
196839,CARTON DE 6
196846,BOITE DE 100
196847,BOITE DE 100
196853,1
196857,1
196859,1
196862,1
196865,CARTON DE 6
196866,CARTON DE 6
196908,1
196958,CARTON DE 6
196967,CARTON DE 6
196976,CARTON DE 6
197018,PIECE
197019,PIECE
197025,CARTON A DE 50
197034,CARTON DE 6
197050,1
197065,1
197093,CARTON DE 6
197100,CARTON DE 6
197110,CARTON DE 6
197126,PIECE
197127,PIECE
197128,PIECE
197129,PIECE
197130,PIECE
197131,CARTON DE 6
197142,CARTON DE 6
197160,CARTON DE 6
197165,1
197170,CARTON DE 6
197189,PIECE
197191,PIECE
197192,PIECE
197193,SACHET DE 50
197194,PIECE
197195,SACHET DE 20
197196,BOITE
197197,BOITE
197198,BOITE
197199,PIECE
197201,PIECE
197202,PIECE
197203,PIECE
197204,BOITE DE 50
197222,CARTON DE 6
197224,1
197235,1
197244,1
197266,1
197268,CARTON DE 6
197273,CARTON DE 6
197276,1
197279,1
197283,PIECE
197284,SACHET DE 60
197305,1
197321,CARTON DE 25
197325,FLOWPACK
197327,CARTON DE 24
197347,1
197348,PIECE
197361,1
197376,CARTON B DE 4
197398,1
197401,1
197415,1
197418,CARTON DE 6
197422,CARTON DE 6
197440,CARTON DE 25
197445,1
197455,1
197457,1
197470,CARTON DE 6
197522,PIECE
197523,BOITE DE 100
197525,CARTON DE 6
197553,1
197556,CARTON DE 1500
197559,1
197568,CARTON A DE 30
197583,PIECE
197586,CARTON DE 6
197597,CARTON DE 6
197610,CARTON DE 6
197628,CARTON DE 1000
197632,CARTON DE 6
197633,CARTON DE 1000
197639,CARTON DE 20
197640,CARTON DE 20
197655,CARTON DE 6
197657,SACHET DE 30
197668,CARTON DE 6
197674,CARTON DE 6
197714,1
197718,CARTON DE 1000
197719,CARTON DE 6
197720,CARTON DE 1000
197721,PIECE
197722,PIECE
197723,PIECE
197724,PIECE
197728,CARTON DE 6
197729,CARTON DE 1000
197735,1
197740,CARTON DE 1000
197741,1
197753,CARTON DE 1000
197755,1
197760,CARTON DE 1000
197761,CARTON DE 6
197778,CARTON DE 1000
197790,CARTON DE 6
197791,CARTON DE 1000
197792,1
197794,1
197804,1
197813,CARTON DE 1000
197835,BOITE DE 100
197836,CARTON DE 1000
197855,1
197861,CARTON DE 1000
197870,CARTON DE 6
197871,CARTON DE 1000
197895,CARTON DE 6
197902,CARTON DE 6
197904,CARTON DE 6
197907,1
197909,CARTON DE 40
197915,CARTON DE 1000
197924,CARTON DE 6
197926,CARTON DE 6
197950,CARTON DE 6
197953,CARTON DE 6
197957,CARTON DE 1000
197958,1
197959,CARTON DE 1000
197962,CARTON DE 6
197979,1
197983,1
197985,CARTON DE 1000
197991,CARTON DE 1000
197994,CARTON DE 6
198003,CARTON DE 6
198006,CARTON DE 1000
198007,1
198026,CARTON DE 1000
198035,CARTON DE 25
198039,1
198062,CARTON DE 6
198064,1
198066,1
198084,CARTON DE 1000
198099,CARTON DE 6
198101,CARTON DE 6
198103,CARTON DE 1000
198105,CARTON DE 1000
198106,CARTON DE 6
198107,1
198115,CARTON DE 1000
198121,CARTON DE 6
198125,CARTON DE 6
198129,CARTON DE 6
198132,CARTON DE 1000
198147,1
198162,CARTON DE 1000
198163,1
198165,CARTON DE 6
198168,CARTON DE 6
198176,PIECE
198177,BOITE
198184,CARTON DE 6
198186,CARTON DE 6
198190,CARTON DE 1000
198195,CARTON DE 1000
198204,CARTON DE 1000
198211,CARTON DE 6
198223,CARTON DE 6
198230,CARTON DE 1000
198231,1
198241,CARTON DE 25
198249,CARTON DE 1000
198261,1
198262,CARTON DE 6
198265,CARTON DE 6
198271,CARTON DE 6
198277,CARTON DE 1000
198278,CARTON DE 6
198292,CARTON DE 1000
198324,CARTON DE 6
198332,PIECE
198337,BOITE
198339,1
198342,1
198343,CARTON DE 1000
198347,CARTON DE 6
198353,CARTON DE 1000
198397,BOITE DE 50
198408,CARTON DE 1000
198411,CARTON DE 1000
198412,1
198417,CARTON DE 1000
198429,CARTON DE 1000
198434,CARTON DE 6
198458,CARTON DE 6
198499,CARTON DE 1000
198514,CARTON DE 1500
198524,CARTON DE 1000
198525,1
198528,CARTON DE 6
198533,CARTON DE 6
198534,CARTON DE 1000
198535,1
198543,CARTON DE 6
198559,CARTON DE 6
198564,CARTON DE 1000
198566,CARTON DE 1000
198569,CARTON A DE 40
198573,1
198591,BOITE DE 300
198592,CARTON DE 6
198603,1
198611,BOITE DE 100
198623,BOITE DE 100
198625,CARTON DE 6
198633,CARTON DE 6
198643,CARTON DE 6
198651,CARTON DE 1000
198652,CARTON DE 6
198653,CARTON DE 1000
198675,CARTON DE 1000
198688,CARTON DE 6
198705,CARTON DE 1000
198710,CARTON DE 20
198714,CARTON DE 6
198716,CARTON DE 1000
198717,CARTON DE 6
198719,CARTON DE 6
198737,CARTON DE 1000
198738,1
198756,1
198757,CARTON DE 6
198759,CARTON DE 1000
198762,CARTON DE 6
198781,1
198795,CARTON DE 6
198796,CARTON DE 1000
198817,CARTON DE 25
198825,1
198834,CARTON DE 1000
198844,CARTON DE 6
198846,CARTON DE 1000
198857,1
198862,CARTON DE 6
198865,CARTON DE 1000
198883,PIECE
198884,PIECE
198901,PIECE
198902,PIECE
198903,PIECE
198904,PIECE
198905,PIECE
198906,PIECE
198907,PIECE
198908,PIECE
198909,PIECE
198910,PIECE
198911,PIECE
198912,PIECE
198913,PIECE
198914,CARTON DE 1000
198916,1
198917,CARTON DE 6
198943,CARTON DE 6
198946,CARTON DE 6
198950,CARTON DE 1000
198955,CARTON DE 6
198970,CARTON DE 1000
198971,1
198986,1
198992,CARTON DE 1000
198995,CARTON DE 1000
198996,CARTON DE 1000
198997,1
199009,CARTON DE 6
199018,CARTON DE 6
199036,CARTON DE 6
199042,CARTON DE 1000
199047,CARTON DE 6
199069,CARTON DE 6
199073,CARTON DE 1000
199075,CARTON DE 6
199077,CARTON DE 1000
199101,CARTON DE 1000
199102,1
199103,1
199109,CARTON DE 1000
199110,1
199114,PIECE
199115,PIECE
199123,CARTON DE 1000
199124,CARTON DE 1000
199137,CARTON CONTAINER DE 300
199139,CARTON CONTAINER DE 96
199154,CARTON DE 1000
199158,CARTON DE 6
199161,CARTON DE 1000
199164,1
199175,CARTON DE 6
199176,CARTON DE 6
199178,CARTON DE 1000
199198,1
199201,1
199206,CARTON DE 6
199207,CARTON DE 1000
199223,CARTON DE 1000
199226,CARTON CONTAINER DE 60
199227,CARTON CONTAINER DE 60
199228,CARTON CONTAINER DE 60
199229,CARTON CONTAINER DE 80
199232,CARTON DE 1000
199249,CARTON A DE 40
199260,CARTON DE 6
199279,CARTON DE 1000
199317,BOITE DE 100
199320,CARTON DE 1000
199321,1
199334,CARTON DE 6
199357,CARTON DE 6
199363,CARTON DE 6
199373,CARTON A DE 30
199380,CARTON DE 1000
199382,1
199402,1
199405,CARTON DE 6
199413,CARTON DE 1000
199414,1
199425,CARTON DE 6
199429,PIECE
199431,CARTON DE 1000
199436,CARTON DE 1000
199441,CARTON DE 6
199445,CARTON DE 6
199446,CARTON DE 1000
199447,CARTON DE 1000
199470,1
199472,PIECE
199474,1
199475,PIECE
199483,CARTON DE 1000
199495,CARTON DE 1000
199517,CARTON DE 1000
199522,CARTON DE 1000
199523,1
199524,CARTON DE 1000
199529,CARTON DE 1000
199532,1
199536,CARTON DE 6
199541,CARTON DE 6
199545,CARTON DE 1000
199546,CARTON DE 1000
199548,CARTON DE 6
199568,CARTON DE 6
199573,CARTON DE 6
199575,CARTON DE 6
199599,1
199615,1
199624,1
199627,1
199640,CARTON DE 6
199657,1
199660,1
199663,BOITE DE 100
199672,1
199681,CARTON DE 6
199702,PIECE
199714,1
199768,CARTON DE 6
199778,PIECE
199779,PIECE
199780,PIECE
199781,PIECE
199782,PIECE
199783,PIECE
199784,PIECE
199785,PIECE
199786,CARTON DE 6
199788,CARTON DE 6
199790,1
199792,PIECE
199793,PIECE
199794,PIECE
199797,PIECE
199798,PIECE
199799,PIECE
199800,PIECE
199801,PIECE
199802,PIECE
199803,PIECE
199819,1
199821,CARTON DE 6
199827,1
199854,1
199860,CARTON DE 6
199868,CARTON DE 6
199907,CARTON DE 6
199919,PIECE
199920,PIECE
199921,PIECE
199922,PIECE
199923,PIECE
199924,BOITE DE 50
199925,BOITE DE 50
199926,PIECE
199927,PIECE
199928,PIECE
199929,PIECE
199930,PIECE
199931,SACHET DE 50
199932,PIECE
199933,PIECE
199934,PIECE
199935,PIECE
199936,PIECE
199937,PIECE
199938,PIECE
199946,1
199962,CARTON DE 6
199977,CARTON DE 6
199982,CARTON DE 25
199988,BOITE DE 100
199997,1
200000,BOITE DE 100
200001,BOITE DE 300
200006,1
200011,1
200058,CARTON DE 1500
200113,BOITE DE 100
200114,BOITE DE 100
200115,BOITE DE 300
200133,PIECE
200134,CARTON DE 6
200159,CARTON DE 6
200162,CARTON DE 6
200179,1
200212,1
200221,CARTON DE 1000
200228,CARTON DE 6
200233,CARTON DE 6
200240,CARTON DE 6
200248,CARTON DE 6
200255,1
200266,CARTON DE 1500
200288,1
200296,PIECE
200297,PIECE
200306,CARTON DE 6
200310,CARTON DE 6
200341,1
200351,CARTON DE 6
200405,PIECE
200406,PIECE
200437,CARTON DE 6
200438,PIECE
200439,PIECE
200440,PIECE
200441,PIECE
200442,PIECE
200466,1
200468,CARTON DE 1000
200484,1
200488,1
200506,1
200519,CARTON DE 6
200525,CARTON DE 6
200527,PIECE
200537,PIECE
200548,PIECE
200564,BOITE
200565,BOITE
200566,BOITE
200567,BOITE
200568,PIECE
200569,BOITE DE 250
200572,BOITE
200573,BOITE
200574,BOITE
200575,BOITE
200576,PIECE
200577,BOITE DE 250
200643,1
200644,1
200656,1
200664,1
200674,CARTON DE 20
200675,CARTON DE 20
200684,1
200720,CARTON DE 6
200753,1
200782,PIECE
200783,PIECE
200784,PIECE
200785,FLOWPACK
200788,1
200793,PIECE
200803,1
200810,PIECE
200813,1
200817,1
200822,1
200825,1
200826,1
200827,1
200835,CARTON DE 1500
200852,CARTON DE 6
200859,PIECE
200860,PIECE
200871,CARTON DE 12 PACKS
200872,PIECE
200884,CARTON DE 6
200928,SACHET DE 100
200929,SACHET DE 100
200931,SACHET DE 100
200932,PIECE
200933,SACHET DE 100
200935,SACHET DE 100
200936,PIECE
200937,SACHET DE 100
200940,SACHET DE 100
200941,PIECE
200944,SACHET DE 10
200945,PIECE
200957,CARTON DE 6
200958,BOITE
200959,BOITE
200960,PIECE
200962,CARTON DE 6
200963,CARTON DE 6
200967,CARTON DE 6
200977,CARTON DE 6
201005,1
201026,CARTON DE 6
201034,CARTON DE 6
201052,1
201060,1
201072,CARTON DE 6
201079,1
201105,CARTON DE 6
201107,PIECE
201111,1
201121,CARTON DE 6
201144,CARTON DE 6
201161,CARTON DE 6
201169,BOITE DE 100
201171,CARTON DE 6
201179,CARTON DE 6
201187,BOITE DE 100
201188,CARTON DE 6
201191,1
201197,1
201209,CARTON D DE 30
201221,1
201231,CARTON DE 6
201243,CARTON DE 25
201252,BOITE
201255,PIECE
201273,BOITE
201274,BOITE
201275,BOITE
201276,BOITE
201277,BOITE DE 50
201278,BOITE DE 50
201279,BOITE DE 50
201280,BOITE DE 50
201296,1
201298,BOITE
201299,BOITE
201300,BOITE
201301,BOITE
201307,BOITE DE 50
201308,BOITE DE 50
201309,BOITE DE 50
201310,BOITE DE 50
201311,BOITE DE 50
201332,1
201341,CARTON DE 6
201369,1
201377,CARTON DE 6
201379,CARTON DE 6
201402,1
201412,CARTON DE 6
201437,CARTON DE 6
201439,BOITE DE 300
201440,BOITE DE 100
201451,1
201458,1
201460,1
201465,1
201468,BOITE DE 100
201470,PIECE
201473,CARTON DE 6
201495,CARTON DE 6
201498,CARTON DE 1000
201526,1
201536,PIECE
201586,CARTON DE 6
201590,1
201604,CARTON DE 6
201610,1
201627,1
201630,1
201631,CARTON DE 6
201638,1
201681,CARTON DE 6
201700,CARTON DE 6
201710,1
201723,1
201724,PIECE
201725,PIECE
201726,PIECE
201727,PIECE
201736,CARTON DE 6
201741,BOITE DE 100
201742,BOITE DE 300
201744,1
201746,1
201764,1
201782,1
201784,CARTON DE 6
201786,PIECE
201792,PIECE
201793,PIECE
201794,PIECE
201795,PIECE
201796,PIECE
201811,CARTON DE 1500
201816,1
201817,CARTON DE 6
201823,CARTON DE 6
201835,CARTON DE 6
201859,CARTON DE 24
201892,PIECE
201893,PIECE
201894,PIECE
201895,PIECE
201896,PIECE
201897,PIECE
201922,CARTON DE 6
201935,CARTON DE 6
201940,BOITE DE 300
201942,CARTON DE 1000
201950,CARTON DE 6
201957,1
201959,CARTON DE 6
201987,1
202003,1
202018,CARTON DE 6
202058,1
202060,CARTON DE 6
202080,1
202081,CARTON DE 6
202092,1
202094,CARTON DE 6
202099,1
202112,PIECE
202128,CARTON DE 6
202149,CARTON DE 6
202151,PIECE
202152,PIECE
202153,PIECE
202154,PIECE
202155,PIECE
202156,PIECE
202190,1
202216,CARTON DE 6
202243,CARTON DE 6
202247,1
202267,CARTON DE 6
202281,1
202305,1
202306,BOITE DE 100
202322,CARTON DE 25
202345,1
202403,1
202439,1
202444,CARTON DE 6
202453,CARTON DE 1000
202459,CARTON DE 6
202463,BOITE DE 100
202464,BOITE DE 300
202468,CARTON DE 6
202472,1
202475,1
202486,CARTON A DE 40
202495,CARTON DE 6
202500,CARTON DE 1000
202502,1
202503,CARTON DE 1000
202506,1
202510,1
202516,CARTON DE 6
202519,CARTON DE 1000
202540,1
202545,1
202564,CARTON DE 6
202571,CARTON DE 6
202585,1
202591,CARTON DE 6
202596,CARTON DE 40
202612,CARTON DE 6
202624,1
202627,1
202657,CARTON DE 1000
202673,CARTON DE 6
202685,CARTON DE 6
202693,CARTON DE 1000
202706,1
202718,CARTON DE 1000
202738,CARTON DE 6
202745,CARTON DE 1000
202759,1
202773,1
202777,CARTON DE 6
202783,PIECE
202802,CARTON DE 1000
202807,CARTON DE 6
202836,CARTON DE 6
202838,CARTON DE 1000
202845,BOITE DE 100
202846,BOITE DE 300
202847,CARTON DE 1000
202849,CARTON DE 1000
202850,CARTON DE 6
202858,CARTON DE 6
202860,CARTON DE 6
202873,CARTON DE 1000
202878,CARTON DE 1000
202879,CARTON DE 1000
202889,CARTON DE 1000
202893,1
202896,CARTON DE 1000
202906,CARTON DE 1000
202908,CARTON D DE 30
202940,CARTON DE 6
202941,CARTON DE 1000
202957,CARTON DE 6
202975,CARTON DE 1000
202976,CARTON DE 1000
202982,1
202986,CARTON DE 1000
203008,1
203017,CARTON DE 1000
203020,BOITE DE 300
203050,CARTON DE 1000
203051,1
203054,1
203057,1
203061,CARTON DE 1500
203068,CARTON DE 24
203090,CARTON DE 1000
203093,CARTON DE 1000
203102,CARTON DE 1000
203107,CARTON DE 6
203112,1
203132,PIECE
203133,1
203134,1
203140,CARTON DE 1000
203149,CARTON DE 25
203155,CARTON DE 6
203160,CARTON DE 6
203164,CARTON DE 6
203165,CARTON DE 6
203172,CARTON DE 6
203173,CARTON DE 6
203191,1
203195,CARTON DE 1000
203200,CARTON DE 1000
203206,CARTON DE 1000
203211,CARTON DE 6
203217,CARTON DE 1000
203218,CARTON DE 1500
203240,CARTON DE 6
203243,CARTON DE 6
203244,CARTON DE 1000
203271,CARTON DE 6
203274,CARTON DE 1000
203282,CARTON DE 1000
203290,CARTON DE 25
203292,CARTON DE 6
203295,CARTON DE 6
203306,CARTON DE 6
203310,CARTON DE 1000
203321,CARTON DE 1000
203342,PIECE
203343,PIECE
203344,PIECE
203346,PIECE
203347,PIECE
203348,PIECE
203349,PIECE
203350,FLOWPACK
203353,CARTON ORIGINE DE 4
203354,CARTON B DE 4
203356,CARTON DE 1000
203357,CARTON DE 6
203364,1
203367,CARTON DE 1500
203368,CARTON DE 1000
203369,CARTON DE 1000
203370,1
203378,CARTON DE 1000
203379,1
203380,CARTON DE 6
203392,CARTON DE 6
203397,PIECE
203403,CARTON DE 6
203404,CARTON DE 1000
203419,CARTON DE 6
203420,CARTON DE 1000
203426,BOITE DE 100
203434,1
203441,PIECE
203443,CARTON DE 1000
203445,CARTON DE 6
203449,1
203450,PIECE
203456,CARTON DE 6
203457,CARTON DE 1000
203468,CARTON DE 6
203470,1
203483,CARTON DE 6
203494,CARTON DE 1000
203498,CARTON DE 6
203515,CARTON DE 12 PACKS
203533,CARTON DE 6
203536,CARTON DE 1000
203537,1
203542,CARTON DE 1000
203544,BOITE DE 50
203550,CARTON DE 6
203555,CARTON DE 6
203567,CARTON DE 6
203570,CARTON DE 1000
203574,CARTON DE 1000
203575,1
203594,CARTON DE 1000
203598,CARTON DE 1000
203607,CARTON DE 6
203626,CARTON DE 6
203643,CARTON DE 1000
203644,CARTON DE 500
203666,CARTON DE 6
203667,CARTON DE 1000
203669,1
203696,CARTON DE 1000
203710,CARTON A DE 50
203715,CARTON DE 1000
203716,1
203717,CARTON ORIGINE DE 4
203719,CARTON DE 1000
203728,CARTON DE 1000
203745,1
203750,1
203767,CARTON DE 1000
203768,1
203772,1
203778,CARTON DE 20
203779,CARTON DE 20
203791,CARTON DE 6
203796,CARTON DE 6
203797,CARTON DE 1000
203798,CARTON DE 1000
203809,CARTON DE 1000
203811,1
203812,CARTON DE 12 PACKS
203885,PIECE
203901,1
203913,1
203917,CARTON DE 6
203992,BOITE DE 100
204011,CARTON DE 6
204013,1
204016,CARTON DE 6
204023,CARTON DE 6
204043,CARTON DE 1000
204055,1
204056,CARTON DE 6
204061,1
204074,CARTON DE 6
204093,1
204099,CARTON DE 6
204108,CARTON DE 1000
204113,PIECE
204122,CARTON DE 6
204133,CARTON DE 1000
204135,CARTON DE 1000
204140,CARTON DE 6
204150,CARTON DE 1000
204162,1
204163,CARTON DE 1000
204165,CARTON CONTAINER DE 30
204170,CARTON DE 1000
204182,CARTON DE 1000
204186,CARTON DE 1000
204187,CARTON DE 1000
204189,CARTON DE 1000
204210,CARTON DE 6
204222,CARTON DE 6
204223,CARTON DE 1000
204224,CARTON DE 1500
204237,CARTON DE 6
204244,CARTON DE 6
204259,CARTON DE 6
204261,SACHET DE 22
204262,1
204264,1
204273,CARTON DE 1000
204281,CARTON DE 1000
204285,CARTON DE 1000
204301,CARTON DE 1000
204307,BOITE DE 100
204309,CARTON DE 6
204311,CARTON DE 1000
204312,CARTON DE 6
204317,CARTON DE 1000
204318,1
204334,1
204335,CARTON DE 6
204341,CARTON DE 6
204360,CARTON DE 6
204373,CARTON DE 1000
204377,1
204387,BOITE DE 100
204389,CARTON DE 1500
204391,CARTON DE 1000
204402,1
204403,CARTON DE 1000
204414,CARTON DE 6
204420,1
204426,CARTON DE 1000
204445,CARTON DE 24
204447,1
204448,CARTON DE 6
204455,CARTON DE 6
204458,CARTON DE 1000
204488,CARTON DE 1000
204490,CARTON DE 1000
204495,1
204507,CARTON DE 1000
204525,CARTON DE 1000
204526,CARTON DE 1000
204527,CARTON DE 1000
204528,CARTON DE 1000
204529,CARTON DE 1000
204530,CARTON DE 1000
204531,CARTON DE 1000
204532,CARTON DE 1000
204533,CARTON DE 1000
204534,CARTON DE 1000
204535,CARTON DE 1000
204536,CARTON DE 1000
204539,1
204545,1
204546,CARTON DE 1000
204547,1
204548,CARTON DE 1000
204550,CARTON DE 6
204553,CARTON DE 1000
204581,CARTON DE 1000
204584,1
204585,BOITE
204586,BOITE DE 50
204587,BOITE DE 50
204588,BOITE DE 25
204589,BOITE DE 50
204647,CARTON DE 1000
204648,1
204649,CARTON DE 1000
204650,1
204652,CARTON DE 24 PAQUETS D'ETUIS
204701,1
204703,1
204705,CARTON DE 1000
204710,1
204714,CARTON DE 6
204718,1
204721,CARTON DE 1000
204728,1
204738,CARTON DE 1000
204741,1
204742,1
204744,1
204746,BOITE
204747,BOITE
204748,BOITE
204749,PIECE
204763,CARTON DE 1000
204764,CARTON DE 1000
204771,CARTON DE 1000
204784,CARTON DE 500
204795,1
204800,CARTON DE 1000
204805,CARTON DE 1000
204807,1
204833,CARTON DE 1000
204834,1
204843,CARTON DE 1000
204844,1
204847,CARTON DE 6
204856,CARTON DE 6
204862,1
204866,SACHET DE 50
204869,CARTON DE 1000
204895,CARTON DE 6
204908,CARTON DE 6
204920,CARTON DE 1000
204951,CARTON DE 6
204952,CARTON DE 1000
204953,CARTON DE 1000
204962,CARTON DE 1000
204963,1
204966,1
204969,CARTON DE 6
204971,CARTON DE 1000
204978,1
204979,CARTON DE 6
205001,CARTON DE 1000
205003,CARTON DE 1000
205007,CARTON DE 1000
205011,CARTON DE 1000
205012,1
205014,CARTON DE 1000
205015,1
205017,CARTON DE 1000
205018,1
205020,CARTON DE 1000
205021,1
205023,CARTON DE 1000
205024,1
205026,CARTON DE 1000
205027,1
205029,CARTON DE 1000
205030,1
205032,CARTON DE 1000
205033,1
205046,CARTON DE 6
205051,1
205052,CARTON DE 1000
205056,CARTON DE 6
205060,CARTON DE 6
205070,CARTON DE 1000
205072,CARTON DE 1000
205089,CARTON DE 6
205094,CARTON DE 6
205097,CARTON DE 1000
205098,1
205111,CARTON DE 1000
205119,1
205123,CARTON DE 6
205125,CARTON DE 6
205170,CARTON DE 1000
205171,1
205184,CARTON DE 1000
205193,CARTON DE 6
205201,CARTON DE 6
205208,CARTON DE 6
205226,CARTON DE 1000
205228,CARTON DE 1000
205231,CARTON DE 1000
205244,CARTON DE 1000
205254,CARTON DE 6
205255,CARTON DE 1000
205258,CARTON DE 1000
205259,1
205262,CARTON DE 25
205267,SACHET DE 22
205268,SACHET DE 32
205273,CARTON DE 6
205279,1
205280,CARTON DE 6
205357,CARTON DE 1000
205358,1
205398,CARTON DE 1000
205399,1
205407,CARTON DE 1000
205410,CARTON DE 1000
205411,CARTON DE 1500
205414,CARTON DE 1000
205416,CARTON DE 6
205420,CARTON DE 1000
205423,CARTON DE 1000
205426,CARTON DE 1000
205427,CARTON DE 1000
205428,1
205445,1
205447,CARTON DE 1500
205454,CARTON DE 6
205472,CARTON DE 6
205474,CARTON DE 1000
205478,CARTON DE 6
205500,CARTON DE 25
205502,CARTON DE 1000
205520,CARTON DE 6
205524,CARTON DE 6
205529,CARTON DE 6
205531,1
205533,CARTON DE 6
205568,CARTON DE 6
205581,CARTON DE 6
205587,BOITE DE 300
205588,CARTON DE 6
205602,1
205604,CARTON DE 6
205613,CARTON DE 6
205617,CARTON DE 6
205634,CARTON B DE 4
205642,CARTON ORIGINE DE 4
205643,CARTON DE 1000
205646,1
205647,1
205654,CARTON DE 1000
205655,1
205661,1
205668,CARTON DE 1000
205681,PIECE
205703,CARTON DE 1000
205704,PIECE
205705,CARTON DE 1000
205706,1
205707,CARTON DE 1000
205709,CARTON DE 6
205711,CARTON DE 6
205716,1
205761,CARTON DE 1000
205762,1
205768,CARTON A DE 50
205791,CARTON DE 6
205820,CARTON DE 1000
205851,1
205852,1
205860,1
205872,CARTON DE 6
205873,CARTON DE 1000
205890,1
205927,CARTON DE 1000
205939,CARTON DE 6
205952,CARTON DE 6
205961,CARTON DE 6
205975,CARTON A DE 40
205976,CARTON DE 1000
205978,CARTON DE 1000
205979,CARTON DE 6
205986,CARTON DE 1000
205989,CARTON DE 6
205990,CARTON DE 1000
205991,CARTON DE 1000
205999,CARTON DE 1000
206002,CARTON CONTAINER DE 60
206020,1
206026,CARTON DE 6
206027,CARTON DE 6
206030,1
206042,CARTON DE 1000
206043,1
206046,CARTON DE 6
206058,CARTON DE 1000
206059,1
206060,CARTON DE 6
206064,CARTON DE 1000
206068,1
206069,CARTON DE 6
206077,CARTON DE 6
206082,CARTON DE 1000
206090,CARTON DE 1000
206093,1
206100,1
206103,CARTON DE 1000
206108,CARTON DE 6
206121,CARTON DE 1000
206122,1
206125,1
206126,CARTON DE 1000
206131,CARTON DE 1000
206136,CARTON DE 1000
206139,CARTON DE 1000
206149,1
206152,CARTON DE 1000
206153,CARTON DE 1500
206154,CARTON DE 6
206157,PIECE
206162,CARTON DE 1000
206163,1
206168,PIECE
206169,PIECE
206170,FLOWPACK
206180,1
206183,CARTON DE 1000
206184,1
206186,CARTON DE 1000
206202,CARTON DE 1000
206212,1
206213,CARTON DE 1000
206237,CARTON DE 6
206238,CARTON DE 1000
206240,1
206252,CARTON DE 6
206257,1
206263,CARTON DE 1000
206293,CARTON DE 6
206298,CARTON DE 1000
206301,CARTON DE 6
206311,1
206312,CARTON DE 1000
206333,CARTON DE 1000
206334,CARTON DE 6
206335,CARTON DE 1000
206336,CARTON DE 1000
206337,CARTON DE 6
206343,CARTON B DE 4
206359,CARTON DE 1000
206361,BOITE DE 300
206376,CARTON DE 6
206383,1
206384,CARTON DE 1000
206386,CARTON DE 1000
206389,CARTON DE 1000
206390,1
206402,CARTON DE 1000
206404,CARTON DE 1000
206432,CARTON DE 6
206449,1
206465,1
206466,CARTON DE 24
206467,1
206469,CARTON DE 1000
206476,CARTON DE 1000
206487,CARTON DE 6
206505,BOITE DE 100
206513,BOITE DE 300
206515,CARTON DE 1000
206517,CARTON DE 1000
206527,1
206535,1
206536,CARTON DE 1000
206537,CARTON DE 1000
206539,CARTON DE 1000
206543,CARTON DE 6
206558,CARTON DE 1000
206560,CARTON DE 1000
206565,CARTON DE 1000
206566,CARTON DE 1000
206580,CARTON DE 1000
206591,1
206602,CARTON DE 1000
206613,1
206630,CARTON DE 6
206639,CARTON DE 6
206657,CARTON DE 1000
206669,CARTON DE 6
206677,CARTON DE 1000
206682,CARTON DE 1000
206688,1
206691,CARTON DE 1000
206694,1
206704,CARTON DE 1000
206709,CARTON DE 1000
206710,CARTON DE 1000
206716,CARTON DE 6
206727,CARTON DE 6
206732,1
206735,CARTON DE 1000
206736,1
206737,CARTON DE 1000
206744,1
206758,CARTON DE 6
206766,CARTON DE 6
206770,CARTON DE 6
206772,CARTON DE 1000
206775,CARTON DE 1000
206785,CARTON DE 1000
206796,CARTON DE 6
206804,1
206808,CARTON DE 1000
206809,1
206810,SACHET DE 50
206811,SACHET DE 50
206817,PIECE
206825,CARTON DE 1000
206833,1
206842,PIECE
206843,PIECE
206844,PIECE
206846,CARTON DE 6
206856,CARTON DE 1000
206858,1
206869,CARTON DE 6
206876,CARTON DE 6
206886,CARTON DE 6
206889,CARTON DE 6
206901,CARTON DE 6
206909,CARTON DE 1000
206915,CARTON DE 1000
206916,1
206928,CARTON DE 1000
206950,CARTON DE 1000
206958,CARTON DE 6
206980,CARTON DE 1000
206982,1
206998,CARTON DE 6
207001,CARTON DE 1000
207018,CARTON DE 1000
207023,CARTON DE 1000
207036,CARTON DE 1000
207058,1
207063,CARTON DE 6
207108,CARTON DE 1000
207109,CARTON DE 6
207117,CARTON DE 6
207119,CARTON DE 6
207126,CARTON DE 12 PACKS
207131,1
207134,1
207154,CARTON DE 6
207156,CARTON DE 1000
207164,CARTON DE 6
207174,CARTON DE 1000
207177,CARTON DE 6
207184,CARTON DE 6
207191,CARTON DE 1000
207210,PIECE
207211,PIECE
207219,CARTON DE 6
207222,1
207224,CARTON DE 1000
207225,1
207237,BOITE DE 100
207238,BOITE DE 300
207240,BOITE DE 300
207241,BOITE DE 100
207244,BOITE DE 100
207245,BOITE DE 300
207259,CARTON DE 24
207266,CARTON DE 20
207267,CARTON DE 20
207274,CARTON DE 6
207277,CARTON DE 1000
207279,CARTON DE 1000
207291,BOITE
207292,BOITE
207293,BOITE
207294,BOITE
207295,BOITE
207296,BOITE
207297,BOITE
207298,BOITE
207299,BOITE
207300,BOITE
207310,CARTON DE 6
207330,CARTON DE 1000
207333,CARTON DE 6
207346,1
207374,1
207402,CARTON DE 1000
207403,CARTON DE 25
207407,1
207408,1
207413,CARTON DE 1000
207420,BOITE DE 100
207421,CARTON DE 1000
207422,1
207426,CARTON DE 1000
207452,1
207454,CARTON DE 1000
207467,CARTON DE 1000
207471,CARTON DE 1000
207472,CARTON DE 1000
207503,1
207504,CARTON DE 6
207520,CARTON DE 1000
207536,CARTON DE 24 PAQUETS D'ETUIS
207575,1
207578,1
207594,1
207596,1
207643,CARTON DE 1000
207646,1
207652,1
207656,1
207661,1
207662,BOITE DE 300
207676,CARTON DE 1000
207700,1
207701,CARTON DE 1000
207720,1
207723,1
207728,CARTON DE 1000
207754,CARTON DE 25
207772,1
207805,1
207807,CARTON DE 1000
207819,CARTON DE 6
207820,CARTON DE 1000
207858,1
207863,1
207865,CARTON DE 1000
207870,CARTON DE 1000
207874,1
207877,CARTON DE 12 PACKS
207879,PIECE
207889,CARTON DE 1000
207894,PIECE
207895,PIECE
207896,PIECE
207897,PIECE
207898,PIECE
207899,PIECE
207900,CARTON DE 6
207912,CARTON DE 1500
207913,CARTON DE 6
207929,1
207932,1
207934,CARTON DE 1000
207939,CARTON DE 1000
207941,CARTON DE 1000
207955,CARTON DE 25
207997,CARTON DE 6
208007,CARTON DE 1000
208008,1
208011,1
208022,PIECE
208023,BOITE
208024,PIECE
208025,BOITE DE 100
208043,1
208046,1
208049,CARTON DE 6
208063,CARTON DE 1000
208077,CARTON DE 1000
208131,CARTON DE 500
208133,1
208134,CARTON DE 1000
208152,CARTON DE 1000
208158,CARTON DE 1000
208174,BOITE DE 100
208180,CARTON DE 6
208186,CARTON DE 1000
208208,CARTON DE 1000
208212,1
208217,CARTON DE 1000
208220,CARTON CONTAINER DE 30
208223,CARTON CONTAINER DE 96
208238,1
208242,PIECE
208243,PIECE
208249,CARTON DE 1000
208251,CARTON DE 25
208269,CARTON DE 6
208281,1
208291,CARTON DE 40
208293,1
208299,1
208302,PIECE
208303,PIECE
208330,PIECE
208347,CARTON DE 1000
208350,1
208356,CARTON DE 1000
208357,CARTON DE 24 PAQUETS D'ETUIS
208372,CARTON DE 1000
208373,CARTON DE 1000
208376,1
208397,CARTON DE 1000
208406,1
208409,BOITE DE 300
208410,BOITE DE 100
208417,1
208419,1
208424,CARTON DE 1000
208438,CARTON DE 1000
208440,1
208445,CARTON DE 1000
208475,CARTON DE 6
208483,CARTON DE 1000
208484,CARTON DE 1000
208500,CARTON DE 1000
208503,PIECE
208504,PIECE
208505,PIECE
208506,PIECE
208507,PIECE
208508,PIECE
208509,PIECE
208510,PIECE
208511,PIECE
208512,PIECE
208513,PIECE
208514,SACHET DE 14
208515,SACHET DE 14
208516,SACHET DE 14
208517,PIECE
208518,SACHET DE 50
208519,BOITE
208520,BOITE
208540,1
208545,CARTON DE 1000
208560,CARTON DE 1000
208578,BOITE DE 100
208586,SACHET DE 15
208587,PIECE
208588,PIECE
208593,PIECE
208594,PIECE
208604,PIECE
208605,PIECE
208606,PIECE
208607,PIECE
208608,PIECE
208609,PIECE
208610,PIECE
208611,SACHET DE 100
208612,PIECE
208613,SACHET DE 10
208614,PIECE
208615,PIECE
208616,SACHET DE 100
208617,SACHET DE 100
208618,SACHET DE 100
208619,BOITE DE 100
208620,SACHET DE 100
208621,PIECE
208622,SACHET DE 100
208623,BOITE
208624,BOITE
208625,BOITE
208626,BOITE
208627,SACHET DE 50
208628,SACHET DE 250
208629,PIECE
208630,PIECE
208634,CARTON DE 1000
208656,1
208664,1
208665,CARTON DE 1000
208666,1
208701,CARTON DE 1000
208707,CARTON DE 1000
208715,1
208717,1
208779,CARTON DE 1000
208782,PIECE
208788,CARTON DE 1000
208791,CARTON DE 1000
208797,CARTON DE 1000
208827,PIECE
208828,PIECE
208829,PIECE
208830,PIECE
208831,PIECE
208832,CARTON DE 6
208862,CARTON DE 1000
208863,CARTON DE 6
208866,CARTON DE 1000
208877,CARTON DE 1000
208881,1
208882,CARTON DE 1000
208890,1
208896,CARTON DE 1000
208925,1
208929,1
208939,1
208945,CARTON DE 1500
208946,1
208948,CARTON DE 1000
208961,1
208962,PIECE
208963,CARTON DE 1000
208972,CARTON DE 1000
209004,CARTON DE 1000
209013,CARTON DE 25
209018,CARTON DE 1000
209019,1
209022,CARTON DE 1000
209029,CARTON DE 6
209031,CARTON DE 1000
209040,1
209041,PIECE
209042,PIECE
209049,CARTON DE 1000
209056,CARTON DE 1000
209057,1
209068,CARTON DE 1000
209087,1
209089,CARTON DE 1000
209105,CARTON DE 6
209131,CARTON DE 1000
209141,CARTON DE 1000
209146,CARTON DE 1000
209150,CARTON DE 6
209152,1
209165,CARTON DE 1000
209171,CARTON DE 1000
209184,CARTON DE 1000
209193,CARTON DE 1500
209241,CARTON DE 1000
209242,CARTON DE 1000
209250,BOITE
209251,BOITE
209252,PIECE
209253,PIECE
209257,CARTON DE 6
209265,1
209267,CARTON DE 1000
209268,1
209274,CARTON DE 1000
209289,CARTON DE 1000
209302,CARTON DE 1000
209309,CARTON DE 1000
209325,CARTON DE 1000
209344,CARTON DE 1000
209346,1
209354,CARTON DE 1000
209374,PIECE
209375,PIECE
209376,CARTON DE 1000
209377,CARTON DE 1000
209379,CARTON DE 1000
209380,CARTON DE 1000
209381,1
209386,1
209396,CARTON DE 1000
209397,1
209411,CARTON DE 1000
209416,CARTON DE 1000
209432,CARTON DE 1000
209437,CARTON DE 1000
209438,1
209453,1
209454,CARTON DE 1000
209455,CARTON DE 1000
209467,CARTON DE 1000
209468,1
209475,1
209491,CARTON DE 1000
209498,PIECE
209552,CARTON DE 1000
209563,1
209564,PIECE
209568,1
209582,PIECE
209583,SACHET DE 40
209584,SACHET DE 100
209585,SACHET DE 10
209586,SACHET DE 10
209587,SACHET DE 10
209588,BOITE DE 25
209589,BOITE DE 25
209590,BOITE DE 12
209591,SACHET DE 100
209592,SACHET DE 100
209593,PIECE
209594,SACHET DE 100
209595,PIECE
209596,BOITE DE 100
209597,SACHET DE 25
209598,BOITE DE 25
209599,BOITE DE 25
209600,BOITE DE 60
209601,BOITE DE 50
209602,BOITE DE 50
209603,BOITE DE 40
209604,BOITE DE 40
209605,BOITE DE 50
209606,BOITE DE 50
209608,CARTON DE 1000
209614,CARTON DE 1000
209627,CARTON DE 1000
209629,BOITE DE 100
209637,1
209640,1
209642,CARTON DE 1000
209658,CARTON DE 1000
209659,1
209681,CARTON DE 6
209702,1
209704,1
209708,CARTON DE 1000
209714,CARTON DE 1000
209726,CARTON DE 1000
209746,CARTON DE 1000
209759,CARTON DE 1000
209778,1
209793,CARTON DE 1000
209818,CARTON DE 24
209837,1
209841,1
209845,CARTON DE 12 PACKS
209850,1
209853,1
209874,CARTON DE 1000
209942,1
209945,CARTON DE 1000
209949,CARTON DE 1000
209956,CARTON DE 25
209959,CARTON DE 6
209976,CARTON DE 1000
209977,CARTON DE 1000
209978,CARTON DE 1000
209979,CARTON DE 6
209984,CARTON DE 1000
209986,1
209987,CARTON DE 1000
209988,CARTON DE 1000
209991,CARTON DE 1000
209997,CARTON DE 1000
210015,1
210017,1
210045,CARTON DE 1000
210085,CARTON DE 1000
210088,BOITE DE 300
210104,CARTON DE 6
210111,1
210116,CARTON DE 6
210121,CARTON DE 6
210122,CARTON DE 1000
210125,BOITE DE 100
210143,BOITE DE 12
210180,CARTON DE 1000
210181,1
210206,CARTON DE 1000
210208,1
210213,CARTON DE 1000
210214,CARTON DE 6
210232,CARTON DE 25
210245,CARTON DE 1000
210246,CARTON DE 1000
210262,CARTON DE 1000
210294,BOITE DE 300
210299,CARTON DE 1000
210301,CARTON DE 1000
210305,1
210308,CARTON DE 1000
210312,1
210316,PIECE
210317,SACHET DE 250
210318,PIECE
210319,SACHET DE 100
210320,BOITE DE 50
210321,BOITE DE 50
210322,BOITE DE 25
210323,BOITE DE 25
210324,BOITE DE 25
210325,BOITE DE 25
210326,BOITE DE 40
210327,BOITE DE 100
210347,CARTON DE 1000
210349,CARTON DE 1000
210351,CARTON DE 1000
210355,CARTON DE 1000
210369,PIECE
210370,CARTON DE 1000
210371,1
210380,CARTON DE 1000
210383,CARTON DE 1000
210392,CARTON DE 6
210401,1
210404,CARTON DE 1000
210437,CARTON DE 1000
210439,CARTON DE 1000
210440,CARTON DE 1000
210442,CARTON DE 1000
210443,SACHET DE 20
210444,SACHET DE 20
210445,PIECE
210446,PIECE
210447,PIECE
210448,PIECE
210476,CARTON DE 1000
210486,1
210488,CARTON B DE 4
210506,PIECE
210518,CARTON DE 1000
210557,CARTON A DE 9
210562,CARTON DE 1000
210570,1
210576,CARTON DE 1000
210582,1
210583,1
210585,CARTON DE 1000
210587,CARTON DE 1000
210605,CARTON DE 6
210612,CARTON DE 6
210625,CARTON DE 1000
210628,CARTON DE 1000
210630,CARTON DE 6
210634,CARTON DE 1000
210635,1
210648,CARTON DE 1000
210653,1
210687,CARTON DE 1000
210717,CARTON DE 1000
210730,CARTON DE 1000
210753,1
210755,1
210774,1
210780,CARTON DE 1000
210824,CARTON DE 12 PACKS
210829,CARTON DE 1000
210831,CARTON DE 1000
210832,CARTON DE 6
210835,CARTON DE 1000
210849,SACHET DE 50
210860,CARTON A DE 40
210861,CARTON DE 1000
210875,PIECE
210908,1
210911,CARTON DE 1000
210912,1
210913,CARTON DE 1000
210928,CARTON DE 6
210929,CARTON DE 20
210941,CARTON DE 1000
210960,CARTON DE 1000
210964,SACHET DE 20
210965,CARTON DE 1000
211004,PIECE
211005,PIECE
211006,PIECE
211018,CARTON A DE 50
211030,PIECE
211054,CARTON DE 1000
211060,CARTON DE 1000
211075,CARTON DE 1000
211077,CARTON DE 1000
211078,1
211082,BOITE DE 100
211083,BOITE DE 300
211084,BOITE DE 100
211085,BOITE DE 300
211087,BOITE DE 100
211088,BOITE DE 300
211089,BOITE DE 300
211093,PIECE
211109,CARTON DE 1000
211111,1
211127,CARTON DE 1000
211141,1
211161,CARTON DE 6
211168,CARTON DE 6
211192,CARTON DE 1000
211196,1
211213,CARTON A DE 50
211218,1
211228,CARTON DE 1000
211230,CARTON DE 1000
211238,CARTON DE 1000
211252,CARTON DE 1000
211269,CARTON DE 1000
211271,CARTON DE 25
211272,1
211296,CARTON DE 1000
211297,1
211304,CARTON DE 1000
211306,CARTON DE 1000
211309,CARTON DE 1000
211317,CARTON DE 1000
211332,CARTON DE 1000
211333,1
211338,CARTON DE 1000
211339,1
211346,CARTON DE 1000
211360,CARTON DE 1000
211361,1
211365,CARTON DE 1000
211396,CARTON DE 1000
211407,CARTON DE 1000
211473,CARTON DE 1000
211474,CARTON DE 1000
211475,CARTON DE 1000
211477,PIECE
211479,CARTON DE 1000
211487,CARTON DE 6
211489,CARTON DE 1000
211491,1
211514,CARTON DE 1000
211516,CARTON DE 1000
211517,1
211529,CARTON DE 1000
211548,CARTON DE 6
211550,CARTON DE 6
211551,PIECE
211569,CARTON DE 1000
211593,CARTON DE 1000
211594,1
211598,1
211599,CARTON DE 1000
211601,CARTON DE 1000
211616,1
211626,1
211627,CARTON DE 1000
211629,1
211631,CARTON DE 1000
211635,CARTON DE 1000
211643,CARTON DE 1000
211652,CARTON DE 1000
211662,CARTON DE 1000
211672,CARTON DE 1000
211681,CARTON DE 1000
211693,SACHET DE 50
211726,CARTON DE 1000
211744,1
211745,CARTON DE 6
211749,CARTON DE 6
211777,CARTON DE 1500
211778,CARTON DE 1000
211780,CARTON DE 1000
211789,CARTON DE 1000
211791,1
211794,CARTON DE 1000
211824,CARTON DE 1000
211835,PIECE
211836,PIECE
211845,CARTON DE 1000
211871,CARTON DE 1000
211872,1
211884,CARTON DE 1000
211892,PIECE
211893,PIECE
211894,BOITE
211895,BOITE
211900,1
211902,CARTON DE 1000
211903,PIECE
211905,CARTON DE 1000
211947,CARTON DE 500
211950,BOITE
211951,BOITE
211952,BOITE
211953,PIECE
211954,PIECE
211959,CARTON DE 1000
211961,1
212044,1
212047,1
212097,1
212101,1
212114,CARTON A DE 50
212126,BOITE DE 300
212129,CARTON DE 1000
212142,CARTON DE 1000
212148,1
212150,CARTON DE 6
212169,1
212174,1
212191,CARTON DE 1000
212198,BOITE DE 300
212203,CARTON DE 1000
212221,BOITE DE 100
212222,CARTON ORIGINE DE 4
212228,1
212242,1
212248,CARTON B DE 4
212282,PIECE
212329,PIECE
212348,PIECE
212354,CARTON DE 6
212367,CARTON DE 1000
212381,CARTON DE 1000
212399,CARTON DE 1000
212426,PIECE
212441,CARTON DE 1000
212452,CARTON DE 1000
212455,1
212456,CARTON DE 1000
212474,CARTON DE 6
212526,CARTON DE 1000
212539,CARTON DE 6
212548,CARTON DE 1000
212549,CARTON DE 1500
212584,1
212586,1
212628,PIECE
212629,PIECE
212630,PIECE
212651,CARTON DE 1000
212676,CARTON DE 1000
212678,CARTON DE 6
212683,PIECE
212685,CARTON DE 1000
212686,CARTON DE 1000
212696,PIECE
212705,CARTON DE 1000
212706,1
212707,CARTON DE 1000
212708,CARTON DE 1500
212711,CARTON DE 1000
212716,CARTON DE 1000
212717,BOITE
212725,CARTON DE 1000
212729,CARTON DE 1000
212739,CARTON DE 1000
212766,1
212770,CARTON DE 1000
212771,1
212781,PIECE
212793,CARTON DE 1000
212794,1
212795,CARTON DE 1000
212812,PIECE
212819,CARTON DE 1000
212820,1
212831,CARTON DE 1000
212848,1
212859,BOITE DE 30
212886,BOITE
212887,BOITE
212888,PIECE
212889,PIECE
212890,PIECE
212891,PIECE
212892,PIECE
212893,PIECE
212894,PIECE
212895,PIECE
212907,1
212925,1
212926,CARTON DE 1000
212950,PIECE
212973,CARTON DE 1000
213014,CARTON DE 1000
213015,CARTON DE 1000
213042,1
213046,CARTON DE 6
213053,BOITE DE 100
213066,1
213073,CARTON DE 1000
213080,CARTON DE 6
213087,CARTON DE 1000
213094,1
213096,CARTON DE 1000
213120,CARTON DE 1000
213148,CARTON DE 1000
213149,CARTON DE 1000
213150,1
213155,1
213168,1
213170,1
213173,CARTON DE 1000
213202,1
213211,CARTON DE 25
213226,CARTON DE 6
213246,BOITE DE 100
213253,CARTON DE 1000
213257,CARTON DE 24
213285,CARTON DE 1000
213286,CARTON DE 1000
213287,1
213292,CARTON DE 1000
213297,1
213311,CARTON DE 1000
213316,BOITE DE 100
213327,BOITE DE 100
213328,BOITE DE 100
213355,CARTON DE 1000
213358,1
213370,CARTON DE 1000
213377,CARTON DE 1000
213381,1
213382,1
213396,CARTON DE 1000
213398,CARTON DE 1000
213413,CARTON DE 1000
213439,1
213443,BOITE DE 300
213445,1
213451,CARTON DE 1000
213477,PIECE
213478,PIECE
213485,CARTON DE 1000
213486,1
213487,CARTON DE 1000
213489,1
213495,CARTON DE 1000
213502,PIECE
213503,PIECE
213525,1
213532,CARTON DE 1000
213536,SACHET DE 50
213537,CARTON DE 1000
213538,CARTON DE 12 PACKS
213540,1
213546,CARTON DE 1000
213547,1
213566,BOITE DE 100
213589,1
213599,CARTON DE 12 PACKS
213631,CARTON DE 1000
213632,1
213656,1
213671,PIECE
213672,PIECE
213673,BOITE DE 300
213675,CARTON DE 1000
213677,CARTON DE 1000
213678,1
213679,CARTON DE 1000
213680,1
213695,CARTON DE 1000
213696,1
213706,CARTON A DE 40
213714,1
213721,1
213755,CARTON DE 1000
213757,SACHET DE 10
213758,SACHET DE 10
213759,SACHET DE 10
213760,SACHET DE 10
213774,CARTON DE 1000
213778,1
213794,CARTON DE 6
213862,PIECE
213869,1
213870,CARTON DE 1000
213872,1
213884,1
213892,CARTON D DE 30
213917,CARTON DE 1000
213924,1
213928,CARTON DE 1000
213934,1
213941,1
213955,1
213960,CARTON DE 1000
213969,CARTON DE 1000
213973,1
213974,CARTON DE 1000
213978,PIECE
213991,1
214009,BOITE DE 100
214013,CARTON DE 1000
214014,1
214015,CARTON DE 6
214017,CARTON DE 1000
214052,CARTON DE 1000
214053,1
214058,CARTON DE 24
214063,CARTON DE 1000
214074,CARTON DE 1000
214075,1
214086,CARTON DE 1000
214106,BOITE DE 12
214107,1
214113,CARTON DE 1000
214116,CARTON DE 24
214118,1
214125,BOITE DE 300
214138,CARTON DE 1000
214146,CARTON DE 1000
214154,CARTON DE 1000
214155,CARTON DE 1000
214166,CARTON DE 1000
214167,1
214172,CARTON DE 1000
214177,CARTON DE 1500
214178,CARTON DE 1000
214186,1
214188,PIECE
214189,PIECE
214192,CARTON DE 1000
214198,CARTON DE 12 PACKS
214214,1
214215,CARTON DE 1000
214236,BOITE
214237,BOITE
214238,BOITE
214239,BOITE
214240,BOITE
214241,BOITE
214242,BOITE
214249,PIECE
214254,CARTON DE 1000
214258,CARTON DE 1000
214276,CARTON DE 1000
214283,CARTON DE 1000
214294,CARTON DE 12 PACKS
214311,BOITE DE 300
214323,BOITE DE 300
214347,CARTON DE 1000
214359,PIECE
214360,PIECE
214363,CARTON DE 1000
214423,1
214426,CARTON DE 1000
214447,CARTON DE 1000
214453,1
214480,CARTON DE 1000
214481,1
214485,CARTON DE 1000
214487,CARTON DE 500
214488,CARTON DE 6
214528,CARTON DE 1000
214540,CARTON DE 20
214546,CARTON DE 20
214553,CARTON DE 25
214561,1
214569,1
214573,BOITE DE 100
214599,CARTON DE 1000
214600,CARTON DE 1000
214606,CARTON DE 1000
214623,CARTON DE 1000
214634,PIECE
214638,CARTON DE 1000
214642,CARTON DE 1000
214668,1
214674,1
214676,1
214677,CARTON CONTAINER DE 48
214682,CARTON DE 1000
214691,CARTON DE 1000
214692,1
214702,1
214720,1
214721,CARTON DE 1000
214760,CARTON DE 1000
214761,1
214768,CARTON DE 1000
214771,1
214790,CARTON DE 1000
214800,FLOWPACK
214802,CARTON DE 1000
214803,1
214823,CARTON DE 1000
214859,CARTON DE 1000
214861,CARTON DE 25
214865,1
214869,CARTON DE 1000
214877,CARTON DE 24 PAQUETS D'ETUIS
214878,CARTON DE 1000
214891,CARTON DE 1000
214924,1
214965,1
214996,1
215004,1
215006,1
215010,CARTON DE 1000
215026,CARTON DE 1000
215031,CARTON DE 25
215059,CARTON DE 1000
215060,CARTON DE 1000
215061,1
215062,CARTON DE 1000
215077,CARTON DE 1000
215078,1
215090,1
215099,CARTON DE 25
215132,1
215156,1
215160,1
215188,1
215192,1
215193,CARTON DE 1000
215194,CARTON DE 1000
215204,CARTON DE 1000
215218,CARTON DE 1000
215219,1
215221,CARTON DE 1000
215228,CARTON DE 1000
215234,1
215257,CARTON DE 1500
215280,CARTON DE 1000
215281,1
215282,CARTON DE 1000
215288,CARTON DE 1000
215290,1
215292,CARTON DE 1000
215297,1
215298,CARTON DE 1000
215299,CARTON DE 1000
215300,CARTON DE 1000
215326,PIECE
215333,CARTON DE 1000
215334,CARTON DE 6
215336,CARTON DE 1000
215337,1
215344,1
215345,PIECE
215348,1
215367,1
215369,1
215409,1
215411,CARTON DE 1000
215413,BOITE DE 100
215427,CARTON DE 1000
215433,CARTON DE 1000
215450,CARTON DE 1000
215451,CARTON DE 1500
215455,CARTON DE 1000
215456,1
215466,CARTON DE 1000
215500,CARTON DE 1000
215539,CARTON DE 1000
215548,CARTON DE 1000
215584,CARTON CONTAINER DE 60
215587,CARTON DE 1000
215615,BOITE DE 300
215617,CARTON DE 6
215619,CARTON DE 1000
215620,1
215627,CARTON DE 1000
215636,1
215647,CARTON DE 1000
215648,CARTON DE 1000
215658,1
215660,1
215661,CARTON DE 1000
215708,PIECE
215756,1
215778,CARTON A DE 40
215780,CARTON DE 1000
215785,PIECE
215786,PIECE
215809,CARTON DE 1000
215815,PIECE
215816,PIECE
215823,CARTON DE 1000
215824,CARTON DE 1000
215825,1
215842,CARTON DE 1000
215858,CARTON DE 1000
215859,CARTON DE 1000
215860,CARTON DE 1000
215864,CARTON DE 1000
215865,1
215866,CARTON DE 1000
215870,CARTON DE 1000
215875,1
215878,CARTON DE 1000
215886,CARTON DE 1000
215888,CARTON DE 25
215899,CARTON CONTAINER DE 60
215914,1
215944,CARTON DE 1000
215945,1
215953,CARTON DE 1000
215955,CARTON DE 1000
215956,1
215971,1
215972,CARTON DE 1000
215975,CARTON DE 1000
215988,1
215996,CARTON DE 1000
216000,CARTON DE 1000
216038,CARTON DE 1000
216040,1
216042,CARTON DE 1000
216043,CARTON DE 1000
216060,1
216066,CARTON DE 1000
216070,CARTON DE 1000
216080,CARTON DE 1000
216083,CARTON DE 1000
216108,CARTON DE 1000
216118,CARTON DE 1000
216129,1
216134,CARTON DE 1000
216135,CARTON DE 1000
216136,1
216139,CARTON DE 1000
216141,1
216148,1
216160,CARTON DE 1000
216161,1
216171,CARTON DE 1000
216174,CARTON DE 1000
216175,CARTON DE 1000
216176,CARTON DE 6
216178,1
216180,1
216199,CARTON DE 1000
216225,CARTON DE 1000
216239,CARTON DE 1000
216240,CARTON DE 1000
216256,BOITE DE 100
216271,PIECE
216294,1
216295,CARTON DE 1000
216299,1
216300,1
216301,1
216303,CARTON DE 1000
216305,1
216323,PIECE
216334,1
216360,CARTON DE 1000
216361,1
216382,CARTON DE 1000
216396,CARTON DE 1000
216418,1
216427,BOITE DE 100
216440,BOITE DE 100
216442,CARTON DE 1000
216468,CARTON DE 1000
216469,1
216471,1
216475,CARTON DE 25
216481,CARTON DE 1000
216483,CARTON DE 1000
216492,CARTON DE 40
216494,1
216499,CARTON DE 1000
216509,CARTON DE 1000
216524,CARTON DE 1000
216554,SACHET DE 30
216567,CARTON DE 1000
216576,CARTON DE 1000
216578,CARTON DE 1000
216580,1
216584,CARTON DE 1000
216586,CARTON DE 1000
216608,CARTON DE 25
216618,1
216625,CARTON ORIGINE DE 4
216626,CARTON B DE 4
216638,CARTON DE 1000
216651,CARTON DE 1000
216672,CARTON DE 1000
216683,CARTON DE 1000
216684,1
216700,PIECE
216703,BOITE DE 100
216720,1
216723,CARTON DE 1000
216734,1
216752,1
216767,CARTON DE 1000
216799,CARTON DE 6
216808,CARTON DE 1000
216810,CARTON DE 24 PAQUETS D'ETUIS
216813,1
216828,CARTON DE 1000
216833,CARTON DE 1000
216836,CARTON DE 1000
216850,1
216854,CARTON DE 1000
216859,CARTON DE 25
216881,BOITE DE 100
216887,CARTON DE 1000
216907,CARTON DE 20
216911,CARTON DE 20
216974,1
216976,CARTON DE 1000
216984,CARTON DE 1000
216987,CARTON DE 1000
216989,CARTON DE 1000
217006,CARTON DE 1000
217014,CARTON DE 1000
217024,1
217033,CARTON DE 1000
217035,CARTON DE 1000
217036,1
217039,1
217044,1
217062,CARTON DE 1000
217063,CARTON DE 1000
217064,CARTON DE 1000
217075,CARTON DE 1000
217082,1
217094,CARTON DE 6
217101,CARTON DE 1000
217109,CARTON DE 1000
217115,CARTON DE 1000
217148,1
217154,SACHET DE 50
217155,SACHET DE 50
217156,PIECE
217157,PIECE
217158,PIECE
217159,SACHET DE 25
217160,25
217161,25
217162,25
217163,1
217164,1
217165,1
217166,1
217218,CARTON DE 1000
217235,CARTON DE 1000
217244,CARTON DE 1000
217262,CARTON DE 1000
217265,CARTON DE 1000
217273,CARTON DE 1000
217274,CARTON DE 1000
217275,CARTON DE 1500
217276,1
217278,1
217281,SACHET DE 20
217290,BOITE DE 100
217301,PIECE
217302,PIECE
217304,CARTON DE 1000
217311,CARTON DE 1000
217327,CARTON DE 1000
217330,SACHET DE 20
217331,PIECE
217340,CARTON DE 6
217384,SACHET DE 20
217386,CARTON DE 1000
217395,1
217407,CARTON DE 1000
217408,CARTON DE 1500
217410,CARTON DE 1000
217414,CARTON DE 1000
217426,CARTON DE 1000
217427,1
217469,1
217485,CARTON DE 1000
217486,1
217493,CARTON DE 1000
217497,CARTON DE 1000
217498,CARTON DE 1000
217499,CARTON DE 1000
217506,CARTON DE 1000
217507,1
217512,1
217523,1
217524,SACHET DE 20
217537,1
217557,1
217562,CARTON DE 1000
217567,SACHET DE 50
217595,CARTON DE 1000
217597,SACHET DE 20
217606,CARTON DE 1000
217615,1
217637,CARTON DE 1000
217649,CARTON DE 1500
217650,CARTON DE 1000
217653,CARTON DE 1000
217654,1
217662,CARTON DE 1000
217665,1
217676,PIECE
217677,PIECE
217678,CARTON DE 1500
217682,1
217685,1
217696,CARTON DE 1000
217712,1
217729,CARTON DE 25
217734,CARTON DE 1000
217749,1
217750,PIECE
217752,1
217758,1
217759,1
217762,SACHET DE 100
217763,SACHET DE 50
217764,FLOWPACK
217767,1
217779,SACHET DE 100
217780,SACHET DE 50
217781,FLOWPACK
217782,CARTON DE 1000
217785,SACHET DE 100
217786,SACHET DE 50
217787,FLOWPACK
217792,SACHET DE 100
217793,SACHET DE 50
217794,FLOWPACK
217795,CARTON DE 1000
217809,CARTON DE 1000
217813,CARTON DE 12 PACKS
217828,CARTON A DE 9
217851,1
217853,1
217880,CARTON DE 1000
217884,1
217906,CARTON DE 6
217909,1
217912,BOITE DE 100
217913,BOITE DE 300
217935,CARTON DE 1000
217936,CARTON DE 1000
217957,1
217959,CARTON DE 1000
217960,1
217976,1
218027,PIECE
218034,PIECE
218035,PIECE
218036,PIECE
218037,PIECE
218038,PIECE
218069,PIECE
218070,PIECE
218071,PIECE
218072,PIECE
218073,PIECE
218075,PIECE
218076,PIECE
218086,1
218087,CARTON DE 1000
218111,SACHET DE 100
218114,CARTON DE 1000
218115,1
218129,CARTON DE 1000
218138,CARTON DE 1000
218144,CARTON DE 1000
218154,CARTON DE 1000
218160,CARTON DE 1000
218191,CARTON DE 1000
218219,1
218224,CARTON DE 1000
218232,CARTON DE 1000
218236,CARTON DE 1000
218237,CARTON DE 6
218252,PIECE
218253,PIECE
218254,PIECE
218263,PIECE
218283,CARTON DE 1000
218286,CARTON DE 1000
218311,1
218319,CARTON DE 1000
218329,CARTON DE 1000
218331,CARTON DE 1000
218337,CARTON DE 1000
218343,PIECE
218348,1
218354,CARTON DE 1000
218366,CARTON DE 1000
218382,1
218412,PIECE
218413,PIECE
218436,1
218454,CARTON DE 1000
218472,CARTON DE 1000
218474,CARTON DE 25
218496,CARTON DE 1000
218497,CARTON DE 1000
218498,1
218499,CARTON DE 1000
218534,PIECE
218580,CARTON DE 1000
218581,1
218586,1
218588,CARTON DE 1000
218589,1
218590,PIECE
218591,PIECE
218592,PIECE
218593,PIECE
218594,PIECE
218595,SACHET DE 10
218619,CARTON DE 1000
218625,CARTON DE 1000
218633,1
218634,CARTON DE 1000
218635,1
218644,CARTON DE 1000
218672,PIECE
218682,PIECE
218683,PIECE
218684,PIECE
218685,PIECE
218697,CARTON ORIGINE DE 4
218742,1
218747,CARTON DE 1000
218751,CARTON DE 1000
218752,1
218766,BOITE DE 100
218770,BOITE DE 100
218771,BOITE DE 300
218772,CARTON DE 1000
218774,BOITE DE 300
218802,PIECE
218826,1
218837,CARTON DE 1000
218846,1
218860,1
218862,CARTON DE 1000
218917,1
218928,1
218933,1
218934,1
218944,1
218963,CARTON DE 1000
219002,1
219029,1
219030,CARTON DE 1000
219037,PIECE
219038,PIECE
219039,PIECE
219040,PIECE
219041,PIECE
219042,PIECE
219043,PIECE
219044,PIECE
219063,BOITE DE 100
219081,CARTON DE 1000
219111,CARTON DE 1000
219112,CARTON DE 1000
219113,1
219125,CARTON DE 1000
219135,1
219141,CARTON DE 1000
219151,CARTON DE 12 PACKS
219208,CARTON DE 1000
219210,CARTON DE 1000
219213,CARTON DE 1000
219214,1
219224,BOITE DE 100
219225,CARTON DE 1000
219229,BOITE DE 300
219233,CARTON DE 1000
219236,1
219242,PIECE
219243,PIECE
219244,PIECE
219245,PIECE
219246,PIECE
219247,PIECE
219248,PIECE
219251,CARTON DE 1000
219258,CARTON DE 1000
219265,CARTON DE 1000
219266,1
219276,CARTON DE 1000
219278,CARTON DE 1000
219295,CARTON CONTAINER DE 96
219296,CARTON DE 1000
219311,CARTON DE 1000
219313,CARTON DE 1000
219315,CARTON DE 1000
219332,CARTON DE 1000
219334,CARTON DE 1000
219341,CARTON DE 1500
219342,CARTON DE 1000
219344,1
219345,CARTON DE 1000
219372,1
219385,CARTON DE 1000
219387,1
219402,CARTON DE 1000
219408,CARTON DE 6
219409,CARTON DE 1000
219411,1
219412,PIECE
219413,PIECE
219414,PIECE
219417,CARTON DE 1000
219436,1
219437,CARTON DE 1000
219443,CARTON DE 1000
219453,1
219476,BOITE DE 300
219477,BOITE DE 100
219478,BOITE DE 300
219486,1
219488,CARTON DE 1000
219489,CARTON DE 1000
219492,1
219513,1
219518,CARTON DE 1000
219525,CARTON DE 1000
219531,1
219543,CARTON DE 1000
219551,CARTON DE 1000
219552,1
219556,CARTON DE 1000
219594,1
219629,1
219631,CARTON DE 1000
219644,CARTON DE 1000
219675,CARTON DE 1000
219687,CARTON DE 1000
219689,CARTON DE 1000
219699,CARTON DE 1000
219720,CARTON DE 1000
219724,CARTON DE 1000
219734,CARTON DE 1000
219744,SACHET DE 50
219745,PIECE
219746,PIECE
219747,SACHET DE 50
219748,PIECE
219749,SACHET DE 50
219750,PIECE
219757,CARTON DE 1000
219760,1
219761,CARTON DE 1000
219762,1
219771,CARTON DE 1000
219772,CARTON DE 1000
219785,CARTON DE 6
219822,CARTON ORIGINE DE 4
219826,1
219865,CARTON DE 1000
219873,CARTON DE 1000
219876,BOITE DE 100
219884,1
219887,CARTON DE 1000
219888,1
219889,CARTON DE 1000
219938,1
219972,CARTON DE 40
219994,CARTON DE 1000
219995,1
219997,CARTON DE 1000
219998,1
220006,CARTON DE 1000
220007,1
220009,CARTON DE 1000
220010,1
220016,CARTON DE 1000
220023,CARTON DE 1000
220029,CARTON DE 1500
220030,CARTON DE 1000
220031,CARTON DE 1000
220042,1
220049,1
220056,CARTON DE 1000
220057,1
220063,CARTON DE 1000
220064,1
220069,CARTON DE 1000
220070,CARTON DE 24 PAQUETS D'ETUIS
220077,1
220085,CARTON DE 1000
220096,1
220101,CARTON DE 1000
220115,CARTON DE 1000
220127,BOITE DE 300
220156,CARTON DE 1000
220161,CARTON DE 1000
220168,1
220169,SACHET DE 50
220170,CARTON DE 1000
220177,BOITE DE 100
220178,BOITE DE 300
220190,CARTON DE 1000
220194,1
220200,CARTON DE 1000
220208,CARTON DE 1000
220210,1
220222,CARTON DE 1000
220226,CARTON DE 12 PACKS
220236,1
220246,CARTON DE 1000
220264,1
220274,CARTON DE 20
220275,CARTON DE 20
220277,CARTON DE 1000
220278,CARTON DE 1000
220280,1
220295,1
220296,CARTON DE 25
220313,1
220370,CARTON DE 1000
220374,1
220388,1
220389,PIECE
220395,CARTON DE 1000
220406,CARTON A DE 40
220410,1
220431,CARTON DE 1000
220432,CARTON DE 1000
220433,1
220439,1
220461,BOITE DE 100
220462,BOITE DE 300
220478,1
220507,CARTON DE 25
220510,CARTON DE 1000
220521,CARTON DE 1000
220570,CARTON CONTAINER DE 60
220571,CARTON DE 1000
220574,1
220576,CARTON DE 1000
220577,CARTON DE 6
220605,SACHET DE 10
220612,1
220627,1
220636,CARTON DE 1000
220663,CARTON DE 1000
220664,1
220693,BOITE DE 100
220707,CARTON DE 1000
220708,CARTON DE 1000
220716,CARTON DE 6
220737,CARTON DE 1000
220749,1
220751,CARTON DE 1000
220757,CARTON DE 1000
220785,CARTON DE 1000
220792,1
220794,1
220795,CARTON DE 1000
220822,1
220839,CARTON DE 1000
220840,1
220843,CARTON DE 1000
220861,CARTON DE 1000
220866,1
220898,1
220908,1
220915,1
220916,CARTON DE 1000
220918,CARTON DE 1000
220927,CARTON DE 1000
220974,CARTON DE 1000
220995,BOITE DE 12
220996,CARTON DE 1000
221001,CARTON DE 1000
221002,CARTON DE 1000
221004,1
221008,1
221009,CARTON DE 1000
221010,1
221040,CARTON DE 1000
221064,PIECE
221065,PIECE
221066,PIECE
221084,CARTON DE 1000
221085,1
221089,CARTON DE 1000
221090,1
221132,CARTON DE 1000
221133,CARTON DE 1500
221134,CARTON DE 1000
221136,CARTON DE 1000
221158,1
221185,CARTON D DE 30
221224,CARTON DE 1500
221227,CARTON DE 1000
221229,BOITE DE 50
221253,CARTON DE 12 PACKS
221265,CARTON DE 1000
221293,CARTON DE 1000
221306,BOITE DE 100
221308,CARTON DE 1000
221315,CARTON DE 1000
221320,CARTON DE 1000
221325,CARTON DE 1000
221331,CARTON DE 1000
221332,CARTON DE 1000
221342,PIECE
221343,PIECE
221344,PIECE
221345,PIECE
221346,PIECE
221347,PIECE
221348,PIECE
221349,PIECE
221350,PIECE
221351,PIECE
221352,PIECE
221353,PIECE
221354,PIECE
221355,PIECE
221356,PIECE
221357,PIECE
221358,PIECE
221359,PIECE
221378,SACHET DE 50
221379,PIECE
221380,SACHET DE 25
221381,PIECE
221382,PIECE
221383,PIECE
221384,PIECE
221385,PIECE
221386,PIECE
221387,SACHET DE 50
221388,PIECE
221389,PIECE
221390,PIECE
221391,PIECE
221392,PIECE
221393,PIECE
221394,PIECE
221395,PIECE
221413,CARTON DE 1000
221414,CARTON DE 1500
221456,1
221458,CARTON DE 6
221488,1
221511,1
221527,1
221540,CARTON DE 1000
221541,1
221542,CARTON DE 1500
221552,CARTON DE 24 PAQUETS D'ETUIS
221589,CARTON DE 1000
221590,1
221599,1
221601,PIECE
221602,CARTON DE 1000
221604,CARTON DE 12 PACKS
221623,PIECE
221624,PIECE
221625,PIECE
221642,BOITE DE 100
221643,BOITE DE 300
221659,1
221660,CARTON DE 1000
221671,1
221673,CARTON DE 1000
221674,1
221687,CARTON DE 1000
221693,1
221701,CARTON DE 1000
221707,CARTON DE 1000
221708,1
221709,CARTON DE 1000
221763,1
221792,CARTON DE 1000
221818,CARTON DE 1000
221831,PIECE
221852,CARTON DE 1000
221858,1
221867,CARTON DE 1000
221881,CARTON DE 1000
221882,CARTON DE 1000
221891,CARTON DE 1000
221946,CARTON DE 1000
221947,1
221955,CARTON DE 1000
221964,CARTON DE 1000
221965,CARTON DE 1000
221995,1
222001,BOITE DE 100
222022,CARTON DE 1000
222033,1
222044,CARTON A DE 50
222060,CARTON DE 1000
222061,CARTON DE 1000
222073,CARTON DE 1000
222092,CARTON DE 1000
222095,CARTON DE 1000
222102,CARTON DE 1000
222105,1
222108,CARTON DE 1000
222111,1
222143,CARTON DE 1000
222156,CARTON DE 1000
222157,CARTON DE 1000
222184,CARTON DE 1000
222193,CARTON DE 1000
222207,BOITE DE 100
222208,BOITE DE 300
222235,BOITE
222238,1
222247,CARTON DE 1000
222249,CARTON DE 1000
222260,1
222276,CARTON DE 1000
222277,1
222281,CARTON A DE 30
222299,PIECE
222317,CARTON DE 1000
222318,CARTON DE 1000
222324,1
222337,1
222338,1
222352,1
222356,1
222357,CARTON DE 1000
222362,CARTON DE 1000
222397,CARTON DE 1000
222414,CARTON DE 1000
222418,CARTON DE 1000
222433,1
222453,CARTON DE 1000
222458,CARTON DE 1000
222461,CARTON DE 1000
222462,1
222471,BOITE DE 300
222472,BOITE DE 100
222473,BOITE DE 300
222474,BOITE DE 100
222475,BOITE DE 300
222477,BOITE DE 100
222478,BOITE DE 300
222480,1
222488,CARTON DE 1000
222489,1
222490,CARTON DE 1000
222493,CARTON ORIGINE DE 4
222496,CARTON DE 1000
222497,1
222510,BOITE DE 100
222548,1
222549,CARTON DE 1000
222573,CARTON DE 1000
222604,CARTON DE 1000
222627,CARTON DE 1000
222638,CARTON DE 6
222646,PIECE
222649,CARTON DE 1000
222684,CARTON DE 1000
222707,CARTON DE 25
222732,CARTON DE 1000
222734,CARTON DE 1000
222736,CARTON DE 1000
222745,CARTON DE 1000
222763,PIECE
222765,1
222767,CARTON DE 1000
222786,CARTON DE 1000
222787,CARTON DE 24 PAQUETS D'ETUIS
222793,1
222794,PIECE
222809,CARTON A DE 40
222810,CARTON DE 1000
222819,CARTON DE 1000
222835,CARTON DE 12 PACKS
222841,CARTON DE 1000
222843,1
222845,CARTON CONTAINER DE 60
222847,CARTON DE 24 PAQUETS D'ETUIS
222863,1
222869,1
222874,1
222906,CARTON DE 1000
222931,BOITE DE 100
222932,BOITE DE 300
222934,CARTON DE 1000
222940,BOITE DE 300
222944,CARTON DE 1000
222945,1
222955,CARTON DE 1000
222993,1
223003,CARTON DE 1000
223029,CARTON DE 1000
223039,PIECE
223054,CARTON DE 1000
223056,CARTON CONTAINER DE 60
223057,CARTON CONTAINER DE 80
223058,CARTON CONTAINER DE 60
223060,1
223063,CARTON DE 6
223069,PIECE
223097,CARTON DE 1000
223102,CARTON DE 1000
223103,1
223110,CARTON DE 1000
223115,CARTON DE 1000
223117,1
223118,CARTON DE 1000
223119,CARTON DE 1000
223123,1
223138,CARTON A DE 50
223149,1
223155,CARTON DE 1000
223156,CARTON DE 12 PACKS
223183,CARTON DE 1000
223189,CARTON DE 1000
223192,1
223206,CARTON DE 25
223218,CARTON DE 1000
223225,CARTON DE 1000
223226,BOITE
223227,BOITE
223228,BOITE
223229,BOITE
223230,PIECE
223232,BOITE DE 100
223233,BOITE DE 300
223234,BOITE DE 300
223238,BOITE DE 100
223240,BOITE DE 300
223247,CARTON DE 1000
223255,CARTON DE 1000
223257,CARTON DE 1000
223258,CARTON DE 1000
223265,CARTON DE 1000
223284,CARTON DE 1000
223286,1
223301,CARTON DE 1000
223318,CARTON DE 1000
223325,CARTON DE 1000
223328,CARTON DE 1000
223329,CARTON DE 1000
223331,CARTON DE 1000
223334,BOITE DE 100
223349,CARTON DE 1000
223353,BOITE DE 300
223372,CARTON DE 1000
223388,CARTON DE 1000
223390,CARTON DE 1000
223391,1
223392,CARTON DE 1000
223411,PIECE
223412,PIECE
223415,1
223419,1
223421,CARTON DE 1000
223422,1
223425,1
223431,CARTON DE 1000
223432,CARTON DE 1000
223433,CARTON DE 1000
223434,1
223442,CARTON DE 1000
223443,1
223449,1
223459,CARTON DE 1000
223460,1
223461,CARTON DE 1000
223487,CARTON DE 1000
223499,CARTON A DE 30
223506,PIECE
223532,CARTON DE 20
223544,CARTON DE 1000
223553,CARTON DE 1000
223556,CARTON DE 1000
223562,CARTON DE 1000
223567,CARTON DE 1000
223583,CARTON DE 1000
223584,1
223709,1
223729,CARTON DE 6
223735,1
223736,CARTON DE 1000
223758,1
223760,CARTON DE 1000
223761,1
223765,1
223766,CARTON DE 1000
223767,1
223799,1
223802,CARTON DE 1000
223817,CARTON DE 1000
223822,CARTON DE 1000
223844,CARTON DE 12 PACKS
223846,BOITE DE 100
223853,CARTON DE 1000
223857,CARTON DE 1000
223870,CARTON DE 1000
223875,1
223878,PIECE
223887,CARTON DE 1000
223909,CARTON DE 1000
223920,CARTON DE 1000
223931,CARTON DE 1000
223932,CARTON DE 6
223937,CARTON DE 1000
223955,1
223965,BOITE DE 50
223966,BOITE DE 50
223967,BOITE DE 50
223968,BOITE DE 50
223969,BOITE DE 50
223971,CARTON A DE 40
223987,CARTON DE 1000
223993,CARTON DE 1000
224022,CARTON DE 1000
224028,CARTON DE 1000
224030,CARTON DE 1000
224054,CARTON DE 500
224066,CARTON DE 1000
224072,1
224082,CARTON DE 1000
224120,BOITE DE 300
224132,1
224141,PIECE
224142,PIECE
224143,PIECE
224144,PIECE
224148,1
224152,CARTON DE 1000
224160,CARTON DE 1000
224162,1
224182,PIECE
224197,BOITE DE 100
224198,BOITE DE 300
224209,1
224211,CARTON DE 1000
224212,1
224213,CARTON DE 1000
224224,CARTON DE 1000
224239,CARTON DE 1000
224250,CARTON DE 1000
224262,CARTON DE 1000
224263,CARTON DE 1000
224294,CARTON DE 1000
224295,CARTON DE 1000
224296,1
224298,1
224299,CARTON DE 1000
224332,CARTON DE 1000
224355,1
224364,CARTON DE 1000
224366,1
224369,CARTON DE 1000
224423,CARTON DE 1000
224429,1
224515,CARTON DE 1000
224537,CARTON DE 1000
224538,1
224550,CARTON DE 1000
224558,CARTON DE 1000
224566,CARTON ORIGINE DE 4
224571,CARTON DE 1000
224602,1
224608,CARTON DE 6
224609,CARTON DE 1000
224616,1
224646,CARTON DE 25
224675,CARTON DE 1000
224686,CARTON DE 1000
224696,CARTON DE 1000
224702,CARTON DE 1000
224706,CARTON DE 1000
224714,CARTON DE 1000
224721,1
224725,1
224729,1
224742,CARTON DE 1000
224757,CARTON DE 1000
224758,CARTON DE 12 PACKS
224763,CARTON DE 1000
224784,CARTON DE 1000
224787,CARTON DE 6
224792,CARTON DE 1000
224795,CARTON DE 12 PACKS
224801,1
224802,CARTON DE 1000
224837,1
224847,1
224849,1
224863,CARTON DE 1000
224864,CARTON DE 1000
224871,CARTON DE 25
224878,CARTON DE 1000
224886,PIECE
224889,CARTON DE 1000
224895,1
224908,CARTON DE 1000
224909,1
224910,CARTON DE 1500
224914,PIECE
224923,CARTON DE 1000
224924,1
224940,PIECE
224959,1
224960,CARTON DE 1000
224961,1
224985,1
225001,CARTON DE 1000
225002,1
225028,CARTON DE 1000
225029,CARTON DE 1000
225054,CARTON DE 1000
225071,1
225118,CARTON DE 12 PACKS
225145,CARTON DE 1000
225151,CARTON DE 25
225169,1
225178,CARTON DE 1000
225182,CARTON DE 1000
225222,CARTON DE 1000
225225,CARTON DE 1000
225230,CARTON DE 1000
225232,1
225233,CARTON DE 1000
225235,CARTON DE 1000
225244,CARTON DE 1000
225254,CARTON DE 1000
225274,PIECE
225288,BOITE DE 100
225291,1
225296,BOITE DE 300
225298,BOITE
225331,CARTON DE 1000
225366,CARTON DE 1000
225370,1
225409,CARTON DE 1000
225419,CARTON DE 1000
225433,BOITE DE 100
225460,1
225466,1
225475,1
225479,CARTON DE 1000
225480,CARTON DE 1000
225487,CARTON DE 1000
225488,1
225489,CARTON DE 25
225512,CARTON DE 1000
225516,1
225528,BOITE DE 100
225548,CARTON DE 1000
225549,1
225550,CARTON DE 1000
225593,CARTON DE 1000
225601,CARTON DE 1000
225608,CARTON DE 1000
225619,1
225622,BOITE DE 300
225632,CARTON DE 1000
225650,BOITE DE 300
225651,CARTON DE 1000
225653,CARTON DE 1000
225654,1
225655,CARTON DE 1000
225656,1
225665,BOITE DE 100
225666,BOITE DE 300
225678,1
225684,CARTON DE 1000
225693,CARTON DE 1000
225700,CARTON DE 1000
225702,CARTON DE 25
225729,1
225751,CARTON DE 1000
225758,CARTON DE 1000
225782,CARTON DE 1000
225788,CARTON DE 1000
225804,CARTON CONTAINER DE 96
225809,CARTON DE 1000
225811,CARTON A DE 50
225833,CARTON DE 6
225845,CARTON DE 1000
225849,CARTON DE 1000
225850,1
225853,1
225855,1
225856,CARTON DE 1000
225858,PIECE
225859,PIECE
225860,PIECE
225861,PIECE
225862,PIECE
225863,PIECE
225864,PIECE
225880,CARTON DE 1000
225882,PIECE
225900,CARTON DE 1000
225901,CARTON DE 1500
225904,1
225908,CARTON DE 12 PACKS
225911,CARTON DE 1000
225913,CARTON DE 1000
225942,CARTON DE 1000
225948,BOITE DE 300
225956,CARTON DE 1000
225958,1
225977,CARTON DE 1000
225979,CARTON DE 1000
225982,CARTON DE 1000
225985,CARTON DE 1000
226001,CARTON DE 1000
226004,CARTON B DE 4
226025,CARTON DE 1000
226026,1
226029,CARTON DE 1000
226030,CARTON DE 1000
226037,CARTON DE 12 PACKS
226056,CARTON DE 1500
226057,1
226078,1
226092,CARTON DE 1000
226102,CARTON DE 1000
226105,CARTON DE 1000
226108,CARTON DE 25
226134,CARTON DE 1000
226135,CARTON DE 1000
226136,1
226140,CARTON DE 1000
226147,CARTON DE 1000
226148,CARTON DE 1000
226155,CARTON DE 1000
226156,1
226157,CARTON DE 1000
226159,CARTON DE 1500
226161,1
226164,CARTON DE 1000
226190,CARTON DE 1000
226192,1
226194,CARTON DE 1000
226198,CARTON DE 1000
226206,CARTON DE 12 PACKS
226224,PIECE
226225,PIECE
226226,PIECE
226227,CARTON DE 1000
226228,CARTON DE 1000
226229,SACHET DE 50
226235,CARTON DE 1000
226239,CARTON DE 1000
226258,CARTON DE 1000
226261,CARTON DE 1000
226284,CARTON DE 1000
226293,PIECE
226294,PIECE
226295,PIECE
226296,PIECE
226297,PIECE
226299,PIECE
226300,PIECE
226303,1
226313,CARTON DE 1000
226314,CARTON DE 1000
226315,1
226328,CARTON DE 1000
226331,PIECE
226383,1
226384,CARTON DE 1000
226392,CARTON DE 1000
226406,CARTON DE 1000
226407,1
226413,1
226456,CARTON DE 1000
226460,CARTON DE 1000
226463,CARTON DE 20
226465,CARTON DE 20
226482,CARTON DE 1000
226483,CARTON DE 24 PAQUETS D'ETUIS
226491,CARTON DE 1000
226499,CARTON DE 1000
226500,1
226514,CARTON DE 1000
226515,BOITE
226516,CARTON DE 12 PACKS
226518,CARTON DE 12 PACKS
226520,CARTON DE 1000
226536,1
226539,SACHET DE 50
226573,CARTON DE 1000
226576,1
226577,CARTON DE 1000
226579,CARTON DE 1000
226596,CARTON DE 1000
226607,1
226609,CARTON DE 1000
226615,PIECE
226616,PIECE
226617,PIECE
226618,PIECE
226619,PIECE
226620,PIECE
226621,PIECE
226657,CARTON DE 1000
226659,CARTON DE 1000
226688,PIECE
226703,CARTON DE 1000
226710,1
226715,BOITE DE 300
226716,BOITE DE 100
226734,1
226740,CARTON DE 1500
226741,CARTON DE 1000
226758,CARTON DE 6
226779,1
226782,1
226792,CARTON DE 1000
226799,CARTON DE 1000
226800,1
226816,1
226834,CARTON DE 1000
226839,1
226855,1
226856,CARTON DE 1000
226858,CARTON DE 1000
226882,CARTON DE 1000
226899,CARTON DE 6
226927,CARTON DE 1000
226928,CARTON DE 1000
226943,CARTON DE 1000
226950,CARTON DE 1000
226951,1
226961,PIECE
226982,1
226983,CARTON DE 1000
227006,1
227011,CARTON DE 1000
227013,1
227029,CARTON DE 1000
227030,1
227032,CARTON DE 1000
227033,1
227035,CARTON DE 1000
227044,CARTON DE 1000
227086,BOITE DE 300
227087,BOITE DE 100
227090,CARTON DE 1000
227091,1
227130,CARTON DE 1000
227131,1
227135,CARTON DE 25
227142,CARTON DE 1000
227149,CARTON DE 1000
227164,CARTON DE 1000
227166,CARTON DE 1000
227168,CARTON DE 1000
227188,CARTON DE 1000
227189,1
227195,CARTON DE 1000
227198,PIECE
227205,BOITE DE 100
227217,CARTON DE 12 PACKS
227219,1
227232,1
227271,1
227281,CARTON DE 1000
227307,PIECE
227310,1
227311,CARTON DE 1000
227312,1
227313,CARTON DE 1000
227323,CARTON DE 1000
227324,CARTON DE 1000
227325,1
227326,BOITE
227327,BOITE
227328,BOITE
227329,BOITE
227330,BOITE
227331,BOITE
227332,BOITE
227333,BOITE
227334,SACHET DE 100
227335,SACHET DE 100
227337,CARTON DE 1000
227347,PIECE
227349,CARTON DE 1000
227367,CARTON DE 1000
227369,1
227396,1
227400,PIECE
227407,1
227434,CARTON DE 1000
227435,1
227446,CARTON DE 1000
227456,BOITE DE 300
227469,CARTON DE 1000
227482,CARTON DE 1000
227484,CARTON DE 1000
227498,1
227500,BOITE DE 300
227501,1
227502,CARTON DE 1000
227527,CARTON DE 1000
227528,CARTON DE 25
227550,CARTON DE 1000
227570,BOITE DE 100
227605,CARTON DE 12 PACKS
227629,1
227653,PIECE
227654,PIECE
227672,PIECE
227714,CARTON DE 1000
227721,CARTON DE 1000
227737,BOITE DE 300
227757,1
227760,CARTON DE 1000
227768,CARTON DE 1000
227770,1
227777,CARTON DE 1000
227808,CARTON DE 1000
227810,CARTON DE 1000
227844,SACHET DE 12
227845,PIECE
227856,CARTON DE 1000
227863,1
227865,CARTON DE 1000
227920,CARTON DE 25
227933,CARTON DE 1000
227943,1
227957,1
227963,CARTON DE 1000
227965,CARTON DE 40
227969,1
227981,CARTON A DE 40
227990,1
228004,1
228009,CARTON DE 1000
228033,CARTON DE 1000
228044,CARTON DE 1000
228053,CARTON DE 1000
228055,CARTON DE 25
228064,CARTON DE 1000
228065,1
228068,BOITE DE 100
228069,CARTON DE 1000
228070,1
228081,CARTON DE 1000
228082,CARTON DE 1000
228084,CARTON DE 1000
228085,BOITE DE 100
228098,1
228102,PIECE
228117,CARTON DE 1000
228138,CARTON DE 1000
228144,CARTON DE 1000
228145,BOITE DE 100
228172,1
228245,CARTON DE 6
228253,CARTON DE 1000
228287,CARTON DE 12 PACKS
228292,PIECE
228293,PIECE
228296,1
228297,1
228300,CARTON DE 1000
228315,1
228316,CARTON DE 1000
228335,1
228344,CARTON DE 1000
228345,CARTON DE 1000
228347,1
228365,CARTON DE 1000
228379,CARTON A DE 50
228382,BOITE DE 100
228383,CARTON DE 6
228395,CARTON DE 1000
228402,1
228408,1
228446,BOITE DE 100
228476,CARTON DE 1000
228480,CARTON DE 1000
228490,CARTON DE 1000
228494,CARTON DE 12 PACKS
228531,CARTON DE 1000
228535,CARTON DE 1000
228541,CARTON DE 1000
228558,CARTON DE 1000
228568,CARTON DE 25
228569,CARTON DE 1000
228577,CARTON DE 1000
228580,CARTON DE 1000
228590,1
228598,CARTON DE 1000
228599,1
228616,BOITE DE 300
228618,1
228619,CARTON DE 1000
228637,1
228658,CARTON DE 1000
228665,1
228676,CARTON DE 1000
228681,1
228685,1
228699,CARTON DE 1000
228700,1
228708,CARTON DE 1000
228716,CARTON DE 1000
228717,1
228727,CARTON A DE 9
228729,CARTON DE 1000
228730,CARTON DE 1500
228741,CARTON DE 1000
228744,1
228745,BOITE
228773,CARTON DE 12 PACKS
228774,CARTON DE 12 PACKS
228791,CARTON DE 1000
228792,1
228824,CARTON DE 1000
228825,1
228826,CARTON DE 1000
228830,1
228833,CARTON DE 1000
228849,CARTON DE 1000
228852,1
228854,BOITE DE 300
228891,CARTON DE 6
228912,CARTON DE 1000
228913,CARTON DE 1500
228921,1
228928,1
228942,CARTON DE 12 PACKS
228961,CARTON DE 1000
228962,CARTON DE 1000
228963,1
228968,1
228988,CARTON DE 1000
229030,CARTON DE 1000
229031,1
229032,CARTON DE 1000
229035,CARTON DE 1000
229036,CARTON D DE 30
229052,CARTON DE 1000
229056,CARTON DE 1500
229058,CARTON DE 1000
229059,1
229060,CARTON DE 1000
229064,CARTON DE 12 PACKS
229067,CARTON DE 1000
229068,1
229070,1
229073,CARTON DE 12 PACKS
229075,PIECE
229123,CARTON DE 1000
229124,CARTON DE 1000
229125,1
229141,CARTON DE 1000
229147,CARTON DE 6
229158,CARTON DE 1000
229160,BOITE DE 100
229174,CARTON DE 1000
229181,PIECE
229194,CARTON DE 1000
229198,CARTON DE 1000
229199,1
229241,1
229245,1
229265,CARTON DE 1000
229274,CARTON DE 1000
229277,CARTON DE 1000
229284,CARTON DE 1000
229285,1
229300,CARTON DE 1000
229329,CARTON DE 1000
229339,1
229356,1
229364,CARTON DE 1000
229372,CARTON DE 12 PACKS
229386,CARTON DE 1000
229388,CARTON DE 1000
229414,CARTON DE 1000
229419,CARTON DE 1000
229437,CARTON DE 1000
229459,CARTON DE 1000
229460,1
229465,BOITE DE 100
229474,CARTON DE 1000
229495,CARTON DE 1000
229499,CARTON DE 1000
229503,CARTON DE 1000
229506,CARTON DE 1000
229516,CARTON DE 1000
229520,CARTON DE 1000
229521,1
229522,CARTON DE 1000
229523,1
229524,CARTON DE 1000
229528,CARTON DE 20
229530,CARTON DE 20
229532,CARTON DE 1000
229554,CARTON DE 6
229558,CARTON DE 1000
229561,CARTON DE 12 PACKS
229569,CARTON DE 1000
229572,CARTON DE 1000
229573,CARTON DE 1000
229612,1
229628,1
229639,1
229661,1
229674,CARTON DE 1000
229706,CARTON DE 12 PACKS
229707,CARTON DE 1000
229708,1
229723,1
229731,CARTON DE 1000
229742,CARTON DE 1000
229751,CARTON DE 1000
229752,1
229753,CARTON DE 1000
229755,CARTON DE 6
229778,CARTON DE 1000
229783,CARTON DE 1000
229784,1
229814,1
229815,CARTON DE 1000
229831,CARTON DE 1000
229837,CARTON DE 1000
229838,CARTON DE 24 PAQUETS D'ETUIS
229840,CARTON A DE 40
229849,CARTON DE 1000
229863,CARTON DE 1000
229888,1
229917,CARTON DE 1000
229931,1
229932,CARTON DE 1000
229933,1
229948,CARTON DE 1000
229979,CARTON DE 1000
230004,CARTON DE 1000
230030,CARTON DE 1000
230041,1
230046,CARTON DE 1000
230054,CARTON DE 1000
230061,1
230067,CARTON DE 1000
230084,CARTON DE 1000
230085,1
230091,CARTON DE 1000
230092,1
230093,CARTON CONTAINER DE 300
230095,CARTON CONTAINER DE 96
230110,BOITE DE 300
230114,CARTON DE 1000
230119,CARTON DE 1000
230122,CARTON DE 1000
230124,CARTON DE 1000
230140,CARTON DE 1000
230141,CARTON DE 1000
230181,PIECE
230187,1
230188,CARTON CONTAINER DE 60
230195,CARTON DE 1000
230202,CARTON DE 1000
230205,CARTON DE 1000
230206,1
230211,CARTON DE 1000
230263,CARTON DE 1000
230272,1
230274,CARTON DE 1000
230292,CARTON DE 25
230294,1
230297,CARTON DE 1000
230302,CARTON DE 1000
230345,CARTON DE 1000
230354,CARTON CONTAINER DE 60
230355,CARTON CONTAINER DE 60
230356,CARTON DE 1000
230359,CARTON DE 1000
230379,1
230381,BOITE DE 100
230382,1
230398,CARTON DE 1000
230399,1
230400,CARTON DE 1000
230401,1
230410,CARTON DE 12 PACKS
230416,CARTON DE 1000
230424,CARTON DE 1000
230458,PIECE
230459,PIECE
230460,PIECE
230461,PIECE
230462,PIECE
230463,PIECE
230469,1
230473,CARTON DE 1000
230479,CARTON DE 1000
230481,1
230505,1
230506,CARTON DE 1000
230516,CARTON DE 6
230526,SACHET DE 150
230527,50
230532,SACHET DE 150
230533,50
230535,SACHET DE 150
230536,PIECE
230557,CARTON DE 1000
230571,CARTON DE 1000
230572,1
230583,CARTON DE 12 PACKS
230606,1
230628,CARTON DE 1000
230665,CARTON DE 1000
230678,CARTON DE 1000
230684,PIECE
230685,PIECE
230686,PIECE
230687,PIECE
230688,PIECE
230689,PIECE
230690,PIECE
230691,PIECE
230692,PIECE
230693,PIECE
230694,PIECE
230714,PIECE
230715,CARTON DE 12 PACKS
230725,1
230739,CARTON DE 1000
230757,1
230760,CARTON DE 1000
230762,CARTON DE 1000
230787,1
230788,CARTON DE 1000
230814,CARTON DE 1000
230818,BOITE DE 100
230819,BOITE DE 300
230826,CARTON DE 1000
230837,CARTON DE 1000
230838,1
230852,1
230872,1
230873,CARTON DE 1000
230881,1
230893,CARTON ORIGINE DE 4
230895,CARTON B DE 4
230915,CARTON DE 1000
230916,1
230926,CARTON DE 1000
230929,CARTON DE 12 PACKS
230952,PIECE
230992,PIECE
231058,CARTON DE 1000
231059,1
231064,CARTON DE 12 PACKS
231077,1
231078,CARTON DE 1000
231088,CARTON DE 1000
231110,CARTON DE 1000
231132,CARTON DE 1000
231136,CARTON DE 1000
231137,1
231150,1
231164,BOITE DE 100
231167,1
231200,CARTON DE 1000
231211,CARTON DE 1000
231213,CARTON DE 20
231214,CARTON DE 20
231215,1
231220,CARTON DE 1000
231221,CARTON DE 1000
231254,CARTON DE 1000
231323,CARTON DE 1000
231329,CARTON DE 1000
231330,1
231331,CARTON DE 1000
231335,CARTON DE 1000
231343,1
231362,CARTON DE 1000
231363,1
231371,1
231379,1
231392,PIECE
231393,PIECE
231402,CARTON DE 6
231408,CARTON DE 1000
231418,CARTON DE 1000
231424,CARTON DE 1000
231443,CARTON DE 1000
231460,CARTON DE 1500
231461,CARTON DE 1000
231462,CARTON DE 1000
231463,1
231473,PIECE
231474,PIECE
231481,CARTON DE 40
231482,CARTON DE 1000
231483,1
231500,1
231509,CARTON DE 1000
231512,1
231514,1
231537,CARTON DE 1000
231538,CARTON DE 1000
231540,1
231552,1
231585,1
231615,CARTON DE 1000
231616,1
231635,CARTON DE 12 PACKS
231636,1
231656,CARTON DE 1000
231657,1
231664,CARTON DE 1000
231671,1
231675,CARTON DE 1000
231686,CARTON DE 1000
231705,1
231707,CARTON ORIGINE DE 4
231713,1
231722,1
231735,CARTON DE 1000
231737,1
231740,1
231754,CARTON DE 1000
231755,BOITE DE 300
231756,BOITE DE 100
231758,CARTON DE 12 PACKS
231771,CARTON DE 1000
231798,CARTON DE 12 PACKS
231800,BOITE DE 300
231841,CARTON DE 1000
231849,CARTON DE 1000
231851,1
231859,CARTON DE 1000
231860,1
231879,PIECE
231880,PIECE
231881,PIECE
231884,CARTON DE 12 PACKS
231885,PIECE
231886,PIECE
231887,PIECE
231888,PIECE
231889,PIECE
231890,PIECE
231891,PIECE
231892,PIECE
231893,PIECE
231910,CARTON DE 1000
231911,CARTON DE 1000
231912,1
231936,CARTON DE 1000
231939,BOITE DE 100
231952,1
231953,CARTON DE 1000
231963,CARTON DE 1000
231968,1
231975,1
231976,CARTON DE 500
232024,1
232035,CARTON DE 1000
232054,CARTON DE 1000
232074,CARTON DE 12 PACKS
232085,CARTON DE 1000
232097,1
232099,CARTON DE 12 PACKS
232111,CARTON DE 1000
232131,CARTON DE 6
232162,CARTON DE 1000
232168,CARTON DE 1000
232184,CARTON DE 1000
232185,1
232191,CARTON DE 1000
232193,BOITE DE 100
232199,CARTON DE 1000
232209,CARTON DE 1000
232219,CARTON DE 1000
232228,CARTON DE 1000
232229,1
232244,CARTON DE 1000
232245,CARTON DE 1500
232254,CARTON DE 1000
232260,CARTON DE 1000
232281,CARTON DE 1000
232310,1
232314,CARTON DE 1000
232315,BOITE DE 100
232316,CARTON DE 1000
232320,CARTON DE 1000
232322,PIECE
232325,1
232343,BOITE DE 100
232358,CARTON DE 1000
232359,1
232367,PIECE
232371,1
232385,CARTON DE 25
232407,CARTON DE 1000
232416,CARTON DE 1000
232422,CARTON DE 1000
232431,CARTON DE 1000
232442,CARTON DE 1000
232449,1
232456,CARTON DE 1000
232458,1
232463,CARTON DE 1000
232464,CARTON DE 1000
232494,CARTON A DE 50
232507,PIECE
232514,1
232521,1
232526,CARTON DE 1000
232539,CARTON DE 6
232579,1
232581,CARTON DE 6
232589,BOITE DE 100
232591,BOITE DE 300
232598,CARTON DE 1000
232604,CARTON DE 1000
232620,BOITE DE 100
232623,BOITE DE 100
232624,BOITE DE 300
232626,PIECE
232639,CARTON DE 1000
232661,CARTON DE 1000
232662,1
232687,1
232706,CARTON DE 1000
232721,CARTON DE 1000
232734,CARTON DE 12 PACKS
232738,1
232773,CARTON DE 1000
232778,CARTON DE 1000
232797,PIECE
232808,CARTON DE 1000
232826,CARTON DE 6
232832,CARTON DE 1000
232840,SACHET DE 50
232847,1
232848,CARTON DE 1000
232861,PIECE
232862,PIECE
232863,PIECE
232875,CARTON DE 1000
232877,1
232880,CARTON DE 12 PACKS
232885,CARTON DE 1000
232888,1
232889,CARTON DE 1000
232900,CARTON DE 12 PACKS
232911,CARTON DE 1000
232929,CARTON DE 1000
232932,PIECE
232935,CARTON DE 1000
232939,CARTON DE 1000
232944,CARTON DE 1000
232945,1
232949,CARTON DE 1000
232958,CARTON DE 12 PACKS
232959,CARTON DE 20
232961,CARTON DE 20
232994,CARTON DE 1000
232996,CARTON DE 24 PAQUETS D'ETUIS
233025,CARTON DE 1000
233026,1
233031,CARTON DE 1000
233032,1
233036,CARTON DE 1000
233045,CARTON DE 1000
233047,CARTON DE 1000
233049,1
233053,CARTON DE 1000
233058,PIECE
233059,PIECE
233060,PIECE
233061,PIECE
233062,PIECE
233063,PIECE
233064,PIECE
233071,CARTON DE 1000
233082,CARTON DE 1000
233089,CARTON DE 1000
233091,CARTON DE 1000
233101,1
233131,CARTON DE 1000
233132,1
233137,CARTON DE 1000
233152,CARTON DE 12 PACKS
233160,BOITE DE 100
233165,1
233171,CARTON DE 1500
233172,CARTON DE 1000
233204,CARTON DE 1000
233206,CARTON DE 1000
233207,CARTON DE 1500
233222,BOITE DE 300
233251,CARTON ORIGINE DE 4
233254,CARTON D DE 30
233271,1
233281,CARTON DE 1000
233282,1
233283,CARTON DE 1000
233293,CARTON DE 1000
233310,PIECE
233311,CARTON DE 12 PACKS
233326,1
233405,CARTON DE 1000
233427,CARTON DE 1000
233428,1
233445,CARTON DE 1000
233446,1
233475,1
233477,CARTON DE 1000
233500,CARTON DE 1000
233508,CARTON DE 1000
233521,CARTON DE 1000
233522,CARTON DE 1000
233553,CARTON DE 1000
233556,CARTON DE 1000
233592,CARTON DE 1000
233598,CARTON DE 1000
233613,CARTON DE 1000
233622,CARTON DE 1000
233628,CARTON DE 1000
233639,1
233663,PIECE
233680,1
233719,CARTON DE 1000
233720,BOITE DE 300
233721,CARTON DE 1000
233732,PIECE
233737,CARTON DE 1000
233739,CARTON DE 24 PAQUETS D'ETUIS
233744,CARTON DE 1000
233753,CARTON DE 1000
233754,1
233756,1
233768,CARTON DE 1000
233769,1
233775,CARTON CONTAINER DE 80
233807,PIECE
233824,1
233829,CARTON DE 1000
233837,1
233843,1
233844,CARTON DE 1000
233848,1
233849,CARTON DE 1000
233855,CARTON DE 1000
233856,CARTON DE 1000
233895,1
233899,CARTON A DE 9
233909,1
233914,CARTON DE 1000
233915,1
233924,PIECE
233955,1
233956,CARTON DE 1000
233957,1
234011,CARTON DE 1000
234027,1
234044,CARTON DE 12 PACKS
234058,CARTON DE 1000
234060,1
234083,CARTON DE 1000
234087,1
234090,CARTON DE 1000
234091,CARTON DE 1000
234125,CARTON DE 1000
234143,CARTON DE 1000
234150,CARTON DE 12 PACKS
234152,CARTON DE 1000
234161,CARTON DE 1000
234167,PIECE
234168,PIECE
234173,CARTON DE 1000
234174,1
234179,1
234185,CARTON DE 1000
234189,CARTON DE 6
234194,CARTON DE 1000
234239,CARTON DE 1000
234246,CARTON DE 1000
234261,CARTON DE 1000
234272,CARTON DE 12 PACKS
234273,PIECE
234284,CARTON DE 1000
234296,BOITE
234297,BOITE
234298,BOITE
234299,BOITE
234300,PIECE
234301,BOITE
234302,BOITE
234334,CARTON DE 1000
234337,1
234338,CARTON DE 1500
234340,CARTON DE 1000
234343,CARTON DE 1000
234350,CARTON DE 1000
234351,CARTON DE 1000
234353,CARTON DE 1000
234354,CARTON DE 1000
234356,PIECE
234357,PIECE
234358,SACHET DE 10
234359,SACHET DE 10
234360,SACHET DE 10
234361,PIECE
234362,PIECE
234363,PIECE
234364,PIECE
234365,PIECE
234366,PIECE
234367,PIECE
234368,PIECE
234369,BOITE DE 25
234370,PIECE
234371,PIECE
234372,PIECE
234373,PIECE
234374,PIECE
234375,PIECE
234376,PIECE
234377,PIECE
234378,PIECE
234379,PIECE
234380,PIECE
234381,SACHET DE 10
234382,SACHET DE 10
234383,SACHET DE 10
234384,PIECE
234391,CARTON DE 1000
234398,1
234416,CARTON DE 1000
234429,1
234430,PIECE
234454,CARTON DE 1000
234458,CARTON DE 1000
234479,CARTON DE 1000
234480,1
234506,BOITE DE 300
234527,CARTON A DE 50
234532,CARTON DE 1000
234574,CARTON DE 1000
234587,CARTON DE 1500
234594,CARTON DE 1000
234595,1
234612,CARTON DE 1000
234622,CARTON DE 1000
234624,CARTON DE 1000
234643,CARTON DE 1000
234652,CARTON DE 1000
234653,1
234654,CARTON DE 1000
234658,CARTON DE 1000
234677,BOITE DE 100
234692,1
234693,SACHET DE 100
234694,SACHET DE 100
234695,SACHET DE 100
234696,SACHET DE 100
234697,SACHET DE 100
234698,SACHET DE 25
234699,SACHET DE 25
234701,BOITE DE 25
234702,BOITE DE 25
234703,1
234704,PIECE
234705,PIECE
234706,PIECE
234707,PIECE
234708,PIECE
234709,PIECE
234710,PIECE
234711,PIECE
234712,PIECE
234713,1
234732,CARTON DE 1000
234742,1
234754,CARTON DE 1000
234755,1
234764,CARTON DE 1000
234767,CARTON DE 1000
234768,1
234770,1
234805,CARTON DE 1000
234808,CARTON DE 1000
234809,1
234820,CARTON DE 1000
234821,1
234831,1
234855,CARTON DE 1000
234866,BOITE DE 50
234867,SACHET DE 100
234868,1
234880,CARTON DE 1000
234883,1
234890,CARTON DE 1000
234896,CARTON DE 25
234899,1
234900,CARTON DE 1000
234901,BOITE DE 300
234912,1
234914,1
234916,BOITE DE 100
234965,CARTON DE 1000
234974,CARTON DE 1000
234977,CARTON DE 1000
234979,1
234992,SACHET DE 50
234994,CARTON DE 1000
235003,1
235009,CARTON DE 1000
235010,1
235011,BOITE DE 40
235019,PIECE
235024,PIECE
235025,PIECE
235028,CARTON DE 1000
235029,CARTON DE 25
235036,1
235037,1
235038,1
235050,CARTON DE 12 PACKS
235056,CARTON DE 12 PACKS
235098,CARTON DE 1000
235100,CARTON DE 1000
235101,1
235109,CARTON DE 1000
235121,CARTON DE 1000
235137,CARTON DE 1000
235152,SACHET DE 50
235156,PIECE
235157,PIECE
235158,PIECE
235159,PIECE
235161,CARTON DE 1000
235163,CARTON A DE 40
235174,1
235209,1
235210,1
235214,CARTON DE 1000
235216,1
235252,PIECE
235253,PIECE
235254,PIECE
235255,PIECE
235256,PIECE
235257,PIECE
235258,PIECE
235259,PIECE
235260,PIECE
235261,PIECE
235262,PIECE
235263,PIECE
235264,PIECE
235265,PIECE
235266,PIECE
235267,SACHET DE 10
235268,PIECE
235269,PIECE
235270,PIECE
235271,PIECE
235272,PIECE
235273,PIECE
235274,PIECE
235275,PIECE
235276,PIECE
235277,PIECE
235278,PIECE
235279,PIECE
235280,PIECE
235281,PIECE
235282,PIECE
235283,PIECE
235284,PIECE
235285,PIECE
235286,PIECE
235287,PIECE
235288,PIECE
235289,PIECE
235290,PIECE
235291,PIECE
235292,PIECE
235293,PIECE
235294,PIECE
235307,1
235315,CARTON DE 1000
235319,SACHET DE 50
235320,SACHET DE 50
235321,SACHET DE 10
235322,SACHET DE 50
235323,SACHET DE 50
235324,SACHET DE 50
235325,SACHET DE 50
235326,SACHET DE 25
235327,SACHET DE 25
235331,1
235352,1
235360,PIECE
235361,PIECE
235367,CARTON DE 1000
235387,1
235389,CARTON DE 1000
235392,CARTON DE 1000
235406,CARTON DE 1000
235419,CARTON DE 1000
235423,BOITE DE 100
235444,CARTON DE 1000
235460,BOITE DE 100
235462,CARTON DE 1000
235463,1
235482,CARTON DE 1000
235490,CARTON DE 6
235498,1
235500,CARTON DE 1000
235515,PIECE
235543,CARTON DE 1000
235548,CARTON DE 1000
235564,1
235577,CARTON DE 1000
235578,CARTON DE 1500
235579,CARTON DE 1000
235580,CARTON DE 1000
235601,CARTON DE 1000
235608,BOITE DE 300
235615,CARTON DE 1000
235616,1
235619,CARTON DE 1000
235636,CARTON DE 1000
235637,1
235641,PIECE
235644,CARTON DE 1000
235645,CARTON DE 1000
235666,BOITE DE 12
235667,1
235668,PIECE
235669,PIECE
235670,PIECE
235671,PIECE
235672,PIECE
235673,PIECE
235677,1
235715,1
235717,CARTON DE 1000
235727,CARTON DE 1000
235750,CARTON DE 1000
235760,BOITE DE 100
235785,CARTON DE 1000
235786,1
235787,CARTON DE 1000
235793,CARTON DE 1000
235814,1
235836,CARTON DE 1000
235837,1
235854,CARTON DE 1000
235855,1
235856,BOITE DE 100
235872,CARTON DE 1000
235931,CARTON DE 1000
235937,CARTON DE 1000
235938,1
235939,CARTON DE 1000
235946,CARTON DE 1000
235959,1
235985,CARTON DE 1000
235989,CARTON DE 12 PACKS
235996,CARTON DE 1000
235997,1
236010,CARTON DE 1000
236036,CARTON DE 1000
236039,CARTON DE 20
236040,CARTON DE 20
236067,CARTON ORIGINE DE 4
236084,CARTON DE 1000
236091,CARTON DE 1000
236093,CARTON DE 12 PACKS
236095,CARTON DE 12 PACKS
236101,1
236106,PIECE
236107,PIECE
236108,PIECE
236117,CARTON DE 1000
236133,PIECE
236148,CARTON DE 1000
236154,CARTON DE 1000
236155,CARTON DE 24 PAQUETS D'ETUIS
236158,CARTON DE 1000
236161,CARTON DE 1000
236162,1
236174,CARTON DE 1000
236175,CARTON DE 1000
236183,CARTON DE 1000
236254,CARTON DE 1000
236255,BOITE DE 40
236269,CARTON DE 1000
236270,1
236289,CARTON DE 1000
236324,1
236326,CARTON DE 1000
236327,CARTON DE 1000
236351,BOITE
236375,CARTON DE 1000
236386,CARTON DE 6
236389,CARTON DE 1000
236401,CARTON DE 1000
236409,CARTON DE 6
236412,CARTON DE 1000
236443,CARTON DE 25
236475,CARTON DE 1000
236485,CARTON DE 1000
236490,1
236516,CARTON DE 1000
236552,PIECE
236553,PIECE
236554,PIECE
236590,CARTON DE 12 PACKS
236657,SACHET DE 50
236658,SACHET DE 50
236660,CARTON DE 1000
236661,1
236672,CARTON DE 1000
236675,CARTON DE 12 PACKS
236689,PIECE
236690,PIECE
236691,PIECE
236692,PIECE
236693,PIECE
236701,CARTON DE 1000
236711,CARTON DE 12 PACKS
236726,CARTON DE 1000
236744,CARTON DE 1000
236757,CARTON DE 1000
236762,CARTON DE 1000
236782,1
236807,1
236813,CARTON DE 1000
236814,CARTON DE 1000
236827,CARTON DE 1000
236834,CARTON DE 1000
236836,CARTON DE 25
236856,CARTON DE 1000
236857,1
236876,CARTON DE 1000
236884,1
236888,CARTON DE 1000
236908,CARTON DE 1000
236910,SACHET DE 100
236912,BOITE DE 300
236914,CARTON DE 1000
236918,CARTON DE 1000
236919,BOITE DE 300
236930,CARTON DE 1000
236946,CARTON DE 1000
236959,CARTON DE 1000
236975,CARTON DE 1000
236977,1
236986,CARTON DE 40
236990,CARTON DE 1000
236991,CARTON DE 1000
236992,CARTON DE 1000
237002,1
237004,CARTON DE 1000
237013,CARTON DE 1000
237016,CARTON DE 1000
237027,1
237052,BOITE
237053,BOITE
237057,CARTON DE 1000
237064,1
237069,CARTON DE 1000
237071,1
237083,1
237095,CARTON DE 1000
237098,BOITE DE 300
237107,BOITE DE 100
237108,CARTON DE 1000
237116,CARTON DE 1000
237117,CARTON DE 1000
237142,CARTON DE 6
237153,1
237166,1
237167,CARTON DE 1000
237168,1
237170,CARTON DE 1000
237198,CARTON DE 1000
237199,1
237209,CARTON DE 1000
237235,CARTON DE 25
237240,CARTON DE 1000
237241,1
237264,CARTON DE 1000
237272,CARTON DE 1000
237279,CARTON DE 1000
237280,1
237282,PIECE
237283,PIECE
237284,CARTON DE 12 PACKS
237285,SACHET DE 50
237286,SACHET DE 50
237296,CARTON DE 1000
237334,1
237340,1
237347,1
237397,1
237408,1
237437,1
237451,CARTON DE 1000
237456,CARTON DE 25
237465,CARTON DE 12 PACKS
237474,1
237486,CARTON DE 1000
237492,SACHET
237493,PIECE
237501,1
237502,CARTON DE 1000
237511,PIECE
237513,BOITE DE 300
237519,CARTON DE 1000
237520,CARTON DE 1000
237524,CARTON DE 1000
237530,CARTON DE 1000
237542,CARTON DE 25
237574,CARTON DE 1000
237578,CARTON DE 25
237594,CARTON DE 1000
237604,CARTON DE 20
237606,CARTON DE 20
237610,CARTON DE 1000
237621,CARTON DE 1000
237623,CARTON DE 1000
237631,PIECE
237638,CARTON DE 1000
237639,CARTON ORIGINE DE 4
237640,CARTON B DE 4
237641,CARTON DE 1000
237650,CARTON DE 1000
237651,1
237659,1
237660,CARTON DE 1000
237661,CARTON DE 1000
237663,1
237670,CARTON DE 1000
237671,1
237672,BOITE DE 100
237678,1
237695,CARTON DE 6
237710,CARTON DE 1000
237720,CARTON DE 1000
237735,CARTON DE 1000
237739,CARTON DE 1000
237749,BOITE DE 300
237770,CARTON DE 1000
237778,CARTON DE 1000
237782,CARTON DE 1000
237785,CARTON DE 1000
237798,CARTON DE 1000
237808,CARTON DE 1000
237809,1
237812,CARTON DE 1000
237825,CARTON DE 1500
237826,CARTON DE 1000
237827,CARTON DE 24 PAQUETS D'ETUIS
237830,CARTON DE 1000
237831,BOITE DE 100
237839,CARTON DE 1000
237845,1
237848,CARTON DE 1000
237849,1
237872,PIECE
237876,1
237877,CARTON DE 1000
237878,SACHET DE 50
237879,SACHET DE 50
237892,CARTON DE 1000
237900,BOITE DE 100
237935,CARTON ORIGINE DE 4
237937,CARTON DE 1000
237941,1
237951,CARTON DE 1000
237959,PIECE
237964,1
237971,CARTON DE 1000
237978,CARTON DE 1000
237979,CARTON DE 6
238009,CARTON DE 25
238012,CARTON DE 1000
238015,CARTON DE 1000
238018,CARTON DE 1000
238019,1
238023,CARTON DE 1000
238044,CARTON DE 1000
238045,1
238048,1
238051,BOITE DE 100
238058,1
238068,CARTON DE 1000
238119,CARTON DE 12 PACKS
238125,CARTON DE 12 PACKS
238130,CARTON DE 25
238134,CARTON DE 1000
238136,CARTON DE 1000
238141,CARTON DE 1000
238144,BOITE DE 100
238155,PIECE
238156,PIECE
238157,PIECE
238158,PIECE
238166,1
238174,CARTON DE 12 PACKS
238175,BOITE
238176,BOITE
238177,BOITE
238184,CARTON DE 1000
238185,CARTON DE 1000
238202,CARTON DE 6
238207,1
238226,CARTON DE 12 PACKS
238241,1
238250,CARTON DE 25
238254,CARTON DE 1000
238267,PIECE
238268,PIECE
238271,CARTON DE 1000
238297,1
238311,PIECE
238336,PIECE
238346,BOITE DE 100
238355,SACHET DE 50
238356,SACHET DE 50
238366,CARTON DE 1000
238367,1
238370,CARTON DE 1500
238376,CARTON DE 1000
238378,1
238397,BOITE DE 100
238408,1
238409,CARTON DE 1000
238422,CARTON DE 12 PACKS
238430,CARTON DE 12 PACKS
238436,CARTON DE 12 PACKS
238458,1
238473,CARTON DE 1000
238483,1
238494,CARTON DE 1000
238504,CARTON DE 1000
238505,1
238523,1
238536,CARTON DE 1000
238537,1
238542,CARTON DE 1000
238551,1
238555,1
238559,1
238567,CARTON DE 1000
238575,PIECE
238576,PIECE
238577,PIECE
238578,PIECE
238595,CARTON DE 1000
238613,CARTON DE 1000
238623,CARTON DE 1000
238626,CARTON DE 6
238635,1
238636,BOITE DE 300
238639,CARTON DE 1000
238640,CARTON DE 6
238667,CARTON DE 1000
238672,CARTON DE 1000
238680,PIECE
238742,CARTON DE 1000
238743,CARTON DE 1000
238763,CARTON DE 1000
238770,1
238787,CARTON DE 1000
238815,1
238822,CARTON DE 1000
238826,CARTON DE 6
238829,CARTON DE 1000
238865,PIECE
238880,CARTON DE 1000
238891,CARTON DE 1000
238938,CARTON DE 1000
238940,CARTON DE 1500
238949,CARTON DE 1000
238958,1
238965,PIECE
239028,CARTON ORIGINE DE 4
239033,CARTON B DE 4
239034,PIECE
239039,CARTON DE 1000
239043,CARTON DE 25
239053,CARTON DE 12 PACKS
239060,BOITE
239061,BOITE
239062,BOITE
239064,1
239069,1
239109,CARTON DE 1000
239113,1
239127,PIECE
239128,PIECE
239134,1
239139,CARTON DE 1000
239148,BOITE DE 300
239151,CARTON DE 1000
239170,CARTON DE 1000
239181,CARTON DE 1000
239182,1
239221,CARTON DE 1000
239286,CARTON DE 1000
239287,CARTON DE 20
239290,CARTON DE 20
239294,1
239309,PIECE
239314,CARTON DE 1000
239342,CARTON DE 1000
239361,CARTON DE 1000
239377,CARTON DE 1000
239384,BOITE DE 100
239387,BOITE DE 100
239404,CARTON DE 1000
239415,CARTON DE 1000
239429,CARTON DE 1500
239430,CARTON DE 1000
239432,1
239449,CARTON DE 1000
239454,1
239455,CARTON DE 1000
239466,CARTON DE 1000
239468,CARTON DE 1000
239470,CARTON DE 1000
239471,1
239478,CARTON DE 1000
239481,CARTON DE 1000
239482,1
239485,CARTON DE 1000
239500,CARTON DE 1000
239521,1
239525,CARTON DE 1000
239549,CARTON DE 1000
239550,1
239556,CARTON DE 1000
239567,CARTON DE 1000
239569,CARTON DE 1000
239570,1
239572,CARTON B DE 4
239575,CARTON D DE 30
239585,CARTON CONTAINER DE 60
239593,CARTON DE 1000
239650,1
239657,1
239666,1
239688,1
239702,CARTON DE 1000
239709,CARTON DE 1000
239725,CARTON DE 1000
239758,1
239773,CARTON DE 12 PACKS
239784,CARTON DE 1000
239791,1
239797,PIECE
239803,CARTON DE 1000
239818,CARTON DE 1000
239822,CARTON DE 12 PACKS
239844,CARTON DE 1000
239846,CARTON DE 1000
239847,1
239861,CARTON DE 1000
239920,CARTON DE 1000
239926,CARTON DE 1000
239948,CARTON DE 1000
239972,PIECE
239978,CARTON DE 1000
239988,1
239997,CARTON DE 1000
240003,CARTON DE 1000
240004,1
240005,CARTON DE 1000
240023,PIECE
240026,1
240027,CARTON DE 1000
240039,CARTON DE 1000
240044,CARTON DE 12 PACKS
240047,CARTON DE 1000
240048,1
240058,CARTON DE 1000
240060,CARTON DE 1000
240061,1
240064,CARTON DE 12 PACKS
240077,CARTON DE 1000
240078,1
240103,CARTON DE 1000
240136,CARTON DE 1000
240158,CARTON DE 1000
240164,CARTON DE 1000
240165,CARTON DE 1000
240207,CARTON DE 1000
240217,CARTON DE 1000
240220,CARTON DE 1000
240221,1
240224,1
240252,PIECE
240253,PIECE
240254,PIECE
240255,PIECE
240257,PIECE
240258,PIECE
240259,BOITE
240260,BOITE
240261,PIECE
240262,PIECE
240263,PIECE
240264,PIECE
240265,PIECE
240266,PIECE
240267,PIECE
240269,1
240272,1
240292,1
240293,CARTON DE 1000
240294,1
240298,CARTON DE 1000
240307,CARTON DE 1000
240311,CARTON DE 12 PACKS
240312,CARTON DE 1000
240314,1
240323,CARTON DE 1000
240333,CARTON DE 1000
240343,CARTON DE 1000
240345,1
240348,1
240368,CARTON DE 1000
240370,CARTON DE 25
240376,CARTON DE 1000
240390,CARTON DE 1000
240391,1
240409,CARTON DE 6
240413,CARTON DE 1000
240414,1
240417,CARTON DE 1000
240480,CARTON B DE 4
240485,1
240489,1
240510,CARTON DE 1000
240511,1
240514,CARTON DE 1000
240516,CARTON DE 1000
240519,CARTON DE 1000
240540,CARTON DE 12 PACKS
240555,CARTON DE 1000
240556,1
240575,1
240596,1
240600,1
240608,CARTON DE 1000
240609,1
240626,PIECE
240628,1
240630,CARTON DE 1000
240633,CARTON DE 1000
240682,CARTON DE 1000
240685,CARTON DE 1000
240708,CARTON A DE 40
240714,1
240715,CARTON DE 1000
240716,CARTON DE 1000
240734,PIECE
240743,CARTON DE 1000
240749,CARTON DE 1000
240750,1
240755,CARTON DE 1000
240764,CARTON DE 1000
240774,CARTON DE 500
240782,1
240783,BOITE DE 40
240784,BOITE DE 50
240785,BOITE DE 25
240786,BOITE DE 50
240787,BOITE DE 50
240788,BOITE DE 50
240789,BOITE DE 25
240826,1
240831,1
240836,CARTON A DE 40
240837,CARTON DE 1000
240838,1
240860,PIECE
240861,PIECE
240862,PIECE
240863,PIECE
240864,PIECE
240865,PIECE
240866,BOITE DE 100
240867,BOITE DE 300
240872,CARTON DE 1000
240877,1
240881,CARTON DE 1000
240905,CARTON DE 1000
240921,CARTON DE 1000
240933,CARTON DE 1000
240943,CARTON DE 1000
240957,SACHET DE 50
240961,CARTON DE 1000
240968,CARTON DE 1000
240970,1
240979,1
240981,CARTON DE 6
240993,SACHET DE 50
240994,CARTON DE 1000
240995,1
241021,1
241024,PIECE
241025,PIECE
241026,PIECE
241027,PIECE
241028,PIECE
241029,PIECE
241030,PIECE
241031,PIECE
241032,PIECE
241033,PIECE
241069,CARTON DE 1000
241078,CARTON DE 1000
241090,CARTON DE 1000
241099,1
241118,CARTON DE 1000
241119,1
241122,CARTON DE 1000
241131,CARTON DE 1000
241134,CARTON DE 1000
241166,PIECE
241178,1
241181,CARTON DE 1000
241185,PIECE
241218,CARTON DE 1000
241225,SACHET DE 50
241230,CARTON DE 1000
241242,CARTON DE 12 PACKS
241247,CARTON DE 12 PACKS
241286,CARTON DE 1000
241302,CARTON DE 1000
241340,1
241346,CARTON DE 1000
241357,CARTON DE 1000
241362,CARTON DE 1000
241375,CARTON DE 1000
241413,CARTON DE 1000
241422,CARTON DE 1000
241433,BOITE DE 300
241443,CARTON DE 1000
241444,PIECE
241445,PIECE
241446,PIECE
241447,PIECE
241448,PIECE
241449,PIECE
241450,PIECE
241451,PIECE
241452,PIECE
241453,PIECE
241454,PIECE
241455,PIECE
241456,PIECE
241457,PIECE
241458,PIECE
241459,PIECE
241460,PIECE
241461,PIECE
241462,PIECE
241463,PIECE
241464,PIECE
241465,PIECE
241466,PIECE
241467,PIECE
241468,PIECE
241469,PIECE
241470,PIECE
241471,PIECE
241472,PIECE
241473,PIECE
241474,PIECE
241475,PIECE
241476,PIECE
241477,PIECE
241478,PIECE
241479,PIECE
241480,PIECE
241481,PIECE
241482,PIECE
241483,PIECE
241484,PIECE
241485,PIECE
241486,PIECE
241487,PIECE
241488,PIECE
241501,CARTON DE 1000
241502,1
241507,1
241512,CARTON DE 1000
241513,BOITE DE 100
241514,CARTON DE 1000
241516,CARTON DE 1000
241521,PIECE
241522,PIECE
241523,PIECE
241524,PIECE
241525,PIECE
241526,FLOWPACK
241527,PIECE
241528,PIECE
241529,PIECE
241530,PIECE
241531,PIECE
241546,CARTON DE 1000
241548,1
241550,CARTON DE 1000
241554,CARTON DE 1000
241555,1
241562,CARTON DE 1000
241579,CARTON DE 40
241590,CARTON DE 1000
241602,CARTON DE 1000
241630,1
241638,CARTON DE 1000
241640,1
241643,CARTON CONTAINER DE 96
241644,CARTON CONTAINER DE 60
241645,CARTON CONTAINER DE 60
241649,CARTON DE 1000
241650,BOITE DE 300
241673,CARTON DE 1000
241688,PIECE
241689,BOITE
241697,SACHET DE 20
241698,SACHET DE 20
241699,SACHET DE 20
241700,SACHET DE 14
241701,SACHET DE 14
241702,SACHET DE 14
241706,1
241733,1
241738,CARTON DE 1000
241739,CARTON DE 1000
241748,CARTON DE 12 PACKS
241756,CARTON DE 1000
241760,1
241771,CARTON DE 1000
241772,1
241774,CARTON DE 1000
241799,CARTON DE 1000
241866,BOITE DE 100
241895,1
241912,CARTON DE 1000
241917,CARTON ORIGINE DE 4
241931,CARTON DE 1000
241943,CARTON DE 1500
241951,CARTON DE 6
241967,CARTON DE 1000
241972,CARTON DE 1000
241973,CARTON DE 1000
241979,CARTON DE 1000
241996,CARTON DE 1000
242001,1
242006,CARTON DE 1000
242016,1
242020,CARTON DE 1000
242021,1
242023,CARTON DE 1000
242024,1
242032,1
242046,1
242055,CARTON DE 1000
242056,1
242066,CARTON DE 1000
242067,1
242091,BOITE
242098,CARTON DE 1000
242108,CARTON DE 1000
242132,CARTON DE 1000
242137,CARTON DE 1000
242138,CARTON DE 1000
242139,1
242140,CARTON DE 1000
242142,CARTON DE 1000
242143,1
242149,PIECE
242170,1
242183,BOITE DE 100
242189,CARTON DE 1000
242190,1
242193,CARTON DE 1000
242194,1
242195,PIECE
242209,CARTON DE 1000
242220,CARTON DE 1000
242258,CARTON DE 1000
242291,CARTON DE 1000
242305,CARTON DE 1000
242310,CARTON DE 1000
242311,CARTON DE 1500
242313,1
242315,1
242318,CARTON DE 1500
242334,BOITE DE 300
242357,CARTON DE 1000
242359,CARTON B DE 4
242370,CARTON DE 6
242374,1
242375,CARTON DE 1000
242378,CARTON DE 1000
242379,1
242381,CARTON DE 1000
242382,CARTON DE 1000
242385,CARTON DE 6
242397,PIECE
242398,PIECE
242400,CARTON DE 1000
242423,PIECE
242426,CARTON DE 1000
242431,CARTON DE 20
242433,SACHET DE 250
242435,PIECE
242436,CARTON DE 1000
242437,1
242456,1
242467,CARTON DE 1000
242473,CARTON DE 12 PACKS
242475,CARTON DE 1000
242485,CARTON DE 1000
242495,PIECE
242496,PIECE
242497,PIECE
242498,PIECE
242499,PIECE
242500,PIECE
242501,BOITE
242503,PIECE
242504,PIECE
242525,BOITE
242536,CARTON DE 1000
242537,CARTON DE 12 PACKS
242542,CARTON DE 12 PACKS
242565,CARTON DE 1000
242585,CARTON DE 1000
242586,CARTON DE 24 PAQUETS D'ETUIS
242613,1
242621,1
242659,CARTON DE 1000
242663,1
242667,1
242679,1
242681,CARTON DE 25
242682,CARTON DE 1000
242695,PIECE
242696,PIECE
242697,PIECE
242698,PIECE
242699,PIECE
242700,SACHET DE 5
242705,1
242724,1
242728,CARTON DE 12 PACKS
242734,CARTON DE 12 PACKS
242740,CARTON DE 1000
242745,CARTON DE 1000
242754,BOITE DE 100
242756,CARTON DE 1000
242773,CARTON DE 1000
242790,PIECE
242791,PIECE
242792,PIECE
242798,CARTON DE 1000
242805,CARTON DE 1000
242808,CARTON DE 1000
242812,CARTON DE 6
242816,1
242817,CARTON DE 1000
242818,CARTON DE 1000
242819,BOITE DE 300
242827,CARTON DE 1000
242864,CARTON DE 1000
242873,CARTON DE 1000
242879,BOITE DE 100
242907,1
242909,1
242923,1
242925,CARTON DE 1000
242961,CARTON DE 1000
242968,1
242973,1
242974,CARTON DE 1000
242994,1
243000,1
243002,1
243004,1
243007,1
243010,1
243022,1
243028,CARTON DE 1000
243029,CARTON DE 1000
243030,1
243032,CARTON DE 1000
243034,CARTON DE 1000
243037,CARTON DE 1000
243045,CARTON DE 1000
243054,BOITE
243055,BOITE
243056,BOITE
243057,BOITE
243058,PIECE
243059,SACHET DE 50
243060,PIECE
243061,SACHET DE 50
243092,CARTON DE 1000
243098,CARTON DE 1000
243112,CARTON DE 1000
243113,1
243114,CARTON DE 24 PAQUETS D'ETUIS
243121,CARTON DE 1000
243149,CARTON DE 1000
243150,1
243155,CARTON DE 1000
243167,CARTON DE 1000
243170,1
243216,CARTON DE 1000
243226,CARTON DE 1000
243234,CARTON DE 12 PACKS
243241,CARTON DE 12 PACKS
243248,CARTON DE 1000
243253,CARTON DE 1000
243258,1
243269,CARTON DE 1000
243277,CARTON DE 1000
243282,CARTON DE 25
243284,CARTON DE 1000
243341,CARTON DE 1000
243344,CARTON DE 1000
243365,CARTON DE 1000
243397,1
243419,CARTON DE 1000
243420,1
243425,CARTON DE 1000
243449,PIECE
243450,PIECE
243463,CARTON DE 1000
243464,CARTON DE 1000
243483,CARTON DE 12 PACKS
243501,CARTON CONTAINER DE 60
243527,1
243535,CARTON DE 1000
243576,CARTON DE 1000
243580,BOITE DE 300
243589,1
243590,CARTON DE 1000
243606,CARTON DE 1000
243608,CARTON DE 1000
243611,1
243612,CARTON DE 1500
243613,CARTON DE 1000
243617,CARTON DE 1000
243618,1
243621,CARTON DE 1000
243626,CARTON DE 1000
243627,CARTON DE 1000
243632,CARTON DE 1000
243634,CARTON DE 1000
243646,CARTON DE 1000
243648,CARTON DE 500
243655,1
243660,CARTON DE 1000
243668,1
243720,CARTON DE 1000
243750,CARTON DE 1000
243767,1
243769,CARTON DE 1000
243775,BOITE DE 12
243792,CARTON DE 1000
243837,CARTON DE 1000
243874,CARTON DE 1000
243886,1
243912,CARTON DE 1000
243913,1
243922,CARTON DE 1000
243923,CARTON DE 1500
243953,CARTON DE 1000
243954,CARTON DE 1000
243955,1
243956,CARTON DE 1000
243961,CARTON DE 1000
243962,1
243971,PIECE
243972,PIECE
243973,PIECE
243974,PIECE
243975,PIECE
243976,PIECE
243977,PIECE
243981,CARTON DE 1000
244009,CARTON DE 1000
244014,CARTON DE 1000
244017,1
244018,CARTON DE 1000
244025,CARTON DE 1000
244050,CARTON DE 1000
244051,1
244052,CARTON DE 1000
244074,BOITE DE 300
244076,CARTON DE 1000
244089,CARTON DE 1000
244096,CARTON DE 12 PACKS
244103,CARTON DE 1000
244104,1
244130,1
244131,CARTON DE 1000
244160,CARTON DE 1000
244162,SACHET DE 50
244181,1
244189,CARTON DE 1000
244190,1
244193,1
244209,CARTON DE 1000
244212,CARTON DE 12 PACKS
244215,CARTON DE 1000
244217,1
244218,CARTON DE 1000
244223,CARTON DE 6
244234,CARTON DE 25
244238,CARTON DE 1000
244242,CARTON DE 1000
244252,CARTON DE 1000
244254,CARTON DE 12 PACKS
244283,CARTON DE 1000
244298,CARTON DE 1000
244312,CARTON DE 1000
244313,CARTON DE 1500
244318,CARTON DE 1000
244319,1
244331,CARTON DE 1000
244332,1
244351,1
244365,1
244369,1
244373,CARTON DE 1000
244375,1
244399,1
244401,1
244402,CARTON DE 1000
244403,CARTON DE 1000
244415,CARTON DE 25
244417,CARTON DE 1000
244431,CARTON DE 12 PACKS
244434,CARTON DE 1000
244444,PIECE
244450,CARTON DE 1000
244463,CARTON DE 1000
244506,CARTON DE 1000
244546,BOITE
244548,1
244567,1
244608,CARTON DE 1000
244614,CARTON ORIGINE DE 4
244615,CARTON ORIGINE DE 4
244616,CARTON B DE 4
244617,CARTON DE 1000
244618,1
244637,1
244643,CARTON DE 1000
244677,CARTON DE 1000
244680,CARTON DE 1000
244686,CARTON DE 1000
244712,CARTON DE 1000
244714,1
244718,1
244719,1
244721,CARTON DE 1000
244739,CARTON DE 1000
244741,CARTON DE 25
244779,1
244789,PIECE
244802,CARTON DE 1500
244828,CARTON DE 12 PACKS
244841,CARTON DE 1000
244845,CARTON DE 1000
244846,1
244859,CARTON DE 1000
244860,1
244879,BOITE DE 100
244880,BOITE DE 300
244904,CARTON DE 1000
244907,BOITE DE 300
244908,CARTON DE 1000
244910,1
244927,CARTON DE 1000
244943,CARTON DE 1000
244956,1
244969,CARTON DE 1000
244971,CARTON DE 1000
244985,CARTON DE 1000
244991,CARTON DE 6
245019,1
245024,CARTON DE 1000
245036,1
245037,CARTON DE 1000
245044,CARTON DE 1000
245050,CARTON DE 1000
245054,1
245060,CARTON DE 1000
245077,CARTON DE 1000
245086,CARTON DE 1000
245101,CARTON DE 1000
245142,CARTON DE 1000
245149,1
245151,1
245153,CARTON DE 1000
245156,PIECE
245157,CARTON A DE 40
245161,CARTON DE 6
245166,CARTON DE 6
245169,CARTON DE 1000
245194,CARTON DE 1000
245196,CARTON DE 1000
245211,CARTON DE 1000
245212,1
245222,CARTON CONTAINER DE 60
245226,CARTON DE 1000
245228,1
245233,CARTON DE 1000
245236,CARTON DE 1000
245239,CARTON DE 1000
245244,1
245255,BOITE DE 25
245256,BOITE DE 25
245257,BOITE DE 50
245258,BOITE DE 50
245259,PIECE
245262,BOITE DE 300
245267,CARTON DE 1000
245278,CARTON DE 1000
245286,CARTON DE 1000
245303,CARTON DE 1000
245304,1
245317,1
245330,1
245370,CARTON DE 1000
245394,CARTON DE 1000
245396,CARTON DE 1000
245397,1
245410,CARTON DE 1000
245412,1
245444,1
245452,CARTON DE 1000
245453,CARTON DE 1500
245454,CARTON DE 1000
245464,CARTON DE 1000
245470,PIECE
245471,1
245507,CARTON DE 1000
245510,CARTON DE 1500
245533,CARTON DE 1000
245535,1
245560,CARTON DE 1000
245566,CARTON DE 6
245570,CARTON DE 1000
245615,CARTON DE 1000
245616,1
245620,1
245629,CARTON DE 20
245631,CARTON DE 20
245645,CARTON DE 100
245647,CARTON DE 1000
245648,1
245653,CARTON DE 1000
245654,1
245655,BOITE DE 300
245656,PIECE
245670,1
245674,1
245678,BOITE
245679,BOITE
245680,BOITE
245683,CARTON DE 1000
245701,CARTON DE 1000
245714,CARTON DE 1000
245716,CARTON DE 12 PACKS
245718,BOITE DE 300
245726,BOITE DE 100
245727,BOITE DE 300
245731,SACHET DE 100
245732,SACHET DE 100
245733,SACHET DE 50
245734,SACHET DE 100
245735,SACHET DE 50
245737,CARTON DE 1000
245761,BOITE DE 50
245765,1
245773,BOITE DE 50
245774,BOITE DE 50
245775,PIECE
245776,PIECE
245786,BOITE DE 25
245787,PIECE
245789,PIECE
245790,PIECE
245791,PIECE
245794,CARTON DE 1000
245804,1
245806,BOITE DE 12
245807,1
245814,CARTON DE 1000
245815,CARTON DE 1000
245830,CARTON DE 1000
245846,CARTON DE 1000
245847,CARTON DE 1000
245855,CARTON DE 1000
245860,1
245864,CARTON DE 1000
245867,CARTON DE 1000
245874,CARTON DE 1000
245897,CARTON DE 1000
245912,CARTON DE 1000
245913,CARTON DE 24 PAQUETS D'ETUIS
245915,CARTON DE 1500
245916,CARTON DE 1000
245918,CARTON DE 1000
245936,1
245937,CARTON DE 1000
245938,1
245970,CARTON DE 1000
245990,CARTON DE 1000
245991,1
245994,CARTON DE 1000
245997,1
246028,CARTON DE 1000
246041,CARTON DE 1000
246043,1
246047,CARTON DE 1000
246056,1
246057,CARTON DE 1000
246064,CARTON DE 1000
246073,PIECE
246074,PIECE
246079,CARTON DE 1000
246094,CARTON DE 6
246104,CARTON DE 12 PACKS
246105,CARTON DE 12 PACKS
246119,1
246120,CARTON DE 1000
246122,1
246124,CARTON DE 1000
246145,CARTON DE 1000
246152,CARTON DE 1000
246153,1
246166,CARTON DE 1000
246169,CARTON DE 25
246171,CARTON DE 1000
246174,1
246186,1
246190,CARTON DE 12 PACKS
246199,CARTON DE 1000
246200,1
246215,PIECE
246222,1
246234,CARTON DE 1000
246284,1
246305,1
246319,CARTON DE 25
246329,CARTON DE 1000
246334,CARTON DE 1000
246335,1
246376,CARTON DE 12 PACKS
246384,CARTON DE 12 PACKS
246402,CARTON DE 1000
246412,PIECE
246413,PIECE
246414,PIECE
246444,CARTON DE 1000
246463,1
246464,CARTON DE 1000
246473,CARTON DE 1000
246478,CARTON DE 1000
246519,CARTON DE 1000
246521,1
246528,1
246529,BOITE DE 100
246543,1
246550,CARTON DE 1000
246552,CARTON DE 1000
246555,CARTON DE 1000
246562,1
246566,CARTON ORIGINE DE 4
246568,CARTON DE 1000
246570,CARTON DE 1000
246593,1
246606,CARTON DE 1000
246607,1
246612,CARTON DE 1000
246670,SACHET DE 50
246671,PIECE
246672,SACHET DE 50
246673,PIECE
246674,PIECE
246675,PIECE
246676,CARTON DE 1000
246681,1
246697,CARTON DE 1000
246712,CARTON DE 1000
246721,1
246739,CARTON DE 1000
246762,CARTON DE 1000
246763,1
246769,PIECE
246770,PIECE
246771,PIECE
246772,PIECE
246773,CARTON DE 1000
246775,CARTON DE 1000
246782,CARTON DE 1000
246783,PIECE
246822,CARTON DE 1000
246823,1
246835,CARTON DE 25
246879,CARTON DE 1000
246880,1
246889,CARTON CONTAINER DE 96
246890,CARTON CONTAINER DE 60
246892,CARTON DE 1000
246895,1
246899,1
246902,PIECE
246917,1
246926,CARTON DE 1000
246934,BOITE DE 300
246943,BOITE DE 300
246957,CARTON DE 1000
246959,CARTON DE 1000
246969,CARTON DE 1000
246997,CARTON DE 1000
247022,CARTON DE 1000
247023,1
247025,CARTON DE 1000
247030,PIECE
247035,1
247048,CARTON DE 25
247052,1
247064,1
247065,CARTON DE 1000
247070,1
247106,CARTON DE 1000
247108,1
247134,CARTON DE 1000
247135,CARTON DE 1500
247136,CARTON DE 1000
247137,1
247214,1
247221,1
247226,CARTON DE 1000
247234,BOITE DE 300
247244,CARTON DE 1000
247245,1
247253,CARTON DE 1000
247254,1
247255,CARTON DE 1000
247259,CARTON DE 1000
247263,PIECE
247265,PIECE
247266,PIECE
247267,PIECE
247268,PIECE
247272,CARTON DE 1000
247278,CARTON DE 1000
247279,CARTON DE 1500
247292,CARTON DE 6
247295,CARTON DE 40
247300,CARTON DE 1000
247301,1
247323,CARTON DE 1000
247349,CARTON DE 1000
247350,CARTON DE 1000
247360,1
247361,CARTON DE 1000
247363,1
247374,CARTON DE 1000
247388,PIECE
247415,CARTON DE 1000
247420,1
247451,CARTON DE 1000
247479,CARTON DE 24 PAQUETS D'ETUIS
247480,CARTON DE 1000
247485,CARTON DE 1000
247488,CARTON DE 1000
247489,1
247490,CARTON DE 1000
247491,1
247493,1
247495,1
247497,1
247499,1
247501,1
247502,CARTON DE 1000
247513,CARTON DE 1000
247514,1
247547,1
247562,CARTON DE 1000
247580,CARTON DE 1000
247587,CARTON DE 1000
247593,CARTON DE 1000
247595,CARTON DE 1000
247596,CARTON DE 1000
247611,CARTON DE 12 PACKS
247613,PIECE
247614,PIECE
247615,BOITE
247616,BOITE
247617,BOITE
247618,BOITE
247619,PIECE
247623,BOITE DE 100
247624,BOITE DE 250
247626,CARTON DE 12 PACKS
247640,1
247643,CARTON DE 1000
247649,CARTON DE 6
247653,CARTON DE 12 PACKS
247666,CARTON DE 6
247694,CARTON DE 1000
247695,1
247713,CARTON DE 12 PACKS
247731,CARTON DE 1000
247732,1
247745,CARTON DE 1000
247760,1
247784,CARTON DE 1000
247787,CARTON DE 1000
247812,CARTON DE 1000
247813,CARTON DE 1000
247814,1
247820,CARTON DE 1000
247821,1
247835,CARTON DE 1000
247851,CARTON DE 1000
247856,1
247858,BOITE DE 100
247884,CARTON DE 1000
247893,PIECE
247894,1
247895,BOITE DE 300
247919,1
247931,1
247943,1
247952,1
247953,CARTON DE 1000
247966,1
247974,1
247982,CARTON DE 1000
248009,CARTON DE 1000
248011,1
248025,CARTON DE 1000
248035,1
248043,CARTON DE 1000
248047,CARTON DE 1000
248065,CARTON DE 1500
248066,CARTON DE 1000
248068,1
248069,CARTON DE 1000
248105,BOITE DE 300
248111,CARTON DE 1000
248112,PIECE
248113,PIECE
248122,CARTON DE 1000
248124,1
248154,1
248155,CARTON DE 1000
248169,CARTON DE 1000
248173,PIECE
248185,CARTON DE 6
248248,CARTON DE 1000
248264,CARTON DE 1000
248302,CARTON DE 1000
248313,CARTON DE 1000
248325,CARTON DE 1000
248369,CARTON DE 1000
248387,1
248388,CARTON DE 1000
248390,CARTON DE 12 PACKS
248397,CARTON DE 1000
248412,1
248423,BOITE DE 100
248424,BOITE DE 300
248434,1
248447,CARTON DE 25
248452,1
248453,CARTON DE 1000
248454,CARTON DE 1000
248461,CARTON DE 1000
248475,CARTON DE 1000
248476,1
248486,1
248487,CARTON DE 1000
248488,1
248530,1
248540,CARTON DE 1000
248564,BOITE
248567,BOITE DE 300
248597,CARTON DE 1000
248648,BOITE
248649,BOITE DE 50
248650,BOITE DE 25
248651,BOITE DE 25
248652,BOITE DE 50
248653,BOITE DE 25
248655,PIECE
248656,PIECE
248669,CARTON DE 1000
248691,1
248695,BOITE DE 100
248699,CARTON DE 1000
248729,CARTON DE 1000
248740,CARTON DE 25
248748,CARTON DE 1000
248749,1
248753,CARTON DE 1000
248766,1
248767,CARTON DE 1000
248776,CARTON DE 1000
248822,PIECE
248823,SACHET DE 50
248824,SACHET DE 50
248828,SACHET DE 50
248829,SACHET DE 50
248831,SACHET DE 50
248836,CARTON DE 1500
248839,1
248841,CARTON DE 1000
248843,1
248848,CARTON DE 12 PACKS
248850,CARTON DE 1000
248852,CARTON DE 25
248862,CARTON DE 1000
248866,PIECE
248867,PIECE
248869,1
248881,PIECE
248882,PIECE
248883,PIECE
248903,CARTON DE 1000
248928,CARTON DE 1000
248943,CARTON DE 1000
248960,CARTON DE 1000
248961,1
248972,BOITE DE 300
248980,CARTON B DE 4
249005,CARTON DE 1000
249013,CARTON DE 1000
249014,1
249016,CARTON DE 1000
249023,CARTON DE 1000
249045,1
249046,CARTON DE 1000
249049,CARTON DE 12 PACKS
249063,1
249136,CARTON D DE 30
249137,CARTON B DE 4
249141,CARTON ORIGINE DE 4
249159,1
249172,CARTON DE 1000
249174,CARTON DE 1000
249177,BOITE DE 100
249178,BOITE DE 300
249212,CARTON DE 1000
249213,CARTON DE 1000
249214,1
249242,BOITE DE 100
249245,1
249284,1
249308,CARTON DE 1000
249318,CARTON DE 12 PACKS
249329,1
249375,CARTON DE 1000
249376,1
249394,CARTON DE 1000
249395,CARTON DE 1000
249396,1
249401,1
249415,CARTON DE 20
249419,CARTON DE 1000
249427,1
249443,CARTON DE 1000
249444,1
249450,PIECE
249463,CARTON DE 1000
249471,CARTON DE 1000
249476,1
249519,CARTON DE 1000
249525,CARTON DE 6
249531,CARTON DE 1000
249542,1
249547,CARTON DE 12 PACKS
249549,CARTON DE 1000
249550,1
249551,CARTON DE 1000
249560,1
249566,CARTON DE 1000
249573,CARTON DE 1000
249591,CARTON DE 1000
249621,CARTON DE 1000
249633,BOITE DE 100
249634,BOITE DE 300
249636,CARTON DE 1000
249643,CARTON DE 6
249645,CARTON A DE 50
249698,1
249707,SACHET DE 30
249708,BOITE
249710,PIECE
249724,CARTON DE 6
249731,CARTON DE 1000
249779,CARTON DE 12 PACKS
249793,CARTON DE 12 PACKS
249825,1
249836,CARTON DE 12 PACKS
249866,CARTON DE 1000
249882,CARTON DE 1000
249897,CARTON DE 1000
249905,1
249912,BOITE DE 300
249914,BOITE DE 300
249923,CARTON DE 1000
249929,CARTON DE 1000
249997,CARTON DE 1000
250011,CARTON DE 1000
250030,1
250036,CARTON DE 1000
250040,CARTON DE 1000
250043,1
250045,1
250074,CARTON DE 1000
250085,CARTON DE 1000
250117,1
250129,CARTON DE 1000
250130,1
250136,CARTON DE 1000
250137,1
250142,1
250150,PIECE
250176,CARTON DE 1000
250178,CARTON DE 1000
250181,CARTON DE 1000
250188,CARTON DE 1000
250190,1
250207,CARTON DE 1000
250209,CARTON DE 1000
250210,CARTON DE 24 PAQUETS D'ETUIS
250212,CARTON DE 1000
250218,1
250219,CARTON DE 1000
250220,1
250222,1
250228,CARTON DE 1000
250234,CARTON DE 1000
250235,CARTON DE 1000
250269,PIECE
250284,CARTON DE 1000
250288,CARTON DE 1000
250295,CARTON DE 1000
250298,CARTON DE 1000
250299,CARTON DE 1000
250305,CARTON DE 1000
250312,CARTON DE 1000
250321,CARTON DE 1000
250324,CARTON DE 1000
250326,CARTON DE 1000
250330,1
250346,CARTON DE 25
250368,CARTON DE 1000
250375,CARTON DE 1000
250478,CARTON DE 1000
250481,CARTON DE 1000
250510,CARTON DE 1000
250514,CARTON DE 6
250556,1
250569,1
250576,1
250578,BOITE DE 300
250585,BOITE DE 50
250586,BOITE DE 50
250661,CARTON DE 1000
250689,CARTON DE 1000
250691,CARTON DE 1000
250694,CARTON DE 25
250717,CARTON DE 1000
250718,CARTON DE 25
250719,BOITE DE 300
250722,1
250726,1
250762,CARTON DE 1000
250816,CARTON DE 12 PACKS
250823,PIECE
250832,1
250836,CARTON DE 1000
250837,1
250861,CARTON DE 1000
250867,CARTON DE 1000
250868,1
250889,CARTON DE 12 PACKS
250915,1
250928,1
250932,CARTON DE 1000
250971,CARTON DE 1000
250988,1
250994,1
250996,CARTON DE 1000
250997,1
250999,CARTON DE 1500
251000,CARTON DE 1000
251001,PIECE
251006,CARTON DE 1000
251011,CARTON DE 1000
251039,BOITE DE 100
251040,BOITE DE 300
251041,1
251052,CARTON DE 1000
251053,1
251055,CARTON DE 1000
251089,1
251090,CARTON DE 1000
251091,CARTON DE 1000
251099,CARTON DE 1000
251114,CARTON DE 1000
251119,CARTON DE 12 PACKS
251124,CARTON DE 12 PACKS
251159,CARTON DE 1000
251164,CARTON DE 6
251167,CARTON DE 1000
251168,1
251169,CARTON DE 1000
251170,1
251183,BOITE DE 300
251203,CARTON DE 25
251213,CARTON DE 1000
251240,PIECE
251250,CARTON DE 1000
251261,CARTON DE 1000
251318,CARTON DE 1000
251321,CARTON DE 1000
251330,CARTON CONTAINER DE 60
251331,CARTON CONTAINER DE 80
251332,CARTON CONTAINER DE 60
251342,1
251351,1
251390,BOITE
251391,BOITE
251392,BOITE
251393,BOITE
251394,BOITE
251395,PIECE
251396,BOITE
251398,PIECE
251399,PIECE
251402,1
251427,1
251428,CARTON DE 1000
251429,CARTON DE 1500
251452,BOITE DE 100
251453,BOITE DE 300
251455,CARTON DE 1000
251464,CARTON DE 1000
251500,CARTON DE 1000
251501,1
251516,CARTON DE 1000
251519,CARTON DE 1000
251525,1
251537,CARTON DE 1000
251538,1
251553,1
251575,CARTON DE 1000
251579,CARTON DE 1000
251596,CARTON DE 1000
251597,CARTON DE 1000
251607,CARTON DE 1000
251632,CARTON DE 1000
251635,PIECE
251636,PIECE
251644,1
251647,CARTON DE 12 PACKS
251675,CRATON DE 50
251682,BOITE
251683,BOITE
251684,BOITE
251685,CARTON DE 1000
251686,CARTON DE 1000
251687,CARTON DE 1000
251688,CARTON DE 1500
251694,CARTON DE 1000
251696,1
251722,1
251724,1
251737,CARTON DE 1000
251741,1
251753,1
251755,CARTON DE 1000
251758,SACHET DE 50
251778,CARTON DE 1000
251801,CARTON DE 25
251803,BOITE DE 100
251806,BOITE DE 300
251807,CARTON DE 1000
251813,CARTON DE 1000
251814,1
251818,CARTON DE 1000
251830,CARTON DE 1000
251834,CARTON DE 1000
251836,CARTON DE 1000
251857,CARTON ORIGINE DE 4
251858,CARTON B DE 4
251871,1
251876,PIECE
251877,1
251884,CARTON DE 1000
251885,CARTON DE 1000
251888,CARTON DE 1000
251889,1
251903,CARTON DE 6
251913,CARTON DE 1000
251915,CARTON DE 1000
251916,1
251917,CARTON DE 1000
251919,CARTON A DE 40
251922,CARTON DE 1000
251938,1
251942,CARTON DE 1000
251948,CARTON DE 1000
251952,CARTON DE 1000
251953,1
251959,CARTON DE 1000
251964,1
251965,CARTON DE 6
251968,CARTON DE 1000
251969,1
251992,CARTON DE 1000
251999,CARTON DE 1000
252011,1
252017,CARTON DE 1000
252020,CARTON DE 25
252028,CARTON DE 1000
252029,1
252034,CARTON DE 1000
252064,1
252103,CARTON DE 1000
252117,CARTON DE 1500
252118,CARTON DE 1000
252163,CARTON DE 1000
252171,CARTON DE 1500
252173,PIECE
252180,CARTON DE 12 PACKS
252185,CARTON DE 12 PACKS
252198,CARTON DE 1000
252225,1
252226,PIECE
252301,CARTON DE 1000
252306,CARTON A DE 30
252312,CARTON DE 1000
252313,CARTON DE 1000
252315,1
252317,CARTON DE 1000
252318,1
252322,CARTON DE 1000
252343,CARTON DE 12 PACKS
252361,CARTON DE 12 PACKS
252362,CARTON DE 1000
252363,1
252365,CARTON DE 1000
252372,1
252373,PIECE
252412,CARTON DE 1000
252425,CARTON DE 1000
252429,1
252443,CARTON DE 20
252444,CARTON DE 20
252448,CARTON DE 1000
252454,BOITE DE 100
252461,BOITE DE 300
252462,BOITE
252463,BOITE
252464,BOITE
252465,BOITE DE 50
252466,BOITE DE 50
252467,BOITE DE 50
252468,BOITE DE 50
252469,BOITE DE 25
252470,BOITE DE 25
252492,BOITE
252493,BOITE
252494,BOITE
252495,BOITE DE 50
252496,BOITE DE 50
252497,BOITE DE 50
252498,BOITE DE 50
252499,BOITE DE 25
252500,BOITE DE 25
252501,BOITE
252502,BOITE
252503,BOITE
252504,BOITE DE 50
252505,BOITE DE 50
252506,BOITE DE 50
252507,BOITE DE 50
252508,BOITE DE 25
252509,BOITE DE 25
252532,1
252536,CARTON DE 1000
252545,CARTON DE 1000
252546,CARTON DE 1500
252576,CARTON DE 1000
252588,CARTON DE 1000
252611,1
252615,BOITE DE 300
252616,BOITE DE 100
252618,1
252626,CARTON DE 1000
252628,BOITE DE 300
252630,SACHET DE 50
252632,CARTON DE 1000
252633,1
252634,CARTON DE 1000
252635,1
252646,1
252650,CARTON DE 1000
252651,CARTON DE 1000
252652,1
252681,1
252694,CARTON DE 1000
252695,1
252729,CARTON DE 6
252734,CARTON A DE 40
252773,BOITE DE 300
252780,BOITE DE 300
252783,CARTON DE 1000
252788,1
252800,1
252806,CARTON DE 1000
252807,1
252811,CARTON DE 1000
252828,CARTON DE 1000
252833,CARTON DE 1000
252846,1
252851,CARTON ORIGINE DE 4
252852,PIECE
252853,PIECE
252854,PIECE
252859,1
252865,CARTON DE 1000
252866,CARTON DE 1000
252870,CARTON DE 25
252884,1
252915,1
252916,CARTON DE 1000
252923,BOITE DE 300
252925,BOITE DE 100
252927,1
252931,CARTON DE 1000
252932,1
252950,CARTON DE 1000
252951,1
252955,CARTON DE 1000
252983,1
252990,1
252991,CARTON DE 1000
252992,1
253006,CARTON DE 1000
253016,1
253035,CARTON DE 1000
253077,CARTON DE 12 PACKS
253082,CARTON DE 12 PACKS
253087,CARTON DE 1000
253157,CARTON DE 1000
253161,CARTON DE 1000
253162,CARTON DE 1000
253164,CARTON DE 12 PACKS
253168,CARTON DE 1000
253169,1
253174,CARTON DE 1000
253182,1
253203,1
253207,CARTON DE 1000
253222,1
253223,CARTON DE 1000
253224,1
253228,CARTON DE 1000
253240,CARTON DE 1000
253242,1
253255,1
253257,1
253262,CARTON DE 12 PACKS
253265,1
253266,1
253293,CARTON DE 1000
253306,CARTON DE 1000
253311,CARTON DE 1000
253331,1
253334,1
253425,1
253465,1
253480,1
253494,BOITE DE 300
253495,BOITE DE 100
253496,1
253534,CARTON DE 6
253538,1
253543,1
253556,1
253602,1
253619,CARTON ORIGINE DE 4
253621,BOITE DE 300
253622,BOITE DE 100
253629,1
253656,CARTON DE 500
253701,CARTON DE 1500
253719,1
253735,1
253750,1
253775,1
253777,1
253789,1
253806,1
253809,1
253812,1
253857,CARTON DE 1500
253873,1
253910,1
253919,1
253947,CARTON DE 1500
253960,1
254036,BOITE DE 300
254043,1
254060,BOITE DE 300
254067,1
254070,1
254072,CARTON ORIGINE DE 4
254079,1
254103,CARTON DE 6
254131,1
254155,1
254169,BOITE DE 100
254174,CARTON DE 6
254223,1
254235,1
254256,1
254259,1
254299,1
254332,1
254334,1
254346,1
254409,1
254417,CARTON DE 12 PACKS
254440,1
254515,BOITE DE 300
254544,1
254548,BOITE DE 100
254566,1
254583,CARTON DE 12 PACKS
254601,1
254630,BOITE DE 100
254636,BOITE DE 300
254650,1
254651,1
254717,1
254731,CARTON DE 12 PACKS
254766,1
254777,1
254778,1
254779,1
254780,1
254806,1
254852,CARTON DE 6
254859,1
254883,1
254939,1
254953,1
254963,CARTON DE 12 PACKS
254965,1
254968,CARTON DE 12 PACKS
254974,CARTON DE 12 PACKS
254982,1
254991,1
255003,CARTON DE 12 PACKS
255007,PIECE
255008,PIECE
255033,BOITE DE 300
255056,1
255064,CARTON DE 25
255079,1
255081,1
255084,1
255092,CARTON B DE 4
255093,CARTON ORIGINE DE 4
255121,PIECE
255137,1
255147,1
255224,1
255250,CARTON DE 1500
255258,1
255269,SACHET DE 10
255270,SACHET DE 10
255271,BOITE DE 100
255272,PIECE
255273,PIECE
255274,PIECE
255275,PIECE
255276,PIECE
255277,SACHET DE 100
255278,SACHET DE 100
255279,BOITE DE 50
255280,BOITE DE 50
255281,BOITE DE 25
255282,BOITE
255283,BOITE
255284,BOITE
255285,BOITE
255286,BOITE
255287,BOITE
255288,BOITE
255289,BOITE
255290,PIECE
255291,PIECE
255292,PIECE
255293,SACHET DE 50
255294,SACHET DE 50
255295,SACHET DE 50
255296,SACHET DE 50
255297,SACHET DE 50
255298,SACHET DE 100
255299,PIECE
255300,PIECE
255301,PIECE
255302,SACHET DE 40
255305,1
255307,1
255312,PIECE
255319,1
255334,1
255341,BOITE DE 300
255347,BOITE DE 300
255355,CARTON A DE 9
255367,1
255378,1
255384,1
255446,1
255487,CARTON DE 20
255488,CARTON DE 20
255551,BOITE DE 300
255596,1
255635,1
255638,1
255666,1
255668,CARTON B DE 4
255671,1
255722,CARTON DE 6
255787,1
255799,CARTON DE 25
255841,1
255860,1
255865,CARTON DE 12 PACKS
255885,PIECE
255886,PIECE
255887,PIECE
255888,PIECE
255889,PIECE
255890,PIECE
255891,PIECE
255892,PIECE
255893,PIECE
255897,100
255903,1
255921,1
255935,1
255936,1
255938,1
255962,1
255972,1
256043,1
256073,CARTON DE 25
256086,1
256092,1
256101,1
256126,CARTON DE 1500
256128,BOITE DE 300
256165,1
256212,1
256292,1
256303,1
256348,1
256357,BOITE DE 300
256362,PIECE
256363,PIECE
256364,PIECE
256365,PIECE
256366,PIECE
256367,PIECE
256368,PIECE
256369,PIECE
256383,1
256388,1
256404,CARTON D DE 30
256415,CARTON DE 12 PACKS
256505,PIECE
256506,PIECE
256507,BOITE DE 300
256514,CARTON DE 24 PAQUETS D'ETUIS
256530,CARTON DE 12 PACKS
256562,1
256572,CARTON DE 12 PACKS
256593,CARTON DE 1500
256647,1
256666,CARTON DE 25
256669,BOITE DE 300
256698,CARTON DE 6
256701,CARTON DE 6
256741,1
256767,1
256782,BOITE DE 300
256835,CARTON DE 40
256847,1
256849,PIECE
256870,CARTON DE 12 PACKS
256875,BOITE DE 100
256876,BOITE DE 300
256943,BOITE DE 100
256948,1
256949,1
257020,CARTON CONTAINER DE 60
257021,CARTON CONTAINER DE 60
257031,1
257032,1
257043,PIECE
257044,PIECE
257045,FLOWPACK
257046,FLOWPACK
257047,PIECE
257048,PIECE
257049,SACHET DE 5
257050,SACHET DE 5
257051,SACHET DE 5
257052,PIECE
257055,PIECE
257061,BOITE DE 100
257065,1
257119,1
257187,SACHET DE 50
257188,SACHET DE 100
257189,SACHET DE 100
257194,1
257218,CARTON DE 24 PAQUETS D'ETUIS
257222,FLOWPACK
257224,1
257251,1
257277,1
257278,1
257281,CARTON DE 12 PACKS
257291,BOITE DE 300
257292,BOITE DE 100
257297,1
257298,1
257299,1
257309,BOITE DE 300
257316,1
257325,BOITE DE 300
257326,CARTON DE 12 PACKS
257343,BOITE DE 300
257354,1
257356,BOITE DE 100
257363,BOITE DE 300
257401,PIECE
257402,PIECE
257403,PIECE
257404,PIECE
257405,PIECE
257406,PIECE
257407,PIECE
257408,PIECE
257409,PIECE
257410,PIECE
257411,PIECE
257412,SACHET DE 100
257469,CARTON A DE 40
257473,SACHET DE 30
257474,SACHET DE 30
257475,SACHET DE 30
257476,SACHET DE 50
257479,1
257483,1
257494,CARTON DE 1500
257498,BOITE DE 300
257499,BOITE DE 100
257510,1
257511,BOITE DE 300
257523,1
257532,1
257541,1
257664,CARTON DE 25
257677,BOITE DE 300
257683,1
257693,1
257716,1
257732,PIECE
257733,1
257736,1
257766,1
257770,1
257783,1
257798,BOITE DE 100
257804,1
257808,PIECE
257830,1
257848,1
257852,CARTON DE 12 PACKS
257858,CARTON DE 12 PACKS
257865,1
257866,PIECE
257919,1
257920,1
257955,1
257957,1
257959,1
257961,1
257963,1
257965,1
257968,1
257978,1
257984,1
257992,1
257995,1
258105,PIECE
258106,PIECE
258137,1
258140,PIECE
258141,BOITE DE 100
258178,1
258185,PIECE
258186,PIECE
258188,CARTON DE 1500
258224,PIECE
258225,1
258228,1
258240,1
258242,1
258274,1
258285,CARTON DE 500
258287,CARTON DE 12 PACKS
258289,CARTON DE 500
258291,CARTON DE 12 PACKS
258330,CARTON DE 1500
258352,CARTON DE 1500
258371,1
258373,1
258384,1
258403,1
258423,1
258485,BOITE DE 50
258500,BOITE DE 100
258501,BOITE DE 300
258524,1
258527,BOITE DE 100
258531,1
258533,BOITE DE 12
258534,BOITE DE 300
258543,BOITE DE 100
258544,BOITE DE 300
258547,BOITE DE 300
258552,SACHET DE 20
258557,PIECE
258558,PIECE
258559,PIECE
258560,PIECE
258561,PIECE
258562,PIECE
258563,PIECE
258564,PIECE
258565,PIECE
258566,PIECE
258567,PIECE
258568,PIECE
258579,1
258585,1
258586,1
258588,1
258619,1
258623,1
258647,CARTON DE 12 PACKS
258657,CARTON DE 25
258662,CARTON DE 12 PACKS
258667,CARTON DE 20
258668,CARTON DE 20
258682,1
258713,1
258759,CARTON DE 25
258774,1
258837,1
258918,CARTON ORIGINE DE 4
258924,CARTON B DE 4
258929,1
258936,CARTON DE 1500
258941,CARTON DE 24 PAQUETS D'ETUIS
258966,CARTON DE 25
258970,1
258971,1
258995,CARTON DE 12 PACKS
259001,CARTON DE 1500
259017,1
259024,PIECE
259109,BOITE DE 300
259119,1
259120,BOITE
259121,BOITE
259122,BOITE
259123,BOITE
259124,BOITE DE 50
259125,BOITE DE 25
259126,BOITE DE 25
259141,1
259142,1
259197,PIECE
259198,PIECE
259204,1
259284,1
259286,BOITE DE 100
259287,PIECE
259292,1
259296,1
259340,1
259349,1
259351,1
259364,BOITE DE 300
259395,1
259430,PIECE
259431,PIECE
259465,BOITE DE 300
259467,CARTON DE 24 PAQUETS D'ETUIS
259512,BOITE DE 300
259521,CARTON B DE 4
259547,1
259628,1
259651,1
259672,1
259687,1
259693,1
259769,1
259770,BOITE DE 50
259771,BOITE DE 50
259772,BOITE DE 50
259773,BOITE DE 25
259774,BOITE DE 50
259790,1
259807,1
259816,CARTON CONTAINER DE 96
259827,CARTON CONTAINER DE 60
259908,CARTON DE 1500
259992,1
260007,PIECE
260059,SACHET DE 30
260085,CARTON DE 25
260106,BOITE DE 300
260120,1
260122,BOITE DE 100
260151,1
260161,1
260168,BOITE DE 300
260169,PIECE
260228,1
260231,1
260244,CARTON DE 25
260246,BOITE DE 300
260264,1
260276,1
260307,PIECE
260308,PIECE
260309,PIECE
260310,PIECE
260314,CARTON DE 12 PACKS
260320,CARTON DE 12 PACKS
260347,1
260405,BOITE DE 50
260406,BOITE DE 25
260412,1
260413,1
260567,CARTON DE 12 PACKS
260572,PIECE
260573,PIECE
260574,PIECE
260575,PIECE
260576,PIECE
260577,PIECE
260578,PIECE
260599,1
260603,1
260631,1
260650,1
260652,1
260658,1
260659,1
260667,1
260668,CARTON DE 20
260669,CARTON DE 20
260749,1
260750,PIECE
260773,PIECE
260806,CARTON DE 40
260816,BOITE DE 100
260840,BOITE DE 300
260842,1
260849,1
260851,1
260860,CARTON DE 25
260884,1
260893,1
260918,1
260954,CARTON DE 1500
260956,PIECE
260961,1
260974,BOITE DE 100
260978,BOITE DE 300
260989,1
260991,1
261036,BOITE DE 300
261063,CARTON DE 12 PACKS
261071,CARTON DE 12 PACKS
261091,1
261100,CARTON DE 20
261101,CARTON DE 20
261137,BOITE DE 300
261141,BOITE DE 300
261152,1
261197,BOITE DE 100
261202,BOITE DE 300
261229,PIECE
261235,1
261252,1
261259,1
261260,1
261275,1
261283,BOITE
261284,BOITE
261285,BOITE
261286,BOITE
261287,BOITE
261288,BOITE
261289,BOITE
261290,BOITE
261356,1
261387,PIECE
261388,PIECE
261417,1
261429,1
261438,1
261441,CARTON DE 25
261453,1
261454,SACHET DE 50
261455,SACHET DE 50
261489,PIECE
261500,SACHET DE 50
261501,SACHET DE 50
261503,SACHET DE 50
261504,SACHET DE 50
261506,1
261516,PIECE
261526,1
261528,1
261569,CARTON DE 12 PACKS
261574,1
261575,PIECE
261596,BOITE DE 300
261618,PIECE
261623,1
261640,CARTON DE 1500
261658,1
261662,CARTON A DE 40
261739,1
261759,1
261800,1
261830,BOITE DE 300
261832,BOITE DE 100
261841,PIECE
261871,1
261876,1
261880,PIECE
261890,CARTON DE 12 PACKS
261895,CARTON DE 12 PACKS
261925,1
261967,1
261999,1
262038,1
262043,1
262049,1
262095,PIECE
262096,CARTON DE 12 PACKS
262113,1
262121,PIECE
262122,PIECE
262151,1
262152,BOITE DE 300
262195,1
262204,CARTON DE 20
262208,1
262210,1
262225,CARTON DE 24 PAQUETS D'ETUIS
262247,CARTON DE 25
262249,1
262251,1
262284,1
262337,1
262399,1
262402,PIECE
262403,PIECE
262408,PIECE
262409,PIECE
262410,PIECE
262446,BOITE DE 300
262448,1
262453,PIECE
262454,PIECE
262455,PIECE
262456,PIECE
262457,PIECE
262458,PIECE
262459,PIECE
262460,PIECE
262465,1
262472,PIECE
262496,1
262520,CARTON DE 25
262546,1
262553,1
262554,CARTON DE 12 PACKS
262560,CARTON DE 12 PACKS
262574,PIECE
262605,BOITE DE 100
262606,BOITE DE 300
262625,1
262644,1
262650,CARTON A DE 40
262659,1
262675,PIECE
262709,1
262716,1
262722,1
262727,1
262733,1
262785,1
262788,1
262793,1
262794,1
262836,CARTON DE 1500
262858,CARTON DE 500
262915,PIECE
262916,PIECE
262933,1
262938,1
262955,1
262963,BOITE DE 100
262973,BOITE DE 100
262997,1
263006,BOITE DE 300
263048,CARTON DE 25
263078,1
263090,1
263181,1
263235,1
263239,1
263253,CARTON DE 25
263268,BOITE DE 100
263313,1
263332,1
263357,CARTON DE 100
263372,1
263443,1
263445,1
263449,BOITE
263453,BOITE
263457,1
263462,PIECE
263573,1
263584,BOITE DE 300
263594,BOITE DE 100
263595,1
263599,SACHET DE 10
263611,PIECE
263612,PIECE
263613,PIECE
263614,PIECE
263615,PIECE
263616,PIECE
263622,1
263624,1
263641,PIECE
263642,PIECE
263655,1
263656,1
263663,1
263697,1
263744,1
263827,BOITE DE 100
263828,BOITE DE 300
263968,1
263976,PIECE
263978,1
263994,1
264008,CARTON DE 1500
264012,1
264071,BOITE DE 300
264073,1
264083,1
264086,1
264091,1
264093,1
264101,CARTON DE 12 PACKS
264141,BOITE DE 300
264145,1
264149,1
264163,PIECE
264170,1
264189,PIECE
264190,PIECE
264197,PIECE
264204,1
264237,1
264256,PIECE
264258,1
264260,BOITE DE 300
264261,BOITE DE 100
264269,1
264317,BOITE DE 100
264322,BOITE DE 300
264378,BOITE DE 50
264379,1
264380,1
264384,BOITE DE 50
264385,BOITE DE 50
264386,BOITE DE 25
264389,1
264408,1
264428,1
264472,1
264477,1
264515,CARTON B DE 4
264544,1
264548,BOITE DE 100
264549,BOITE DE 300
264552,1
264559,1
264571,1
264629,CARTON DE 1500
264630,1
264671,BOITE DE 25
264694,1
264697,1
264708,1
264709,1
264723,1
264724,1
264737,1
264755,1
264777,BOITE DE 300
264794,1
264838,BOITE DE 300
264862,BOITE DE 300
264869,1
264876,1
264879,1
264880,1
264899,1
264906,1
264945,1
264948,1
264951,1
264952,1
264964,1
264970,1
264977,1
264978,CARTON CONTAINER DE 300
265001,PIECE
265002,PIECE
265003,PIECE
265008,PIECE
265009,PIECE
265010,PIECE
265046,CARTON DE 1500
265055,1
265065,1
265092,1
265100,1
265128,PIECE
265129,PIECE
265180,BOITE DE 300
265184,CARTON DE 20
265185,CARTON DE 20
265196,BOITE DE 100
265197,BOITE DE 300
265198,1
265203,CARTON DE 12 PACKS
265207,1
265220,CARTON DE 25
265226,CARTON DE 25
265256,1
265258,1
265264,1
265272,1
265273,1
265302,1
265338,1
265351,1
265376,CARTON DE 12 PACKS
265385,CARTON DE 1500
265408,BOITE DE 100
265439,1
265440,PIECE
265491,1
265517,1
265550,1
265555,1
265585,1
265592,1
265597,1
265600,CARTON B DE 4
265606,CARTON ORIGINE DE 4
265610,CARTON ORIGINE DE 4
265640,1
265707,1
265709,CARTON DE 24 PAQUETS D'ETUIS
265759,1
265762,1
265806,1
265818,1
265955,CARTON DE 25
266025,CARTON DE 24 PAQUETS D'ETUIS
266079,CARTON DE 12 PACKS
266084,CARTON DE 12 PACKS
266098,1
266152,1
266168,1
266179,1
266180,1
266184,1
266201,CARTON DE 25
266253,PIECE
266254,PIECE
266255,PIECE
266256,PIECE
266257,PIECE
266258,PIECE
266259,PIECE
266260,PIECE
266261,PIECE
266262,PIECE
266263,PIECE
266264,PIECE
266265,PIECE
266266,PIECE
266267,PIECE
266268,PIECE
266269,PIECE
266270,PIECE
266271,PIECE
266272,PIECE
266273,PIECE
266274,PIECE
266275,PIECE
266276,PIECE
266277,PIECE
266278,PIECE
266279,PIECE
266280,PIECE
266281,PIECE
266282,PIECE
266283,1
266303,BOITE DE 100
266308,BOITE DE 100
266309,BOITE DE 300
266310,CARTON DE 40
266313,PIECE
266343,1
266346,1
266347,1
266393,PIECE
266394,PIECE
266417,1
266418,1
266423,BOITE DE 300
266424,BOITE DE 100
266429,CARTON DE 24 PAQUETS D'ETUIS
266466,PIECE
266467,PIECE
266468,PIECE
266469,PIECE
266470,PIECE
266471,BOITE DE 50
266472,BOITE DE 50
266473,PIECE
266474,PIECE
266475,PIECE
266499,1
266517,BOITE DE 100
266529,BOITE DE 300
266531,1
266537,CARTON DE 12 PACKS
266543,1
266562,BOITE DE 300
266596,BOITE DE 100
266597,BOITE DE 300
266600,1
266630,SACHET DE 25
266631,SACHET DE 25
266671,SACHET DE 25
266674,CARTON DE 12 PACKS
266718,PIECE
266719,PIECE
266720,PIECE
266751,1
266752,BOITE DE 100
266753,BOITE DE 300
266784,1
266815,1
266817,1
266818,BOITE DE 100
266819,BOITE DE 300
266820,BOITE DE 100
266822,SACHET DE 100
266886,1
266901,CARTON CONTAINER DE 60
266921,1
266956,CARTON DE 12 PACKS
266983,CARTON DE 12 PACKS
266987,CARTON DE 12 PACKS
266991,CARTON DE 12 PACKS
266995,1
267009,CARTON DE 12 PACKS
267013,CARTON DE 12 PACKS
267030,1
267035,CARTON DE 25
267128,1
267138,1
267143,1
267156,BOITE DE 300
267160,BOITE DE 100
267181,PIECE
267182,PIECE
267209,1
267273,1
267278,1
267279,1
267296,1
267331,BOITE DE 100
267332,BOITE DE 300
267339,PIECE
267340,PIECE
267390,CARTON DE 1500
267397,PIECE
267402,CARTON DE 12 PACKS
267405,1
267428,CARTON DE 1500
267451,1
267486,BOITE DE 100
267491,BOITE DE 300
267543,CARTON A DE 50
267556,1
267558,1
267561,1
267562,1
267563,1
267564,1
267565,1
267613,1
267620,1
267631,1
267635,1
267661,1
267676,BOITE DE 300
267737,1
267755,1
267795,CARTON A DE 12
267805,CARTON DE 1500
267811,1
267814,CARTON DE 25
267824,1
267830,1
267831,1
267848,BOITE DE 300
267851,1
267884,1
267917,1
267922,1
267971,1
268013,BOITE DE 50
268014,BOITE DE 25
268015,BOITE DE 25
268016,BOITE DE 25
268017,BOITE DE 50
268018,BOITE DE 50
268019,BOITE DE 50
268020,BOITE DE 25
268021,PIECE
268022,PIECE
268023,PIECE
268024,PIECE
268025,PIECE
268026,PIECE
268027,PIECE
268028,PIECE
268029,PIECE
268030,PIECE
268031,PIECE
268032,PIECE
268033,PIECE
268034,PIECE
268035,PIECE
268036,PIECE
268037,PIECE
268038,PIECE
268039,PIECE
268040,PIECE
268041,PIECE
268042,PIECE
268043,PIECE
268044,PIECE
268045,PIECE
268046,PIECE
268047,PIECE
268048,PIECE
268049,PIECE
268050,PIECE
268051,PIECE
268052,PIECE
268053,PIECE
268054,PIECE
268055,PIECE
268056,PIECE
268057,PIECE
268058,PIECE
268059,PIECE
268060,PIECE
268061,PIECE
268062,PIECE
268063,PIECE
268064,PIECE
268065,PIECE
268066,PIECE
268067,PIECE
268068,PIECE
268069,SACHET DE 100
268070,SACHET DE 100
268071,SACHET DE 100
268072,SACHET DE 25
268073,SACHET DE 25
268074,PIECE
268075,BOITE DE 100
268079,SACHET DE 100
268080,SACHET DE 100
268081,SACHET DE 100
268082,SACHET DE 10
268083,SACHET DE 10
268084,SACHET DE 100
268085,SACHET DE 100
268086,SACHET DE 50
268088,SACHET DE 250
268089,SACHET DE 100
268090,PIECE
268091,PIECE
268092,PIECE
268093,PIECE
268094,SACHET DE 10
268095,SACHET DE 10
268096,SACHET DE 10
268097,PIECE
268099,BOITE DE 300
268100,BOITE DE 100
268110,BOITE DE 50
268111,BOITE DE 25
268112,BOITE DE 25
268113,BOITE DE 25
268114,BOITE DE 50
268115,BOITE DE 50
268116,BOITE DE 50
268117,BOITE DE 25
268179,SACHET DE 10
268180,SACHET DE 10
268183,SACHET DE 50
268187,PIECE
268188,PIECE
268195,1
268197,PIECE
268204,BOITE DE 50
268205,BOITE DE 50
268258,PIECE
268265,PIECE
268267,PIECE
268272,PIECE
268296,BOITE DE 300
268297,BOITE DE 100
268325,1
268327,1
268343,1
268351,BOITE DE 300
268354,BOITE DE 50
268355,BOITE DE 25
268360,BOITE DE 50
268362,PIECE
268363,PIECE
268364,PIECE
268365,PIECE
268366,PIECE
268398,SACHET DE 10
268399,SACHET DE 10
268410,SACHET DE 100
268444,BOITE DE 50
268445,BOITE DE 25
268449,BOITE DE 50
268452,PIECE
268453,PIECE
268454,PIECE
268455,PIECE
268456,PIECE
268457,PIECE
268458,PIECE
268459,PIECE
268460,PIECE
268461,PIECE
268462,PIECE
268490,SACHET DE 10
268491,SACHET DE 10
268492,SACHET DE 10
268496,PIECE
268499,PIECE
268500,PIECE
268503,PIECE
268506,PIECE
268510,PIECE
268511,PIECE
268513,SACHET DE 10
268514,SACHET DE 10
268517,PIECE
268521,PIECE
268524,PIECE
268533,PIECE
268542,BOITE DE 50
268543,BOITE DE 25
268547,BOITE DE 50
268548,BOITE DE 50
268549,BOITE DE 25
268555,PIECE
268556,PIECE
268557,PIECE
268558,PIECE
268559,PIECE
268560,PIECE
268586,SACHET DE 10
268587,SACHET DE 10
268590,SACHET DE 10
268594,PIECE
268595,PIECE
268596,PIECE
268597,PIECE
268598,PIECE
268604,PIECE
268608,PIECE
268611,SACHET DE 10
268612,SACHET DE 10
268615,PIECE
268619,PIECE
268631,PIECE
268632,PIECE
268642,BOITE DE 50
268645,PIECE
268646,PIECE
268647,PIECE
268648,PIECE
268649,PIECE
268683,SACHET DE 10
268684,SACHET DE 10
268704,PIECE
268710,PIECE
268723,PIECE
268749,BOITE DE 12
268752,1
268811,1
268813,1
268818,1
268822,PIECE
268824,BOITE DE 50
268825,BOITE DE 25
268826,BOITE DE 25
268827,BOITE DE 25
268830,BOITE DE 50
268831,BOITE DE 25
268832,PIECE
268833,PIECE
268834,PIECE
268835,PIECE
268836,PIECE
268837,PIECE
268838,PIECE
268839,PIECE
268840,PIECE
268841,PIECE
268842,PIECE
268868,SACHET DE 10
268869,SACHET DE 10
268870,SACHET DE 10
268871,SACHET DE 10
268876,PIECE
268877,PIECE
268878,PIECE
268879,PIECE
268880,PIECE
268883,PIECE
268894,SACHET DE 10
268897,PIECE
268901,PIECE
268904,PIECE
268906,SACHET DE 10
268909,PIECE
268911,PIECE
268912,PIECE
268955,1
268962,PIECE
268963,PIECE
268964,PIECE
268966,SACHET DE 50
268967,SACHET DE 10
268969,SACHET DE 50
269020,CARTON DE 1500
269069,1
269070,BOITE DE 100
269102,CARTON DE 12 PACKS
269112,CARTON DE 12 PACKS
269124,1
269174,1
269208,1
269213,CARTON DE 20
269214,CARTON DE 20
269258,1
269289,1
269370,1
269419,1
269443,1
269456,BOITE DE 300
269473,CARTON DE 12 PACKS
269481,1
269524,1
269527,CARTON DE 20
269528,CARTON DE 20
269529,1
269549,1
269573,1
269575,CARTON DE 12 PACKS
269598,1
269599,1
269604,CARTON DE 12 PACKS
269608,BOITE DE 300
269652,1
269653,1
269654,PIECE
269678,1
269684,1
269686,1
269710,CARTON DE 1500
269741,BOITE DE 100
269753,BOITE DE 300
269800,BOITE DE 100
269823,BOITE DE 300
269825,1
269928,1
269951,PIECE
269952,PIECE
270001,PIECE
270002,PIECE
270003,PIECE
270004,SACHET DE 10
270005,SACHET DE 10
270006,SACHET DE 10
270007,SACHET DE 10
270008,SACHET DE 10
270009,SACHET DE 10
270010,SACHET DE 100
270011,SACHET DE 25
270012,PIECE
270013,PIECE
270014,PIECE
270015,PIECE
270016,PIECE
270017,PIECE
270018,SACHET DE 250
270019,SACHET DE 25
270020,PIECE
270021,SACHET DE 50
270022,SACHET DE 10
270030,PIECE
270033,CARTON DE 12 PACKS
270036,CARTON A DE 40
270074,1
270097,CARTON A DE 40
270114,1
270142,1
270143,1
270167,BOITE DE 300
270185,1
270187,1
270211,1
270213,1
270231,1
270309,CARTON D DE 30
270310,CARTON ORIGINE DE 4
270313,CARTON B DE 4
270326,1
270364,1
270365,PIECE
270366,PIECE
270368,BOITE DE 300
270371,BOITE DE 100
270372,BOITE DE 300
270411,1
270413,BOITE DE 300
270435,BOITE DE 300
270559,PIECE
270560,PIECE
270561,PIECE
270562,PIECE
270563,PIECE
270564,PIECE
270565,PIECE
270566,PIECE
270567,PIECE
270570,1
270585,1
270661,1
270663,1
270679,1
270689,1
270704,1
270715,1
270738,1
270739,BOITE DE 300
270816,1
270850,1
270876,1
270878,BOITE DE 25
270907,1
270908,BOITE DE 25
270917,1
270918,1
270943,1
270947,BOITE DE 100
270948,BOITE DE 300
270949,1
270983,CARTON DE 25
271011,1
271036,BOITE DE 100
271037,BOITE DE 300
271092,BOITE DE 300
271093,1
271098,1
271103,CARTON A DE 50
271130,CARTON DE 25
271136,1
271137,BOITE DE 300
271148,1
271150,1
271164,CARTON DE 12 PACKS
271166,1
271168,1
271174,BOITE DE 300
271242,1
271243,PIECE
271244,PIECE
271245,SACHET DE 10
271246,SACHET DE 10
271247,10
271248,SACHET DE 100
271249,SACHET DE 25
271250,1
271251,BOITE DE 12
271319,1
271339,1
271355,CARTON A DE 50
271358,1
271365,1
271366,1
271369,1
271372,1
271379,BOITE DE 300
271396,CARTON CONTAINER DE 96
271402,CARTON CONTAINER DE 60
271417,1
271461,CARTON DE 1500
271533,1
271549,1
271567,BOITE DE 300
271590,1
271602,CARTON DE 12 PACKS
271607,BOITE DE 100
271645,1
271646,1
271666,1
271669,CARTON DE 12 PACKS
271679,1
271692,BOITE DE 300
271701,1
271714,CARTON DE 12 PACKS
271733,1
271735,1
271757,1
271763,CARTON DE 12 PACKS
271767,PIECE
271783,BOITE DE 100
271798,BOITE DE 300
271835,1
271837,1
271854,1
271892,1
271920,1
271938,1
271939,1
271947,PIECE
271950,BOITE DE 300
271966,1
271984,1
272042,1
272060,1
272077,1
272090,1
272094,1
272100,1
272108,1
272115,1
272138,CARTON DE 12 PACKS
272146,CARTON DE 12 PACKS
272158,1
272204,1
272205,PIECE
272227,1
272239,1
272305,CARTON A DE 40
272339,BOITE DE 100
272340,BOITE DE 300
272365,BOITE DE 12
272400,1
272401,1
272433,1
272434,1
272508,1
272511,1
272512,1
272522,1
272526,1
272530,1
272535,1
272537,1
272540,1
272548,CARTON D DE 30
272572,BOITE DE 300
272574,1
272582,1
272584,PIECE
272683,1
272700,CARTON A DE 50
272767,1
272791,1
272836,1
272849,1
272852,1
272855,1
272863,1
272904,BOITE DE 100
272905,1
272964,1
272965,CARTON CONTAINER DE 60
272966,CARTON CONTAINER DE 60
272968,BOITE DE 300
272982,1
272987,1
273004,CARTON CONTAINER DE 60
273060,CARTON DE 20
273066,CARTON DE 12 PACKS
273067,CARTON DE 12 PACKS
273088,BOITE DE 50
273089,BOITE DE 50
273090,BOITE DE 50
273091,BOITE DE 50
273092,BOITE DE 50
273093,BOITE DE 50
273094,BOITE DE 50
273095,BOITE DE 25
273096,BOITE DE 50
273097,SACHET DE 50
273098,BOITE DE 25
273099,BOITE DE 25
273120,PIECE
273122,PIECE
273123,PIECE
273250,CARTON DE 1500
273312,CARTON DE 1500
273549,CARTON DE 25
273550,BOITE DE 300
273631,BOITE DE 300
273644,CARTON DE 1000
273741,CARTON DE 12 PACKS
273743,CARTON DE 12 PACKS
273871,BOITE DE 100
273872,BOITE DE 300
273956,BOITE DE 100
273957,BOITE DE 300
274083,CARTON CONTAINER DE 60
274084,CARTON CONTAINER DE 60
274141,BOITE DE 300
274154,BOITE DE 100
274155,BOITE DE 300
274162,BOITE DE 12
274242,CARTON DE 12 PACKS
274247,CARTON DE 12 PACKS
274257,BOITE DE 300
274259,BOITE DE 100
274275,BOITE DE 300
274288,BOITE DE 50
274301,CARTON DE 12 PACKS
274330,CARTON B DE 4
274411,CARTON DE 1500
274545,CARTON DE 12 PACKS
274678,SACHET DE 50
274679,BOITE DE 50
274745,CARTON DE 25
274756,CARTON DE 500
274801,PIECE
274802,PIECE
274855,BOITE DE 300
274994,BOITE DE 100
275009,CARTON DE 25
275057,BOITE DE 100
275062,PIECE
275063,PIECE
275064,PIECE
275065,PIECE
275066,PIECE
275067,PIECE
275068,PIECE
275168,PIECE
275325,BOITE DE 300
275378,CARTON DE 12 PACKS
275384,CARTON DE 12 PACKS
275391,CARTON DE 25
275448,CARTON DE 1500
275469,PIECE
275497,CARTON DE 40
275569,BOITE DE 300
275570,BOITE DE 100
275641,CARTON DE 1000
275673,CARTON A DE 50
275769,PIECE
275770,PIECE
275800,CARTON DE 12 PACKS
275807,CARTON DE 12 PACKS
275821,BOITE DE 300
275822,BOITE DE 100
275839,BOITE DE 300
275993,PIECE
275994,PIECE
275995,PIECE
275996,PIECE
275997,PIECE
275998,PIECE
276073,CARTON DE 12 PACKS
276317,CARTON DE 12 PACKS
276323,CARTON DE 24 PAQUETS D'ETUIS
276359,CARTON DE 20
276360,CARTON DE 20
276451,BOITE DE 100
276452,BOITE DE 300
276453,BOITE DE 100
276469,CARTON DE 12 PACKS
276503,CARTON DE 24 PAQUETS D'ETUIS
276540,BOITE DE 100
276610,BOITE DE 100
276614,PIECE
276693,CARTON DE 25
276776,PIECE
276777,PIECE
276778,PIECE
276779,PIECE
276833,CARTON DE 1500
277010,CARTON A DE 40
277013,PIECE
277016,PIECE
277057,BOITE DE 100
277058,BOITE DE 300
277073,BOITE DE 100
277080,BOITE DE 300
277081,BOITE DE 100
277114,CARTON DE 25
277228,CARTON DE 1500
277233,BOITE DE 100
277281,CARTON DE 24 PAQUETS D'ETUIS
277292,CARTON DE 25
277361,PIECE
277393,PIECE
277394,PIECE
277429,BOITE DE 300
277456,BOITE DE 100
277457,BOITE DE 100
277458,SACHET DE 100
277459,BOITE DE 100
277460,BOITE DE 50
277461,BOITE DE 50
277462,BOITE DE 50
277463,BOITE DE 25
277464,SACHET DE 10
277465,SACHET DE 10
277466,PIECE
277467,PIECE
277468,PIECE
277469,PIECE
277470,PIECE
277471,PIECE
277472,PIECE
277473,SACHET DE 10
277474,PIECE
277475,SACHET DE 100
277476,SACHET DE 50
277477,BOITE
277478,BOITE
277479,BOITE
277480,BOITE
277481,SACHET DE 100
277482,SACHET DE 25
277483,SACHET DE 50
277493,CARTON A DE 40
277496,CARTON A DE 40
277511,BOITE DE 50
277513,BOITE DE 100
277514,BOITE DE 100
277515,BOITE DE 100
277516,BOITE DE 100
277517,BOITE DE 100
277518,SACHET DE 100
277519,SACHET DE 100
277520,SACHET DE 100
277521,BOITE DE 100
277522,BOITE DE 100
277523,BOITE DE 100
277524,BOITE DE 100
277525,BOITE DE 100
277526,SACHET DE 100
277527,SACHET DE 100
277528,SACHET DE 100
277533,BOITE DE 100
277534,BOITE DE 100
277535,BOITE DE 100
277536,BOITE DE 100
277537,SACHET DE 100
277538,SACHET DE 100
277539,SACHET DE 100
277545,BOITE DE 100
277546,BOITE DE 100
277547,BOITE DE 100
277548,BOITE DE 100
277549,BOITE DE 100
277550,SACHET DE 100
277551,SACHET DE 100
277552,SACHET DE 100
277560,BOITE DE 50
277577,CARTON A DE 40
277584,CARTON A DE 40
277593,BOITE DE 50
277643,BOITE DE 50
277651,BOITE DE 300
277656,BOITE DE 100
277688,CARTON DE 1500
277732,BOITE DE 300
277791,BOITE
277868,CARTON DE 25
277872,PIECE
277911,CARTON DE 1000
277970,CARTON DE 1500
277986,PIECE
278054,BOITE DE 300
278078,BOITE DE 50
278079,PIECE
278080,PIECE
278081,PIECE
278082,PIECE
278083,PIECE
278084,PIECE
278085,PIECE
278132,CARTON DE 12 PACKS
278133,BOITE DE 300
278135,BOITE DE 300
278138,PIECE
278139,SACHET DE 50
278175,PIECE
278176,PIECE
278177,PIECE
278178,PIECE
278179,PIECE
278180,PIECE
278181,PIECE
278188,BOITE
278189,BOITE
278227,BOITE DE 100
278257,BOITE DE 300
278273,BOITE DE 300
278306,PIECE
278351,PIECE
278367,CARTON DE 12 PACKS
278374,CARTON DE 12 PACKS
278404,BOITE DE 300
278405,BOITE DE 100
278433,CARTON D DE 30
278436,CARTON DE 25
278444,CARTON ORIGINE DE 4
278483,CARTON DE 12 PACKS
278650,BOITE DE 100
278727,BOITE DE 100
278732,BOITE DE 300
278759,CARTON DE 25
278761,BOITE DE 300
278833,SACHET DE 100
278834,BOITE DE 100
278835,BOITE DE 100
278845,CARTON DE 1500
278863,PIECE
278864,PIECE
278939,CARTON CONTAINER DE 80
278980,BOITE DE 100
278997,PIECE
278998,PIECE
278999,PIECE
279000,PIECE
279002,PIECE
279015,BOITE DE 100
279022,PIECE
279141,PIECE
279142,PIECE
279143,SACHET DE 10
279144,SACHET DE 10
279145,SACHET DE 10
279146,SACHET DE 10
279147,SACHET DE 10
279148,SACHET DE 10
279149,SACHET DE 10
279150,SACHET DE 10
279151,SACHET DE 10
279161,PIECE
279162,PIECE
279163,PIECE
279175,PIECE
279208,PIECE
279275,PIECE
279277,BOITE DE 100
279278,BOITE DE 300
279318,BOITE DE 100
279327,CARTON DE 12 PACKS
279334,CARTON DE 12 PACKS
279492,BOITE DE 300
279495,CARTON DE 12 PACKS
279498,CARTON DE 12 PACKS
279506,CARTON DE 12 PACKS
279537,PIECE
279538,PIECE
279539,PIECE
279540,PIECE
279541,PIECE
279542,PIECE
279570,CARTON DE 12 PACKS
279574,CARTON DE 12 PACKS
279606,CARTON DE 12 PACKS
279708,CARTON DE 25
279868,CARTON DE 12 PACKS
279910,PIECE
279931,CARTON DE 40
279934,CARTON DE 1500
280088,CARTON DE 24 PAQUETS D'ETUIS
280131,CARTON DE 20
280132,CARTON DE 20
280156,BOITE DE 300
280171,PIECE
280172,PIECE
280173,PIECE
280174,PIECE
280175,PIECE
280176,SACHET DE 100
280177,SACHET DE 10
280178,PIECE
280179,PIECE
280180,PIECE
280181,PIECE
280182,PIECE
280183,PIECE
280184,PIECE
280185,PIECE
280192,CARTON DE 25
280265,BOITE DE 100
280266,BOITE DE 300
280267,BOITE DE 300
280282,CARTON DE 12 PACKS
280284,CARTON DE 25
280299,CARTON DE 24 PAQUETS D'ETUIS
280362,PIECE
280448,BOITE DE 300
280454,CARTON DE 12 PACKS
280493,PIECE
280625,BOITE DE 300
280629,CARTON DE 1500
280678,BOITE DE 100
280679,BOITE DE 300
280700,CARTON DE 12 PACKS
280768,BOITE DE 12
280801,CARTON DE 1500
280994,BOITE DE 300
280997,PIECE
280998,PIECE
280999,PIECE
281000,PIECE
281001,PIECE
281002,PIECE
281003,PIECE
281004,PIECE
281005,PIECE
281099,BOITE DE 100
281107,BOITE DE 100
281154,CARTON ORIGINE DE 4
281158,CARTON D DE 30
281374,CARTON A DE 40
281383,BOITE DE 300
281395,CARTON DE 24 PAQUETS D'ETUIS
281499,BOITE DE 300
281522,BOITE DE 50
281524,BOITE DE 50
281542,BOITE DE 50
281544,BOITE DE 50
281697,PIECE
